test,fold,test_from,ticker,n,acc_%,baseline_%,edge_pp,wacc_%,wacc_base_%,wedge_pp,strategy_ret_%,buyhold_ret_%,position_flips,strategy_net_10bps_%,strategy_net_25bps_%,strategy_net_50bps_%
1-CONTEMPORANEOUS (today from today),0,2017-01,CFIN,104,63.5,67.3,-3.8,,,,,,,,,
1-CONTEMPORANEOUS (today from today),0,2017-01,COMB,113,62.8,64.6,-1.8,,,,,,,,,
1-CONTEMPORANEOUS (today from today),0,2017-01,HNB,101,59.4,55.4,4.0,,,,,,,,,
1-CONTEMPORANEOUS (today from today),0,2017-01,LFIN,101,60.4,58.4,2.0,,,,,,,,,
1-CONTEMPORANEOUS (today from today),0,2017-01,LOFC,100,59.0,71.0,-12.0,,,,,,,,,
1-CONTEMPORANEOUS (today from today),0,2017-01,LOLC,104,70.2,51.9,18.3,,,,,,,,,
1-CONTEMPORANEOUS (today from today),0,2017-01,SAMP,114,59.6,50.9,8.8,,,,,,,,,
1-CONTEMPORANEOUS (today from today),1,2017-07,CFIN,101,65.3,62.4,3.0,,,,,,,,,
1-CONTEMPORANEOUS (today from today),1,2017-07,COMB,120,66.7,63.3,3.3,,,,,,,,,
1-CONTEMPORANEOUS (today from today),1,2017-07,HNB,116,62.9,57.8,5.2,,,,,,,,,
1-CONTEMPORANEOUS (today from today),1,2017-07,LFIN,83,66.3,66.3,0.0,,,,,,,,,
1-CONTEMPORANEOUS (today from today),1,2017-07,LOFC,103,69.9,72.8,-2.9,,,,,,,,,
1-CONTEMPORANEOUS (today from today),1,2017-07,LOLC,114,71.1,67.5,3.5,,,,,,,,,
1-CONTEMPORANEOUS (today from today),1,2017-07,SAMP,117,62.4,53.8,8.5,,,,,,,,,
1-CONTEMPORANEOUS (today from today),2,2018-01,CFIN,101,58.4,59.4,-1.0,,,,,,,,,
1-CONTEMPORANEOUS (today from today),2,2018-01,COMB,115,62.6,60.9,1.7,,,,,,,,,
1-CONTEMPORANEOUS (today from today),2,2018-01,HNB,106,59.4,68.9,-9.4,,,,,,,,,
1-CONTEMPORANEOUS (today from today),2,2018-01,LFIN,91,54.9,56.0,-1.1,,,,,,,,,
1-CONTEMPORANEOUS (today from today),2,2018-01,LOFC,103,59.2,71.8,-12.6,,,,,,,,,
1-CONTEMPORANEOUS (today from today),2,2018-01,LOLC,100,69.0,73.0,-4.0,,,,,,,,,
1-CONTEMPORANEOUS (today from today),2,2018-01,SAMP,116,62.9,57.8,5.2,,,,,,,,,
1-CONTEMPORANEOUS (today from today),3,2018-07,CFIN,100,58.0,68.0,-10.0,,,,,,,,,
1-CONTEMPORANEOUS (today from today),3,2018-07,COMB,121,71.1,63.6,7.4,,,,,,,,,
1-CONTEMPORANEOUS (today from today),3,2018-07,HNB,105,68.6,61.0,7.6,,,,,,,,,
1-CONTEMPORANEOUS (today from today),3,2018-07,LFIN,86,72.1,58.1,14.0,,,,,,,,,
1-CONTEMPORANEOUS (today from today),3,2018-07,LOFC,104,64.4,72.1,-7.7,,,,,,,,,
1-CONTEMPORANEOUS (today from today),3,2018-07,LOLC,95,71.6,62.1,9.5,,,,,,,,,
1-CONTEMPORANEOUS (today from today),3,2018-07,SAMP,123,66.7,61.0,5.7,,,,,,,,,
1-CONTEMPORANEOUS (today from today),4,2019-01,CFIN,96,64.6,62.5,2.1,,,,,,,,,
1-CONTEMPORANEOUS (today from today),4,2019-01,COMB,115,59.1,71.3,-12.2,,,,,,,,,
1-CONTEMPORANEOUS (today from today),4,2019-01,HNB,110,66.4,77.3,-10.9,,,,,,,,,
1-CONTEMPORANEOUS (today from today),4,2019-01,LFIN,94,61.7,64.9,-3.2,,,,,,,,,
1-CONTEMPORANEOUS (today from today),4,2019-01,LOFC,94,63.8,68.1,-4.3,,,,,,,,,
1-CONTEMPORANEOUS (today from today),4,2019-01,LOLC,93,59.1,63.4,-4.3,,,,,,,,,
1-CONTEMPORANEOUS (today from today),4,2019-01,SAMP,116,67.2,62.1,5.2,,,,,,,,,
1-CONTEMPORANEOUS (today from today),5,2019-07,CFIN,101,48.5,52.5,-4.0,,,,,,,,,
1-CONTEMPORANEOUS (today from today),5,2019-07,COMB,123,65.9,62.6,3.3,,,,,,,,,
1-CONTEMPORANEOUS (today from today),5,2019-07,HNB,119,72.3,58.8,13.4,,,,,,,,,
1-CONTEMPORANEOUS (today from today),5,2019-07,LFIN,97,60.8,53.6,7.2,,,,,,,,,
1-CONTEMPORANEOUS (today from today),5,2019-07,LOFC,118,53.4,74.6,-21.2,,,,,,,,,
1-CONTEMPORANEOUS (today from today),5,2019-07,LOLC,113,63.7,54.0,9.7,,,,,,,,,
1-CONTEMPORANEOUS (today from today),5,2019-07,SAMP,123,77.2,54.5,22.8,,,,,,,,,
1-CONTEMPORANEOUS (today from today),6,2020-01,CFIN,62,64.5,72.6,-8.1,,,,,,,,,
1-CONTEMPORANEOUS (today from today),6,2020-01,COMB,82,70.7,54.9,15.9,,,,,,,,,
1-CONTEMPORANEOUS (today from today),6,2020-01,HNB,80,71.2,68.8,2.5,,,,,,,,,
1-CONTEMPORANEOUS (today from today),6,2020-01,LFIN,71,59.2,60.6,-1.4,,,,,,,,,
1-CONTEMPORANEOUS (today from today),6,2020-01,LOFC,78,67.9,71.8,-3.8,,,,,,,,,
1-CONTEMPORANEOUS (today from today),6,2020-01,LOLC,82,81.7,65.9,15.9,,,,,,,,,
1-CONTEMPORANEOUS (today from today),6,2020-01,SAMP,82,76.8,51.2,25.6,,,,,,,,,
1-CONTEMPORANEOUS (today from today),7,2020-07,CFIN,122,71.3,57.4,13.9,,,,,,,,,
1-CONTEMPORANEOUS (today from today),7,2020-07,COMB,125,69.6,57.6,12.0,,,,,,,,,
1-CONTEMPORANEOUS (today from today),7,2020-07,HNB,125,73.6,50.4,23.2,,,,,,,,,
1-CONTEMPORANEOUS (today from today),7,2020-07,LFIN,125,60.0,54.4,5.6,,,,,,,,,
1-CONTEMPORANEOUS (today from today),7,2020-07,LOFC,125,56.0,72.0,-16.0,,,,,,,,,
1-CONTEMPORANEOUS (today from today),7,2020-07,LOLC,125,72.8,56.0,16.8,,,,,,,,,
1-CONTEMPORANEOUS (today from today),7,2020-07,SAMP,125,68.0,57.6,10.4,,,,,,,,,
1-CONTEMPORANEOUS (today from today),8,2021-01,CFIN,113,59.3,54.9,4.4,,,,,,,,,
1-CONTEMPORANEOUS (today from today),8,2021-01,COMB,114,66.7,52.6,14.0,,,,,,,,,
1-CONTEMPORANEOUS (today from today),8,2021-01,HNB,114,64.9,57.0,7.9,,,,,,,,,
1-CONTEMPORANEOUS (today from today),8,2021-01,LFIN,110,72.7,50.9,21.8,,,,,,,,,
1-CONTEMPORANEOUS (today from today),8,2021-01,LOFC,114,71.9,59.6,12.3,,,,,,,,,
1-CONTEMPORANEOUS (today from today),8,2021-01,LOLC,114,87.7,50.9,36.8,,,,,,,,,
1-CONTEMPORANEOUS (today from today),8,2021-01,SAMP,111,62.2,59.5,2.7,,,,,,,,,
1-CONTEMPORANEOUS (today from today),9,2021-07,CFIN,124,67.7,55.6,12.1,,,,,,,,,
1-CONTEMPORANEOUS (today from today),9,2021-07,COMB,124,53.2,60.5,-7.3,,,,,,,,,
1-CONTEMPORANEOUS (today from today),9,2021-07,HNB,124,57.3,59.7,-2.4,,,,,,,,,
1-CONTEMPORANEOUS (today from today),9,2021-07,LFIN,124,63.7,52.4,11.3,,,,,,,,,
1-CONTEMPORANEOUS (today from today),9,2021-07,LOFC,124,71.0,62.9,8.1,,,,,,,,,
1-CONTEMPORANEOUS (today from today),9,2021-07,LOLC,124,72.6,48.4,24.2,,,,,,,,,
1-CONTEMPORANEOUS (today from today),9,2021-07,SAMP,124,56.5,55.6,0.8,,,,,,,,,
1-CONTEMPORANEOUS (today from today),10,2022-01,CFIN,95,72.6,65.3,7.4,,,,,,,,,
1-CONTEMPORANEOUS (today from today),10,2022-01,COMB,95,69.5,56.8,12.6,,,,,,,,,
1-CONTEMPORANEOUS (today from today),10,2022-01,HNB,95,58.9,63.2,-4.2,,,,,,,,,
1-CONTEMPORANEOUS (today from today),10,2022-01,LFIN,95,70.5,62.1,8.4,,,,,,,,,
1-CONTEMPORANEOUS (today from today),10,2022-01,LOFC,94,72.3,59.6,12.8,,,,,,,,,
1-CONTEMPORANEOUS (today from today),10,2022-01,LOLC,95,75.8,62.1,13.7,,,,,,,,,
1-CONTEMPORANEOUS (today from today),10,2022-01,SAMP,107,68.2,64.5,3.7,,,,,,,,,
1-CONTEMPORANEOUS (today from today),11,2022-07,CFIN,96,66.7,55.2,11.5,,,,,,,,,
1-CONTEMPORANEOUS (today from today),11,2022-07,COMB,98,59.2,56.1,3.1,,,,,,,,,
1-CONTEMPORANEOUS (today from today),11,2022-07,HNB,98,58.2,54.1,4.1,,,,,,,,,
1-CONTEMPORANEOUS (today from today),11,2022-07,LFIN,97,63.9,52.6,11.3,,,,,,,,,
1-CONTEMPORANEOUS (today from today),11,2022-07,LOFC,96,63.5,63.5,0.0,,,,,,,,,
1-CONTEMPORANEOUS (today from today),11,2022-07,LOLC,97,66.0,57.7,8.2,,,,,,,,,
1-CONTEMPORANEOUS (today from today),11,2022-07,SAMP,124,70.2,59.7,10.5,,,,,,,,,
1-CONTEMPORANEOUS (today from today),12,2023-01,CFIN,116,66.4,56.0,10.3,,,,,,,,,
1-CONTEMPORANEOUS (today from today),12,2023-01,COMB,119,75.6,58.0,17.6,,,,,,,,,
1-CONTEMPORANEOUS (today from today),12,2023-01,HNB,117,75.2,50.4,24.8,,,,,,,,,
1-CONTEMPORANEOUS (today from today),12,2023-01,LFIN,119,68.9,55.5,13.4,,,,,,,,,
1-CONTEMPORANEOUS (today from today),12,2023-01,LOFC,119,69.7,74.8,-5.0,,,,,,,,,
1-CONTEMPORANEOUS (today from today),12,2023-01,LOLC,119,72.3,58.8,13.4,,,,,,,,,
1-CONTEMPORANEOUS (today from today),12,2023-01,SAMP,119,71.4,49.6,21.8,,,,,,,,,
1-CONTEMPORANEOUS (today from today),13,2023-07,CFIN,123,65.9,55.3,10.6,,,,,,,,,
1-CONTEMPORANEOUS (today from today),13,2023-07,COMB,123,82.9,51.2,31.7,,,,,,,,,
1-CONTEMPORANEOUS (today from today),13,2023-07,HNB,123,74.0,58.5,15.4,,,,,,,,,
1-CONTEMPORANEOUS (today from today),13,2023-07,LFIN,123,69.9,52.0,17.9,,,,,,,,,
1-CONTEMPORANEOUS (today from today),13,2023-07,LOFC,123,66.7,78.9,-12.2,,,,,,,,,
1-CONTEMPORANEOUS (today from today),13,2023-07,LOLC,123,57.7,60.2,-2.4,,,,,,,,,
1-CONTEMPORANEOUS (today from today),13,2023-07,SAMP,123,77.2,61.0,16.3,,,,,,,,,
1-CONTEMPORANEOUS (today from today),14,2024-01,CFIN,115,72.2,55.7,16.5,,,,,,,,,
1-CONTEMPORANEOUS (today from today),14,2024-01,COMB,115,69.6,54.8,14.8,,,,,,,,,
1-CONTEMPORANEOUS (today from today),14,2024-01,HNB,115,73.9,56.5,17.4,,,,,,,,,
1-CONTEMPORANEOUS (today from today),14,2024-01,LFIN,115,63.5,51.3,12.2,,,,,,,,,
1-CONTEMPORANEOUS (today from today),14,2024-01,LOFC,115,68.7,66.1,2.6,,,,,,,,,
1-CONTEMPORANEOUS (today from today),14,2024-01,LOLC,115,70.4,67.0,3.5,,,,,,,,,
1-CONTEMPORANEOUS (today from today),14,2024-01,SAMP,115,67.8,52.2,15.7,,,,,,,,,
1-CONTEMPORANEOUS (today from today),15,2024-07,CFIN,125,68.8,57.6,11.2,,,,,,,,,
1-CONTEMPORANEOUS (today from today),15,2024-07,COMB,121,78.5,52.9,25.6,,,,,,,,,
1-CONTEMPORANEOUS (today from today),15,2024-07,HNB,125,75.2,48.0,27.2,,,,,,,,,
1-CONTEMPORANEOUS (today from today),15,2024-07,LFIN,125,68.0,48.8,19.2,,,,,,,,,
1-CONTEMPORANEOUS (today from today),15,2024-07,LOFC,125,72.8,70.4,2.4,,,,,,,,,
1-CONTEMPORANEOUS (today from today),15,2024-07,LOLC,125,73.6,54.4,19.2,,,,,,,,,
1-CONTEMPORANEOUS (today from today),15,2024-07,SAMP,125,73.6,47.2,26.4,,,,,,,,,
1-CONTEMPORANEOUS (today from today),16,2025-01,CFIN,114,77.2,54.4,22.8,,,,,,,,,
1-CONTEMPORANEOUS (today from today),16,2025-01,COMB,114,82.5,43.9,38.6,,,,,,,,,
1-CONTEMPORANEOUS (today from today),16,2025-01,HNB,114,79.8,55.3,24.6,,,,,,,,,
1-CONTEMPORANEOUS (today from today),16,2025-01,LFIN,114,74.6,48.2,26.3,,,,,,,,,
1-CONTEMPORANEOUS (today from today),16,2025-01,LOFC,114,69.3,69.3,0.0,,,,,,,,,
1-CONTEMPORANEOUS (today from today),16,2025-01,LOLC,114,71.9,61.4,10.5,,,,,,,,,
1-CONTEMPORANEOUS (today from today),16,2025-01,SAMP,114,77.2,50.9,26.3,,,,,,,,,
1-CONTEMPORANEOUS (today from today),17,2025-07,CFIN,124,59.7,59.7,0.0,,,,,,,,,
1-CONTEMPORANEOUS (today from today),17,2025-07,COMB,124,66.9,57.3,9.7,,,,,,,,,
1-CONTEMPORANEOUS (today from today),17,2025-07,HNB,124,73.4,48.4,25.0,,,,,,,,,
1-CONTEMPORANEOUS (today from today),17,2025-07,LFIN,124,61.3,54.8,6.5,,,,,,,,,
1-CONTEMPORANEOUS (today from today),17,2025-07,LOFC,124,57.3,78.2,-21.0,,,,,,,,,
1-CONTEMPORANEOUS (today from today),17,2025-07,LOLC,124,60.5,58.9,1.6,,,,,,,,,
1-CONTEMPORANEOUS (today from today),17,2025-07,SAMP,124,74.2,50.0,24.2,,,,,,,,,
1-CONTEMPORANEOUS (today from today),18,2026-01,CFIN,118,66.1,67.8,-1.7,,,,,,,,,
1-CONTEMPORANEOUS (today from today),18,2026-01,COMB,118,69.5,53.4,16.1,,,,,,,,,
1-CONTEMPORANEOUS (today from today),18,2026-01,HNB,118,73.7,66.9,6.8,,,,,,,,,
1-CONTEMPORANEOUS (today from today),18,2026-01,LFIN,118,72.9,58.5,14.4,,,,,,,,,
1-CONTEMPORANEOUS (today from today),18,2026-01,LOFC,118,67.8,73.7,-5.9,,,,,,,,,
1-CONTEMPORANEOUS (today from today),18,2026-01,LOLC,118,73.7,61.0,12.7,,,,,,,,,
1-CONTEMPORANEOUS (today from today),18,2026-01,SAMP,118,77.1,59.3,17.8,,,,,,,,,
1-LAGGED (today from yesterday),0,2017-01,CFIN,104,62.5,67.3,-4.8,,,,,,,,,
1-LAGGED (today from yesterday),0,2017-01,COMB,113,49.6,64.6,-15.0,,,,,,,,,
1-LAGGED (today from yesterday),0,2017-01,HNB,101,60.4,55.4,5.0,,,,,,,,,
1-LAGGED (today from yesterday),0,2017-01,LFIN,101,51.5,58.4,-6.9,,,,,,,,,
1-LAGGED (today from yesterday),0,2017-01,LOFC,100,69.0,71.0,-2.0,,,,,,,,,
1-LAGGED (today from yesterday),0,2017-01,LOLC,104,51.0,51.9,-1.0,,,,,,,,,
1-LAGGED (today from yesterday),0,2017-01,SAMP,114,58.8,50.9,7.9,,,,,,,,,
1-LAGGED (today from yesterday),1,2017-07,CFIN,101,53.5,62.4,-8.9,,,,,,,,,
1-LAGGED (today from yesterday),1,2017-07,COMB,120,50.8,63.3,-12.5,,,,,,,,,
1-LAGGED (today from yesterday),1,2017-07,HNB,116,51.7,57.8,-6.0,,,,,,,,,
1-LAGGED (today from yesterday),1,2017-07,LFIN,83,57.8,66.3,-8.4,,,,,,,,,
1-LAGGED (today from yesterday),1,2017-07,LOFC,103,75.7,72.8,2.9,,,,,,,,,
1-LAGGED (today from yesterday),1,2017-07,LOLC,114,57.9,67.5,-9.6,,,,,,,,,
1-LAGGED (today from yesterday),1,2017-07,SAMP,117,53.0,53.8,-0.9,,,,,,,,,
1-LAGGED (today from yesterday),2,2018-01,CFIN,101,58.4,59.4,-1.0,,,,,,,,,
1-LAGGED (today from yesterday),2,2018-01,COMB,115,54.8,60.9,-6.1,,,,,,,,,
1-LAGGED (today from yesterday),2,2018-01,HNB,106,50.9,68.9,-17.9,,,,,,,,,
1-LAGGED (today from yesterday),2,2018-01,LFIN,91,50.5,56.0,-5.5,,,,,,,,,
1-LAGGED (today from yesterday),2,2018-01,LOFC,103,72.8,71.8,1.0,,,,,,,,,
1-LAGGED (today from yesterday),2,2018-01,LOLC,100,61.0,73.0,-12.0,,,,,,,,,
1-LAGGED (today from yesterday),2,2018-01,SAMP,116,50.0,57.8,-7.8,,,,,,,,,
1-LAGGED (today from yesterday),3,2018-07,CFIN,100,63.0,68.0,-5.0,,,,,,,,,
1-LAGGED (today from yesterday),3,2018-07,COMB,121,60.3,63.6,-3.3,,,,,,,,,
1-LAGGED (today from yesterday),3,2018-07,HNB,105,64.8,61.0,3.8,,,,,,,,,
1-LAGGED (today from yesterday),3,2018-07,LFIN,86,52.3,58.1,-5.8,,,,,,,,,
1-LAGGED (today from yesterday),3,2018-07,LOFC,104,65.4,72.1,-6.7,,,,,,,,,
1-LAGGED (today from yesterday),3,2018-07,LOLC,95,53.7,62.1,-8.4,,,,,,,,,
1-LAGGED (today from yesterday),3,2018-07,SAMP,123,53.7,61.0,-7.3,,,,,,,,,
1-LAGGED (today from yesterday),4,2019-01,CFIN,96,61.5,62.5,-1.0,,,,,,,,,
1-LAGGED (today from yesterday),4,2019-01,COMB,115,48.7,71.3,-22.6,,,,,,,,,
1-LAGGED (today from yesterday),4,2019-01,HNB,110,47.3,77.3,-30.0,,,,,,,,,
1-LAGGED (today from yesterday),4,2019-01,LFIN,94,55.3,64.9,-9.6,,,,,,,,,
1-LAGGED (today from yesterday),4,2019-01,LOFC,94,71.3,68.1,3.2,,,,,,,,,
1-LAGGED (today from yesterday),4,2019-01,LOLC,93,74.2,63.4,10.8,,,,,,,,,
1-LAGGED (today from yesterday),4,2019-01,SAMP,116,48.3,62.1,-13.8,,,,,,,,,
1-LAGGED (today from yesterday),5,2019-07,CFIN,101,73.3,52.5,20.8,,,,,,,,,
1-LAGGED (today from yesterday),5,2019-07,COMB,123,44.7,62.6,-17.9,,,,,,,,,
1-LAGGED (today from yesterday),5,2019-07,HNB,119,52.9,58.8,-5.9,,,,,,,,,
1-LAGGED (today from yesterday),5,2019-07,LFIN,97,57.7,53.6,4.1,,,,,,,,,
1-LAGGED (today from yesterday),5,2019-07,LOFC,118,74.6,74.6,0.0,,,,,,,,,
1-LAGGED (today from yesterday),5,2019-07,LOLC,113,56.6,54.0,2.7,,,,,,,,,
1-LAGGED (today from yesterday),5,2019-07,SAMP,123,43.9,54.5,-10.6,,,,,,,,,
1-LAGGED (today from yesterday),6,2020-01,CFIN,62,53.2,72.6,-19.4,,,,,,,,,
1-LAGGED (today from yesterday),6,2020-01,COMB,82,50.0,54.9,-4.9,,,,,,,,,
1-LAGGED (today from yesterday),6,2020-01,HNB,80,56.2,68.8,-12.5,,,,,,,,,
1-LAGGED (today from yesterday),6,2020-01,LFIN,71,54.9,60.6,-5.6,,,,,,,,,
1-LAGGED (today from yesterday),6,2020-01,LOFC,78,64.1,71.8,-7.7,,,,,,,,,
1-LAGGED (today from yesterday),6,2020-01,LOLC,82,64.6,65.9,-1.2,,,,,,,,,
1-LAGGED (today from yesterday),6,2020-01,SAMP,82,40.2,51.2,-11.0,,,,,,,,,
1-LAGGED (today from yesterday),7,2020-07,CFIN,122,57.4,57.4,0.0,,,,,,,,,
1-LAGGED (today from yesterday),7,2020-07,COMB,125,49.6,57.6,-8.0,,,,,,,,,
1-LAGGED (today from yesterday),7,2020-07,HNB,125,54.4,50.4,4.0,,,,,,,,,
1-LAGGED (today from yesterday),7,2020-07,LFIN,125,53.6,54.4,-0.8,,,,,,,,,
1-LAGGED (today from yesterday),7,2020-07,LOFC,125,62.4,72.0,-9.6,,,,,,,,,
1-LAGGED (today from yesterday),7,2020-07,LOLC,125,50.4,56.0,-5.6,,,,,,,,,
1-LAGGED (today from yesterday),7,2020-07,SAMP,125,55.2,57.6,-2.4,,,,,,,,,
1-LAGGED (today from yesterday),8,2021-01,CFIN,113,62.8,54.9,8.0,,,,,,,,,
1-LAGGED (today from yesterday),8,2021-01,COMB,114,48.2,52.6,-4.4,,,,,,,,,
1-LAGGED (today from yesterday),8,2021-01,HNB,114,53.5,57.0,-3.5,,,,,,,,,
1-LAGGED (today from yesterday),8,2021-01,LFIN,110,57.3,50.9,6.4,,,,,,,,,
1-LAGGED (today from yesterday),8,2021-01,LOFC,114,56.1,59.6,-3.5,,,,,,,,,
1-LAGGED (today from yesterday),8,2021-01,LOLC,114,58.8,50.9,7.9,,,,,,,,,
1-LAGGED (today from yesterday),8,2021-01,SAMP,111,54.1,59.5,-5.4,,,,,,,,,
1-LAGGED (today from yesterday),9,2021-07,CFIN,124,47.6,55.6,-8.1,,,,,,,,,
1-LAGGED (today from yesterday),9,2021-07,COMB,124,41.1,60.5,-19.4,,,,,,,,,
1-LAGGED (today from yesterday),9,2021-07,HNB,124,47.6,59.7,-12.1,,,,,,,,,
1-LAGGED (today from yesterday),9,2021-07,LFIN,124,54.0,52.4,1.6,,,,,,,,,
1-LAGGED (today from yesterday),9,2021-07,LOFC,124,57.3,62.9,-5.6,,,,,,,,,
1-LAGGED (today from yesterday),9,2021-07,LOLC,124,51.6,48.4,3.2,,,,,,,,,
1-LAGGED (today from yesterday),9,2021-07,SAMP,124,47.6,55.6,-8.1,,,,,,,,,
1-LAGGED (today from yesterday),10,2022-01,CFIN,95,53.7,65.3,-11.6,,,,,,,,,
1-LAGGED (today from yesterday),10,2022-01,COMB,95,49.5,56.8,-7.4,,,,,,,,,
1-LAGGED (today from yesterday),10,2022-01,HNB,95,52.6,63.2,-10.5,,,,,,,,,
1-LAGGED (today from yesterday),10,2022-01,LFIN,95,60.0,62.1,-2.1,,,,,,,,,
1-LAGGED (today from yesterday),10,2022-01,LOFC,94,56.4,59.6,-3.2,,,,,,,,,
1-LAGGED (today from yesterday),10,2022-01,LOLC,95,54.7,62.1,-7.4,,,,,,,,,
1-LAGGED (today from yesterday),10,2022-01,SAMP,107,63.6,64.5,-0.9,,,,,,,,,
1-LAGGED (today from yesterday),11,2022-07,CFIN,96,59.4,55.2,4.2,,,,,,,,,
1-LAGGED (today from yesterday),11,2022-07,COMB,98,53.1,56.1,-3.1,,,,,,,,,
1-LAGGED (today from yesterday),11,2022-07,HNB,98,61.2,54.1,7.1,,,,,,,,,
1-LAGGED (today from yesterday),11,2022-07,LFIN,97,59.8,52.6,7.2,,,,,,,,,
1-LAGGED (today from yesterday),11,2022-07,LOFC,96,53.1,63.5,-10.4,,,,,,,,,
1-LAGGED (today from yesterday),11,2022-07,LOLC,97,52.6,57.7,-5.2,,,,,,,,,
1-LAGGED (today from yesterday),11,2022-07,SAMP,124,54.8,59.7,-4.8,,,,,,,,,
1-LAGGED (today from yesterday),12,2023-01,CFIN,116,56.9,56.0,0.9,,,,,,,,,
1-LAGGED (today from yesterday),12,2023-01,COMB,119,58.8,58.0,0.8,,,,,,,,,
1-LAGGED (today from yesterday),12,2023-01,HNB,117,51.3,50.4,0.9,,,,,,,,,
1-LAGGED (today from yesterday),12,2023-01,LFIN,119,64.7,55.5,9.2,,,,,,,,,
1-LAGGED (today from yesterday),12,2023-01,LOFC,119,66.4,74.8,-8.4,,,,,,,,,
1-LAGGED (today from yesterday),12,2023-01,LOLC,119,52.9,58.8,-5.9,,,,,,,,,
1-LAGGED (today from yesterday),12,2023-01,SAMP,119,60.5,49.6,10.9,,,,,,,,,
1-LAGGED (today from yesterday),13,2023-07,CFIN,123,67.5,55.3,12.2,,,,,,,,,
1-LAGGED (today from yesterday),13,2023-07,COMB,123,55.3,51.2,4.1,,,,,,,,,
1-LAGGED (today from yesterday),13,2023-07,HNB,123,52.0,58.5,-6.5,,,,,,,,,
1-LAGGED (today from yesterday),13,2023-07,LFIN,123,58.5,52.0,6.5,,,,,,,,,
1-LAGGED (today from yesterday),13,2023-07,LOFC,123,74.8,78.9,-4.1,,,,,,,,,
1-LAGGED (today from yesterday),13,2023-07,LOLC,123,54.5,60.2,-5.7,,,,,,,,,
1-LAGGED (today from yesterday),13,2023-07,SAMP,123,54.5,61.0,-6.5,,,,,,,,,
1-LAGGED (today from yesterday),14,2024-01,CFIN,115,54.8,55.7,-0.9,,,,,,,,,
1-LAGGED (today from yesterday),14,2024-01,COMB,115,56.5,54.8,1.7,,,,,,,,,
1-LAGGED (today from yesterday),14,2024-01,HNB,115,52.2,56.5,-4.3,,,,,,,,,
1-LAGGED (today from yesterday),14,2024-01,LFIN,115,53.0,51.3,1.7,,,,,,,,,
1-LAGGED (today from yesterday),14,2024-01,LOFC,115,57.4,66.1,-8.7,,,,,,,,,
1-LAGGED (today from yesterday),14,2024-01,LOLC,115,52.2,67.0,-14.8,,,,,,,,,
1-LAGGED (today from yesterday),14,2024-01,SAMP,115,51.3,52.2,-0.9,,,,,,,,,
1-LAGGED (today from yesterday),15,2024-07,CFIN,125,59.2,57.6,1.6,,,,,,,,,
1-LAGGED (today from yesterday),15,2024-07,COMB,121,60.3,52.9,7.4,,,,,,,,,
1-LAGGED (today from yesterday),15,2024-07,HNB,125,61.6,48.0,13.6,,,,,,,,,
1-LAGGED (today from yesterday),15,2024-07,LFIN,125,64.0,48.8,15.2,,,,,,,,,
1-LAGGED (today from yesterday),15,2024-07,LOFC,125,58.4,70.4,-12.0,,,,,,,,,
1-LAGGED (today from yesterday),15,2024-07,LOLC,125,63.2,54.4,8.8,,,,,,,,,
1-LAGGED (today from yesterday),15,2024-07,SAMP,125,63.2,47.2,16.0,,,,,,,,,
1-LAGGED (today from yesterday),16,2025-01,CFIN,114,52.6,54.4,-1.8,,,,,,,,,
1-LAGGED (today from yesterday),16,2025-01,COMB,114,57.0,43.9,13.2,,,,,,,,,
1-LAGGED (today from yesterday),16,2025-01,HNB,114,56.1,55.3,0.9,,,,,,,,,
1-LAGGED (today from yesterday),16,2025-01,LFIN,114,61.4,48.2,13.2,,,,,,,,,
1-LAGGED (today from yesterday),16,2025-01,LOFC,114,51.8,69.3,-17.5,,,,,,,,,
1-LAGGED (today from yesterday),16,2025-01,LOLC,114,49.1,61.4,-12.3,,,,,,,,,
1-LAGGED (today from yesterday),16,2025-01,SAMP,114,55.3,50.9,4.4,,,,,,,,,
1-LAGGED (today from yesterday),17,2025-07,CFIN,124,50.8,59.7,-8.9,,,,,,,,,
1-LAGGED (today from yesterday),17,2025-07,COMB,124,47.6,57.3,-9.7,,,,,,,,,
1-LAGGED (today from yesterday),17,2025-07,HNB,124,51.6,48.4,3.2,,,,,,,,,
1-LAGGED (today from yesterday),17,2025-07,LFIN,124,49.2,54.8,-5.6,,,,,,,,,
1-LAGGED (today from yesterday),17,2025-07,LOFC,124,57.3,78.2,-21.0,,,,,,,,,
1-LAGGED (today from yesterday),17,2025-07,LOLC,124,52.4,58.9,-6.5,,,,,,,,,
1-LAGGED (today from yesterday),17,2025-07,SAMP,124,51.6,50.0,1.6,,,,,,,,,
1-LAGGED (today from yesterday),18,2026-01,CFIN,118,51.7,67.8,-16.1,,,,,,,,,
1-LAGGED (today from yesterday),18,2026-01,COMB,118,51.7,53.4,-1.7,,,,,,,,,
1-LAGGED (today from yesterday),18,2026-01,HNB,118,46.6,66.9,-20.3,,,,,,,,,
1-LAGGED (today from yesterday),18,2026-01,LFIN,118,53.4,58.5,-5.1,,,,,,,,,
1-LAGGED (today from yesterday),18,2026-01,LOFC,118,69.5,73.7,-4.2,,,,,,,,,
1-LAGGED (today from yesterday),18,2026-01,LOLC,118,58.5,61.0,-2.5,,,,,,,,,
1-LAGGED (today from yesterday),18,2026-01,SAMP,118,55.1,59.3,-4.2,,,,,,,,,
2-BINARY h=1,0,2017-01,CFIN,104,59.6,67.3,-7.7,62.0,53.0,9.0,25.29,-6.36,40.0,21.29,15.29,5.29
2-BINARY h=1,0,2017-01,COMB,113,46.0,64.6,-18.6,38.2,51.8,-13.6,-20.74,-3.18,38.0,-24.54,-30.24,-39.74
2-BINARY h=1,0,2017-01,HNB,101,63.4,55.4,7.9,60.2,43.9,16.3,13.46,8.13,36.0,9.86,4.46,-4.54
2-BINARY h=1,0,2017-01,LFIN,101,54.5,58.4,-4.0,46.4,44.9,1.5,-5.99,8.42,36.0,-9.59,-14.99,-23.99
2-BINARY h=1,0,2017-01,LOFC,100,67.0,71.0,-4.0,53.4,39.4,14.0,17.89,56.36,27.0,15.19,11.14,4.39
2-BINARY h=1,0,2017-01,LOLC,104,51.0,52.9,-1.9,46.9,36.6,10.3,-12.05,52.16,39.0,-15.95,-21.8,-31.55
2-BINARY h=1,0,2017-01,SAMP,114,59.6,54.4,5.3,61.6,43.0,18.6,15.4,9.37,47.0,10.7,3.65,-8.1
2-BINARY h=1,1,2017-07,CFIN,101,55.4,61.4,-5.9,50.4,47.9,2.5,0.77,4.34,38.0,-3.03,-8.73,-18.23
2-BINARY h=1,1,2017-07,COMB,120,51.7,62.5,-10.8,51.1,50.1,1.0,1.82,-0.17,49.0,-3.08,-10.43,-22.68
2-BINARY h=1,1,2017-07,HNB,116,51.7,61.2,-9.5,50.3,47.8,2.5,0.51,3.95,47.0,-4.19,-11.24,-22.99
2-BINARY h=1,1,2017-07,LFIN,83,57.8,65.1,-7.2,68.2,54.9,13.3,25.51,-6.89,27.0,22.81,18.76,12.01
2-BINARY h=1,1,2017-07,LOFC,103,74.8,71.8,2.9,77.2,49.5,27.7,117.33,1.96,46.0,112.73,105.83,94.33
2-BINARY h=1,1,2017-07,LOLC,114,58.8,68.4,-9.6,53.1,50.5,2.6,7.91,-1.14,39.0,4.01,-1.84,-11.59
2-BINARY h=1,1,2017-07,SAMP,118,55.1,52.5,2.5,50.0,46.7,3.3,-0.06,6.65,44.0,-4.46,-11.06,-22.06
2-BINARY h=1,2,2018-01,CFIN,101,60.4,60.4,0.0,62.4,47.3,15.1,29.69,6.49,36.0,26.09,20.69,11.69
2-BINARY h=1,2,2018-01,COMB,115,55.7,61.7,-6.1,52.9,59.3,-6.4,3.51,-11.34,45.0,-0.99,-7.74,-18.99
2-BINARY h=1,2,2018-01,HNB,106,49.1,69.8,-20.8,55.7,60.9,-5.2,5.9,-11.18,31.0,2.8,-1.85,-9.6
2-BINARY h=1,2,2018-01,LFIN,91,47.3,57.1,-9.9,46.5,53.2,-6.7,-5.51,-5.03,32.0,-8.71,-13.51,-21.51
2-BINARY h=1,2,2018-01,LOFC,103,74.8,72.8,1.9,66.8,53.7,13.1,62.34,-13.75,28.0,59.54,55.34,48.34
2-BINARY h=1,2,2018-01,LOLC,100,62.0,73.0,-11.0,65.5,57.0,8.5,41.96,-18.77,36.0,38.36,32.96,23.96
2-BINARY h=1,2,2018-01,SAMP,116,44.0,58.6,-14.7,49.4,50.9,-1.5,-0.94,-1.32,50.0,-5.94,-13.44,-25.94
2-BINARY h=1,3,2018-07,CFIN,100,67.0,67.0,0.0,66.8,52.3,14.5,44.88,-6.05,35.0,41.38,36.13,27.38
2-BINARY h=1,3,2018-07,COMB,121,54.5,62.8,-8.3,58.1,52.7,5.4,15.45,-5.19,47.0,10.75,3.7,-8.05
2-BINARY h=1,3,2018-07,HNB,105,62.9,61.0,1.9,58.9,52.7,6.2,19.12,-5.78,42.0,14.92,8.62,-1.88
2-BINARY h=1,3,2018-07,LFIN,86,51.2,57.0,-5.8,47.3,46.9,0.4,-4.8,5.52,26.0,-7.4,-11.3,-17.8
2-BINARY h=1,3,2018-07,LOFC,104,64.4,71.2,-6.7,55.8,47.6,8.2,27.33,11.06,26.0,24.73,20.83,14.33
2-BINARY h=1,3,2018-07,LOLC,95,57.9,62.1,-4.2,59.0,50.4,8.6,32.83,-1.56,37.0,29.13,23.58,14.33
2-BINARY h=1,3,2018-07,SAMP,123,50.4,61.0,-10.6,50.8,60.5,-9.7,1.81,-24.69,50.0,-3.19,-10.69,-23.19
2-BINARY h=1,4,2019-01,CFIN,97,61.9,62.9,-1.0,64.4,48.3,16.1,34.19,3.99,32.0,30.99,26.19,18.19
2-BINARY h=1,4,2019-01,COMB,115,43.5,71.3,-27.8,43.3,60.0,-16.7,-12.23,-18.27,42.0,-16.43,-22.73,-33.23
2-BINARY h=1,4,2019-01,HNB,110,48.2,77.3,-29.1,51.1,73.6,-22.5,1.85,-41.52,38.0,-1.95,-7.65,-17.15
2-BINARY h=1,4,2019-01,LFIN,94,54.3,64.9,-10.6,47.8,50.3,-2.5,-4.4,-0.62,35.0,-7.9,-13.15,-21.9
2-BINARY h=1,4,2019-01,LOFC,94,69.1,69.1,0.0,64.1,47.3,16.8,71.48,13.66,31.0,68.38,63.73,55.98
2-BINARY h=1,4,2019-01,LOLC,93,68.8,62.4,6.5,65.5,48.1,17.4,43.77,5.28,33.0,40.47,35.52,27.27
2-BINARY h=1,4,2019-01,SAMP,116,50.9,61.2,-10.3,64.0,66.0,-2.0,35.53,-40.51,49.0,30.63,23.28,11.03
2-BINARY h=1,5,2019-07,CFIN,101,75.2,52.5,22.8,77.7,42.6,35.1,76.81,20.48,46.0,72.21,65.31,53.81
2-BINARY h=1,5,2019-07,COMB,123,43.9,62.6,-18.7,40.9,49.0,-8.1,-19.91,2.09,38.0,-23.71,-29.41,-38.91
2-BINARY h=1,5,2019-07,HNB,119,56.3,58.8,-2.5,57.2,40.2,17.0,19.88,27.08,45.0,15.38,8.63,-2.62
2-BINARY h=1,5,2019-07,LFIN,97,54.6,53.6,1.0,48.3,36.3,12.0,-3.22,25.67,38.0,-7.02,-12.72,-22.22
2-BINARY h=1,5,2019-07,LOFC,119,74.8,74.8,0.0,64.5,46.9,17.6,49.54,10.52,29.0,46.64,42.29,35.04
2-BINARY h=1,5,2019-07,LOLC,113,56.6,54.9,1.8,45.7,34.9,10.8,-19.19,68.16,40.0,-23.19,-29.19,-39.19
2-BINARY h=1,5,2019-07,SAMP,123,46.3,54.5,-8.1,51.8,43.9,7.9,4.55,15.13,51.0,-0.55,-8.2,-20.95
2-BINARY h=1,6,2020-01,CFIN,62,53.2,72.6,-19.4,61.8,63.3,-1.5,19.63,-22.11,24.0,17.23,13.63,7.63
2-BINARY h=1,6,2020-01,COMB,82,51.2,56.1,-4.9,46.3,53.6,-7.3,-12.72,-12.41,30.0,-15.72,-20.22,-27.72
2-BINARY h=1,6,2020-01,HNB,80,56.2,68.8,-12.5,60.2,62.0,-1.8,30.22,-35.55,30.0,27.22,22.72,15.22
2-BINARY h=1,6,2020-01,LFIN,71,54.9,62.0,-7.0,63.0,53.6,9.4,28.3,-7.78,23.0,26.0,22.55,16.8
2-BINARY h=1,6,2020-01,LOFC,78,65.4,71.8,-6.4,51.6,51.4,0.2,7.15,-6.4,20.0,5.15,2.15,-2.85
2-BINARY h=1,6,2020-01,LOLC,82,63.4,65.9,-2.4,60.5,57.3,3.2,38.62,-26.76,19.0,36.72,33.87,29.12
2-BINARY h=1,6,2020-01,SAMP,82,39.0,57.3,-18.3,48.5,57.0,-8.5,-4.7,-21.49,26.0,-7.3,-11.2,-17.7
2-BINARY h=1,7,2020-07,CFIN,122,52.5,57.4,-4.9,54.9,47.9,7.0,18.58,8.05,49.0,13.68,6.33,-5.92
2-BINARY h=1,7,2020-07,COMB,125,45.6,60.8,-15.2,49.8,47.2,2.6,-0.47,7.63,56.0,-6.07,-14.47,-28.47
2-BINARY h=1,7,2020-07,HNB,125,52.8,52.8,0.0,52.3,44.4,7.9,6.36,15.3,47.0,1.66,-5.39,-17.14
2-BINARY h=1,7,2020-07,LFIN,125,60.0,53.6,6.4,62.9,46.0,16.9,27.76,8.66,44.0,23.36,16.76,5.76
2-BINARY h=1,7,2020-07,LOFC,125,66.4,71.2,-4.8,60.3,47.2,13.1,50.34,13.44,49.0,45.44,38.09,25.84
2-BINARY h=1,7,2020-07,LOLC,125,51.2,55.2,-4.0,48.2,46.2,2.0,-7.36,15.15,51.0,-12.46,-20.11,-32.86
2-BINARY h=1,7,2020-07,SAMP,125,54.4,60.8,-6.4,61.1,45.4,15.7,29.31,12.2,54.0,23.91,15.81,2.31
2-BINARY h=1,8,2021-01,CFIN,113,63.7,54.9,8.8,70.0,46.4,23.6,90.19,16.47,49.0,85.29,77.94,65.69
2-BINARY h=1,8,2021-01,COMB,114,48.2,54.4,-6.1,63.0,46.5,16.5,41.99,11.33,45.0,37.49,30.74,19.49
2-BINARY h=1,8,2021-01,HNB,114,54.4,57.9,-3.5,62.5,47.5,15.0,36.05,7.21,39.0,32.15,26.3,16.55
2-BINARY h=1,8,2021-01,LFIN,110,58.2,53.6,4.5,59.4,40.4,19.0,65.44,66.43,33.0,62.14,57.19,48.94
2-BINARY h=1,8,2021-01,LOFC,114,55.3,60.5,-5.3,49.1,41.7,7.4,-7.62,73.54,40.0,-11.62,-17.62,-27.62
2-BINARY h=1,8,2021-01,LOLC,114,57.0,58.8,-1.8,47.8,36.7,11.1,-21.15,125.54,32.0,-24.35,-29.15,-37.15
2-BINARY h=1,8,2021-01,SAMP,111,54.1,60.4,-6.3,58.7,45.4,13.3,31.22,16.44,37.0,27.52,21.97,12.72
2-BINARY h=1,9,2021-07,CFIN,124,51.6,54.8,-3.2,56.4,48.7,7.7,22.58,4.44,53.0,17.28,9.33,-3.92
2-BINARY h=1,9,2021-07,COMB,124,45.2,60.5,-15.3,48.2,55.0,-6.8,-3.48,-9.99,47.0,-8.18,-15.23,-26.98
2-BINARY h=1,9,2021-07,HNB,124,51.6,58.9,-7.3,49.0,48.8,0.2,-2.32,2.95,45.0,-6.82,-13.57,-24.82
2-BINARY h=1,9,2021-07,LFIN,124,50.8,51.6,-0.8,59.3,46.5,12.8,27.01,10.23,54.0,21.61,13.51,0.01
2-BINARY h=1,9,2021-07,LOFC,124,54.0,62.1,-8.1,40.8,35.4,5.4,-123.87,196.33,39.0,-127.77,-133.62,-143.37
2-BINARY h=1,9,2021-07,LOLC,124,53.2,55.6,-2.4,57.8,29.1,28.7,45.53,122.27,50.0,40.53,33.03,20.53
2-BINARY h=1,9,2021-07,SAMP,124,47.6,56.5,-8.9,56.5,50.3,6.2,13.68,-0.71,45.0,9.18,2.43,-8.82
2-BINARY h=1,10,2022-01,CFIN,95,54.7,66.3,-11.6,51.5,57.1,-5.6,8.3,-40.28,29.0,5.4,1.05,-6.2
2-BINARY h=1,10,2022-01,COMB,95,49.5,57.9,-8.4,49.2,64.9,-15.7,-2.26,-40.42,27.0,-4.96,-9.01,-15.76
2-BINARY h=1,10,2022-01,HNB,95,52.6,64.2,-11.6,60.0,66.1,-6.1,30.01,-48.0,27.0,27.31,23.26,16.51
2-BINARY h=1,10,2022-01,LFIN,95,60.0,63.2,-3.2,63.6,57.1,6.5,80.79,-42.1,27.0,78.09,74.04,67.29
2-BINARY h=1,10,2022-01,LOFC,94,57.4,60.6,-3.2,66.4,56.3,10.1,227.79,-87.61,32.0,224.59,219.79,211.79
2-BINARY h=1,10,2022-01,LOLC,95,54.7,63.2,-8.4,55.0,58.1,-3.1,51.54,-83.26,31.0,48.44,43.79,36.04
2-BINARY h=1,10,2022-01,SAMP,107,62.6,63.6,-0.9,80.2,63.0,17.2,113.37,-48.89,31.0,110.27,105.62,97.87
2-BINARY h=1,11,2022-07,CFIN,96,54.2,54.2,0.0,60.9,46.3,14.6,37.23,12.68,27.0,34.53,30.48,23.73
2-BINARY h=1,11,2022-07,COMB,98,46.9,56.1,-9.2,50.7,49.0,1.7,1.69,2.25,27.0,-1.01,-5.06,-11.81
2-BINARY h=1,11,2022-07,HNB,98,61.2,53.1,8.2,63.7,48.8,14.9,46.04,3.9,29.0,43.14,38.79,31.54
2-BINARY h=1,11,2022-07,LFIN,97,56.7,52.6,4.1,60.8,50.0,10.8,41.02,-0.15,27.0,38.32,34.27,27.52
2-BINARY h=1,11,2022-07,LOFC,96,47.9,63.5,-15.6,47.4,44.5,2.9,-18.48,39.03,32.0,-21.68,-26.48,-34.48
2-BINARY h=1,11,2022-07,LOLC,97,47.4,56.7,-9.3,45.6,47.4,-1.8,-25.15,14.76,35.0,-28.65,-33.9,-42.65
2-BINARY h=1,11,2022-07,SAMP,124,60.5,60.5,0.0,60.0,46.8,13.2,53.77,17.21,35.0,50.27,45.02,36.27
2-BINARY h=1,12,2023-01,CFIN,117,61.5,55.6,6.0,61.7,43.6,18.1,51.32,28.27,33.0,48.02,43.07,34.82
2-BINARY h=1,12,2023-01,COMB,119,54.6,57.1,-2.5,37.9,38.1,-0.2,-59.48,58.75,29.0,-62.38,-66.73,-73.98
2-BINARY h=1,12,2023-01,HNB,118,55.1,55.9,-0.8,57.7,32.7,25.0,35.4,79.11,40.0,31.4,25.4,15.4
2-BINARY h=1,12,2023-01,LFIN,119,63.0,58.8,4.2,59.9,35.4,24.5,34.75,51.28,46.0,30.15,23.25,11.75
2-BINARY h=1,12,2023-01,LOFC,119,67.2,73.9,-6.7,58.0,53.4,4.6,43.4,-18.37,36.0,39.8,34.4,25.4
2-BINARY h=1,12,2023-01,LOLC,119,56.3,58.8,-2.5,50.6,48.3,2.3,2.35,6.44,46.0,-2.25,-9.15,-20.65
2-BINARY h=1,12,2023-01,SAMP,119,58.0,48.7,9.2,46.8,35.3,11.5,-14.98,69.13,32.0,-18.18,-22.98,-30.98
2-BINARY h=1,13,2023-07,CFIN,123,65.0,56.1,8.9,65.5,43.6,21.9,73.3,30.25,58.0,67.5,58.8,44.3
2-BINARY h=1,13,2023-07,COMB,123,58.5,51.2,7.3,60.9,44.4,16.5,39.63,20.4,50.0,34.63,27.13,14.63
2-BINARY h=1,13,2023-07,HNB,123,56.1,59.3,-3.3,58.0,47.2,10.8,24.05,8.47,48.0,19.25,12.05,0.05
2-BINARY h=1,13,2023-07,LFIN,123,56.1,52.0,4.1,58.2,49.5,8.7,23.74,1.56,58.0,17.94,9.24,-5.26
2-BINARY h=1,13,2023-07,LOFC,123,71.5,79.7,-8.1,72.0,58.5,13.5,71.17,-27.48,51.0,66.07,58.42,45.67
2-BINARY h=1,13,2023-07,LOLC,123,56.9,61.0,-4.1,55.0,55.2,-0.2,13.43,-13.95,54.0,8.03,-0.07,-13.57
2-BINARY h=1,13,2023-07,SAMP,123,54.5,61.0,-6.5,51.8,46.3,5.5,6.21,12.28,42.0,2.01,-4.29,-14.79
2-BINARY h=1,14,2024-01,CFIN,115,51.3,55.7,-4.3,57.7,45.8,11.9,24.68,13.58,49.0,19.78,12.43,0.18
2-BINARY h=1,14,2024-01,COMB,115,58.3,59.1,-0.9,69.0,45.7,23.3,47.77,10.81,50.0,42.77,35.27,22.77
2-BINARY h=1,14,2024-01,HNB,115,49.6,56.5,-7.0,57.2,41.8,15.4,18.11,20.45,48.0,13.31,6.11,-5.89
2-BINARY h=1,14,2024-01,LFIN,115,53.0,52.2,0.9,59.3,45.1,14.2,20.93,11.0,46.0,16.33,9.43,-2.07
2-BINARY h=1,14,2024-01,LOFC,115,56.5,66.1,-9.6,55.5,42.5,13.0,26.24,35.88,45.0,21.74,14.99,3.74
2-BINARY h=1,14,2024-01,LOLC,115,54.8,67.0,-12.2,54.9,40.8,14.1,14.07,26.25,52.0,8.87,1.07,-11.93
2-BINARY h=1,14,2024-01,SAMP,115,53.9,57.4,-3.5,58.9,44.2,14.7,15.47,9.96,38.0,11.67,5.97,-3.53
2-BINARY h=1,15,2024-07,CFIN,125,59.2,56.8,2.4,61.4,35.7,25.7,42.79,53.64,39.0,38.89,33.04,23.29
2-BINARY h=1,15,2024-07,COMB,122,60.7,55.7,4.9,70.7,37.5,33.2,57.08,34.34,37.0,53.38,47.83,38.58
2-BINARY h=1,15,2024-07,HNB,125,61.6,54.4,7.2,71.4,35.0,36.4,71.42,49.93,41.0,67.32,61.17,50.92
2-BINARY h=1,15,2024-07,LFIN,125,64.8,48.8,16.0,76.2,38.8,37.4,58.78,25.07,35.0,55.28,50.03,41.28
2-BINARY h=1,15,2024-07,LOFC,125,58.4,69.6,-11.2,63.5,45.1,18.4,55.75,20.34,41.0,51.65,45.5,35.25
2-BINARY h=1,15,2024-07,LOLC,125,63.2,62.4,0.8,70.5,37.2,33.3,77.54,48.36,39.0,73.64,67.79,58.04
2-BINARY h=1,15,2024-07,SAMP,125,64.0,59.2,4.8,65.4,33.1,32.3,42.2,46.36,37.0,38.5,32.95,23.7
2-BINARY h=1,16,2025-01,CFIN,114,48.2,54.4,-6.1,55.3,41.1,14.2,21.75,36.38,44.0,17.35,10.75,-0.25
2-BINARY h=1,16,2025-01,COMB,114,57.0,58.8,-1.8,55.2,45.9,9.3,14.49,11.38,46.0,9.89,2.99,-8.51
2-BINARY h=1,16,2025-01,HNB,114,55.3,57.0,-1.8,52.4,48.4,4.0,7.43,4.92,46.0,2.83,-4.07,-15.57
2-BINARY h=1,16,2025-01,LFIN,114,60.5,49.1,11.4,61.2,39.1,22.1,40.6,39.52,52.0,35.4,27.6,14.6
2-BINARY h=1,16,2025-01,LOFC,114,54.4,70.2,-15.8,58.8,55.3,3.5,31.05,-18.72,54.0,25.65,17.55,4.05
2-BINARY h=1,16,2025-01,LOLC,114,50.0,61.4,-11.4,59.7,56.0,3.7,31.51,-19.34,52.0,26.31,18.51,5.51
2-BINARY h=1,16,2025-01,SAMP,114,54.4,53.5,0.9,52.7,48.2,4.5,7.88,5.17,42.0,3.68,-2.62,-13.12
2-BINARY h=1,17,2025-07,CFIN,124,51.6,59.7,-8.1,48.0,49.1,-1.1,-4.8,2.24,35.0,-8.3,-13.55,-22.3
2-BINARY h=1,17,2025-07,COMB,124,49.2,56.5,-7.3,57.0,36.6,20.4,13.38,25.7,20.0,11.38,8.38,3.38
2-BINARY h=1,17,2025-07,HNB,124,51.6,47.6,4.0,59.5,40.1,19.4,18.28,19.09,18.0,16.48,13.78,9.28
2-BINARY h=1,17,2025-07,LFIN,124,49.2,54.0,-4.8,59.3,42.3,17.0,28.93,23.92,51.0,23.83,16.18,3.43
2-BINARY h=1,17,2025-07,LOFC,124,57.3,78.2,-21.0,68.0,49.6,18.4,53.97,1.3,48.0,49.17,41.97,29.97
2-BINARY h=1,17,2025-07,LOLC,124,51.6,59.7,-8.1,54.7,50.9,3.8,9.12,-1.73,36.0,5.52,0.12,-8.88
2-BINARY h=1,17,2025-07,SAMP,124,52.4,55.6,-3.2,61.6,41.2,20.4,22.19,16.77,20.0,20.19,17.19,12.19
2-BINARY h=1,18,2026-01,CFIN,118,54.2,67.8,-13.6,63.5,54.8,8.7,38.37,-13.79,57.0,32.67,24.12,9.87
2-BINARY h=1,18,2026-01,COMB,118,53.4,53.4,0.0,48.1,47.6,0.5,-3.99,5.0,45.0,-8.49,-15.24,-26.49
2-BINARY h=1,18,2026-01,HNB,118,50.0,67.8,-17.8,52.2,49.0,3.2,3.86,1.86,49.0,-1.04,-8.39,-20.64
2-BINARY h=1,18,2026-01,LFIN,118,51.7,59.3,-7.6,48.1,47.3,0.8,-5.1,7.27,54.0,-10.5,-18.6,-32.1
2-BINARY h=1,18,2026-01,LOFC,118,67.8,72.9,-5.1,75.1,52.0,23.1,81.76,-6.61,59.0,75.86,67.01,52.26
2-BINARY h=1,18,2026-01,LOLC,118,57.6,60.2,-2.5,59.7,52.4,7.3,24.27,-6.09,47.0,19.57,12.52,0.77
2-BINARY h=1,18,2026-01,SAMP,118,55.1,60.2,-5.1,61.8,51.6,10.2,22.99,-3.12,47.0,18.29,11.24,-0.51
2-BINARY h=5,0,2017-01,CFIN,104,61.5,66.3,-4.8,66.1,59.5,6.6,,,,,,
2-BINARY h=5,0,2017-01,COMB,113,58.4,58.4,0.0,51.4,51.3,0.1,,,,,,
2-BINARY h=5,0,2017-01,HNB,101,48.5,45.5,3.0,50.6,37.0,13.6,,,,,,
2-BINARY h=5,0,2017-01,LFIN,101,51.5,52.5,-1.0,65.4,36.6,28.8,,,,,,
2-BINARY h=5,0,2017-01,LOFC,100,53.0,58.0,-5.0,44.6,26.6,18.0,,,,,,
2-BINARY h=5,0,2017-01,LOLC,104,44.2,63.5,-19.2,38.9,24.0,14.9,,,,,,
2-BINARY h=5,0,2017-01,SAMP,114,64.0,72.8,-8.8,68.3,60.7,7.6,,,,,,
2-BINARY h=5,1,2017-07,CFIN,101,62.4,53.5,8.9,68.7,44.1,24.6,,,,,,
2-BINARY h=5,1,2017-07,COMB,120,57.5,41.7,15.8,69.1,50.4,18.7,,,,,,
2-BINARY h=5,1,2017-07,HNB,116,54.3,52.6,1.7,66.8,43.9,22.9,,,,,,
2-BINARY h=5,1,2017-07,LFIN,83,59.0,67.5,-8.4,62.7,63.7,-1.0,,,,,,
2-BINARY h=5,1,2017-07,LOFC,103,69.9,68.9,1.0,69.5,52.6,16.9,,,,,,
2-BINARY h=5,1,2017-07,LOLC,114,50.0,54.4,-4.4,46.6,46.6,0.0,,,,,,
2-BINARY h=5,1,2017-07,SAMP,118,54.2,55.1,-0.8,59.4,62.6,-3.2,,,,,,
2-BINARY h=5,2,2018-01,CFIN,101,65.3,48.5,16.8,69.3,43.7,25.6,,,,,,
2-BINARY h=5,2,2018-01,COMB,115,67.8,67.8,0.0,70.4,68.4,2.0,,,,,,
2-BINARY h=5,2,2018-01,HNB,106,51.9,65.1,-13.2,57.8,78.4,-20.6,,,,,,
2-BINARY h=5,2,2018-01,LFIN,91,64.8,56.0,8.8,58.9,61.8,-2.9,,,,,,
2-BINARY h=5,2,2018-01,LOFC,103,65.0,70.9,-5.8,67.2,61.7,5.5,,,,,,
2-BINARY h=5,2,2018-01,LOLC,100,60.0,71.0,-11.0,62.6,66.4,-3.8,,,,,,
2-BINARY h=5,2,2018-01,SAMP,116,56.9,57.8,-0.9,53.5,45.0,8.5,,,,,,
2-BINARY h=5,3,2018-07,CFIN,100,67.0,70.0,-3.0,64.0,61.4,2.6,,,,,,
2-BINARY h=5,3,2018-07,COMB,121,60.3,64.5,-4.1,48.3,55.0,-6.7,,,,,,
2-BINARY h=5,3,2018-07,HNB,105,47.6,57.1,-9.5,55.2,56.2,-1.0,,,,,,
2-BINARY h=5,3,2018-07,LFIN,86,47.7,47.7,0.0,42.4,39.6,2.8,,,,,,
2-BINARY h=5,3,2018-07,LOFC,104,63.5,58.7,4.8,53.5,41.2,12.3,,,,,,
2-BINARY h=5,3,2018-07,LOLC,95,55.8,58.9,-3.2,54.1,51.9,2.2,,,,,,
2-BINARY h=5,3,2018-07,SAMP,123,52.0,61.0,-8.9,63.0,27.4,35.6,,,,,,
2-BINARY h=5,4,2019-01,CFIN,97,58.8,58.8,0.0,64.1,49.5,14.6,,,,,,
2-BINARY h=5,4,2019-01,COMB,115,47.0,64.3,-17.4,39.5,67.3,-27.8,,,,,,
2-BINARY h=5,4,2019-01,HNB,110,60.0,78.2,-18.2,69.8,86.1,-16.3,,,,,,
2-BINARY h=5,4,2019-01,LFIN,94,55.3,53.2,2.1,59.9,48.1,11.8,,,,,,
2-BINARY h=5,4,2019-01,LOFC,94,60.6,61.7,-1.1,59.3,46.1,13.2,,,,,,
2-BINARY h=5,4,2019-01,LOLC,93,48.4,45.2,3.2,59.1,45.0,14.1,,,,,,
2-BINARY h=5,4,2019-01,SAMP,116,55.2,64.7,-9.5,60.8,25.9,34.9,,,,,,
2-BINARY h=5,5,2019-07,CFIN,101,49.5,48.5,1.0,48.7,31.5,17.2,,,,,,
2-BINARY h=5,5,2019-07,COMB,123,46.3,66.7,-20.3,42.1,50.1,-8.0,,,,,,
2-BINARY h=5,5,2019-07,HNB,119,54.6,60.5,-5.9,40.7,33.4,7.3,,,,,,
2-BINARY h=5,5,2019-07,LFIN,97,56.7,57.7,-1.0,49.2,20.5,28.7,,,,,,
2-BINARY h=5,5,2019-07,LOFC,119,65.5,65.5,0.0,54.0,42.9,11.1,,,,,,
2-BINARY h=5,5,2019-07,LOLC,113,38.9,45.1,-6.2,25.4,21.7,3.7,,,,,,
2-BINARY h=5,5,2019-07,SAMP,123,42.3,48.8,-6.5,40.7,42.4,-1.7,,,,,,
2-BINARY h=5,6,2020-01,CFIN,62,45.2,74.2,-29.0,51.7,80.1,-28.4,,,,,,
2-BINARY h=5,6,2020-01,COMB,82,50.0,51.2,-1.2,61.7,54.0,7.7,,,,,,
2-BINARY h=5,6,2020-01,HNB,80,53.8,63.7,-10.0,62.7,66.5,-3.8,,,,,,
2-BINARY h=5,6,2020-01,LFIN,71,57.7,53.5,4.2,72.1,62.7,9.4,,,,,,
2-BINARY h=5,6,2020-01,LOFC,78,48.7,71.8,-23.1,41.8,55.9,-14.1,,,,,,
2-BINARY h=5,6,2020-01,LOLC,82,58.5,69.5,-11.0,61.5,62.8,-1.3,,,,,,
2-BINARY h=5,6,2020-01,SAMP,82,50.0,58.5,-8.5,59.1,58.7,0.4,,,,,,
2-BINARY h=5,7,2020-07,CFIN,122,63.1,50.8,12.3,66.7,43.6,23.1,,,,,,
2-BINARY h=5,7,2020-07,COMB,125,58.4,49.6,8.8,61.2,43.8,17.4,,,,,,
2-BINARY h=5,7,2020-07,HNB,125,57.6,52.8,4.8,54.6,39.2,15.4,,,,,,
2-BINARY h=5,7,2020-07,LFIN,125,51.2,44.0,7.2,51.4,41.2,10.2,,,,,,
2-BINARY h=5,7,2020-07,LOFC,125,64.8,58.4,6.4,63.1,39.1,24.0,,,,,,
2-BINARY h=5,7,2020-07,LOLC,125,59.2,51.2,8.0,67.3,38.7,28.6,,,,,,
2-BINARY h=5,7,2020-07,SAMP,125,62.4,56.0,6.4,57.0,39.4,17.6,,,,,,
2-BINARY h=5,8,2021-01,CFIN,113,57.5,62.8,-5.3,75.7,43.2,32.5,,,,,,
2-BINARY h=5,8,2021-01,COMB,114,47.4,50.9,-3.5,52.9,43.4,9.5,,,,,,
2-BINARY h=5,8,2021-01,HNB,114,50.9,58.8,-7.9,60.2,45.3,14.9,,,,,,
2-BINARY h=5,8,2021-01,LFIN,110,51.8,64.5,-12.7,48.5,33.7,14.8,,,,,,
2-BINARY h=5,8,2021-01,LOFC,114,46.5,57.0,-10.5,45.4,30.6,14.8,,,,,,
2-BINARY h=5,8,2021-01,LOLC,114,43.0,57.9,-14.9,32.1,25.0,7.1,,,,,,
2-BINARY h=5,8,2021-01,SAMP,111,51.4,54.1,-2.7,61.6,42.4,19.2,,,,,,
2-BINARY h=5,9,2021-07,CFIN,124,48.4,50.8,-2.4,50.5,45.3,5.2,,,,,,
2-BINARY h=5,9,2021-07,COMB,124,59.7,59.7,0.0,57.2,59.5,-2.3,,,,,,
2-BINARY h=5,9,2021-07,HNB,124,64.5,58.1,6.5,75.6,47.4,28.2,,,,,,
2-BINARY h=5,9,2021-07,LFIN,124,52.4,52.4,0.0,58.0,37.6,20.4,,,,,,
2-BINARY h=5,9,2021-07,LOFC,124,61.3,54.8,6.5,60.0,21.8,38.2,,,,,,
2-BINARY h=5,9,2021-07,LOLC,124,47.6,54.8,-7.3,42.9,15.7,27.2,,,,,,
2-BINARY h=5,9,2021-07,SAMP,124,57.3,54.0,3.2,62.6,49.6,13.0,,,,,,
2-BINARY h=5,10,2022-01,CFIN,95,61.1,68.4,-7.4,67.7,70.2,-2.5,,,,,,
2-BINARY h=5,10,2022-01,COMB,95,57.9,67.4,-9.5,75.7,79.8,-4.1,,,,,,
2-BINARY h=5,10,2022-01,HNB,95,61.1,67.4,-6.3,72.8,83.2,-10.4,,,,,,
2-BINARY h=5,10,2022-01,LFIN,95,56.8,76.8,-20.0,59.6,72.5,-12.9,,,,,,
2-BINARY h=5,10,2022-01,LOFC,94,52.1,71.3,-19.1,62.6,72.0,-9.4,,,,,,
2-BINARY h=5,10,2022-01,LOLC,95,55.8,70.5,-14.7,61.6,69.9,-8.3,,,,,,
2-BINARY h=5,10,2022-01,SAMP,107,51.4,70.1,-18.7,64.0,78.1,-14.1,,,,,,
2-BINARY h=5,11,2022-07,CFIN,96,52.1,53.1,-1.0,43.1,43.3,-0.2,,,,,,
2-BINARY h=5,11,2022-07,COMB,98,55.1,53.1,2.0,49.4,47.4,2.0,,,,,,
2-BINARY h=5,11,2022-07,HNB,98,56.1,54.1,2.0,50.9,48.6,2.3,,,,,,
2-BINARY h=5,11,2022-07,LFIN,97,50.5,49.5,1.0,49.4,48.8,0.6,,,,,,
2-BINARY h=5,11,2022-07,LOFC,96,64.6,66.7,-2.1,39.4,39.9,-0.5,,,,,,
2-BINARY h=5,11,2022-07,LOLC,97,63.9,64.9,-1.0,43.4,43.9,-0.5,,,,,,
2-BINARY h=5,11,2022-07,SAMP,124,59.7,58.9,0.8,40.6,40.1,0.5,,,,,,
2-BINARY h=5,12,2023-01,CFIN,117,51.3,53.0,-1.7,39.6,34.8,4.8,,,,,,
2-BINARY h=5,12,2023-01,COMB,119,38.7,43.7,-5.0,27.1,27.0,0.1,,,,,,
2-BINARY h=5,12,2023-01,HNB,118,39.8,54.2,-14.4,26.8,19.7,7.1,,,,,,
2-BINARY h=5,12,2023-01,LFIN,119,46.2,57.1,-10.9,30.6,23.8,6.8,,,,,,
2-BINARY h=5,12,2023-01,LOFC,119,72.3,73.1,-0.8,64.5,58.7,5.8,,,,,,
2-BINARY h=5,12,2023-01,LOLC,119,63.0,63.0,0.0,47.0,43.9,3.1,,,,,,
2-BINARY h=5,12,2023-01,SAMP,119,42.0,56.3,-14.3,24.1,22.6,1.5,,,,,,
2-BINARY h=5,13,2023-07,CFIN,123,45.5,55.3,-9.8,43.3,38.0,5.3,,,,,,
2-BINARY h=5,13,2023-07,COMB,123,41.5,52.0,-10.6,35.8,39.2,-3.4,,,,,,
2-BINARY h=5,13,2023-07,HNB,123,45.5,56.1,-10.6,36.6,43.4,-6.8,,,,,,
2-BINARY h=5,13,2023-07,LFIN,123,43.9,57.7,-13.8,35.8,48.2,-12.4,,,,,,
2-BINARY h=5,13,2023-07,LOFC,123,58.5,80.5,-22.0,55.0,70.7,-15.7,,,,,,
2-BINARY h=5,13,2023-07,LOLC,123,40.7,69.9,-29.3,37.5,65.4,-27.9,,,,,,
2-BINARY h=5,13,2023-07,SAMP,123,45.5,61.8,-16.3,34.2,41.6,-7.4,,,,,,
2-BINARY h=5,14,2024-01,CFIN,115,53.0,52.2,0.9,58.1,40.5,17.6,,,,,,
2-BINARY h=5,14,2024-01,COMB,115,59.1,53.9,5.2,66.2,41.5,24.7,,,,,,
2-BINARY h=5,14,2024-01,HNB,115,66.1,51.3,14.8,78.6,35.6,43.0,,,,,,
2-BINARY h=5,14,2024-01,LFIN,115,59.1,43.5,15.7,55.1,40.2,14.9,,,,,,
2-BINARY h=5,14,2024-01,LOFC,115,48.7,60.9,-12.2,46.8,36.8,10.0,,,,,,
2-BINARY h=5,14,2024-01,LOLC,115,45.2,61.7,-16.5,53.8,35.5,18.3,,,,,,
2-BINARY h=5,14,2024-01,SAMP,115,60.9,51.3,9.6,68.6,37.9,30.7,,,,,,
2-BINARY h=5,15,2024-07,CFIN,125,56.8,51.2,5.6,72.8,22.1,50.7,,,,,,
2-BINARY h=5,15,2024-07,COMB,122,68.9,63.9,4.9,71.3,31.9,39.4,,,,,,
2-BINARY h=5,15,2024-07,HNB,125,66.4,57.6,8.8,79.9,27.3,52.6,,,,,,
2-BINARY h=5,15,2024-07,LFIN,125,63.2,50.4,12.8,74.8,25.3,49.5,,,,,,
2-BINARY h=5,15,2024-07,LOFC,125,48.0,55.2,-7.2,52.7,41.9,10.8,,,,,,
2-BINARY h=5,15,2024-07,LOLC,125,52.8,52.0,0.8,65.7,29.7,36.0,,,,,,
2-BINARY h=5,15,2024-07,SAMP,125,69.6,64.0,5.6,74.2,24.7,49.5,,,,,,
2-BINARY h=5,16,2025-01,CFIN,114,64.0,47.4,16.7,73.6,32.2,41.4,,,,,,
2-BINARY h=5,16,2025-01,COMB,114,62.3,43.9,18.4,66.4,39.6,26.8,,,,,,
2-BINARY h=5,16,2025-01,HNB,114,54.4,50.9,3.5,57.1,45.6,11.5,,,,,,
2-BINARY h=5,16,2025-01,LFIN,114,55.3,54.4,0.9,61.8,24.5,37.3,,,,,,
2-BINARY h=5,16,2025-01,LOFC,114,42.1,64.0,-21.9,46.3,61.1,-14.8,,,,,,
2-BINARY h=5,16,2025-01,LOLC,114,37.7,59.6,-21.9,39.2,62.0,-22.8,,,,,,
2-BINARY h=5,16,2025-01,SAMP,114,58.8,47.4,11.4,60.6,42.8,17.8,,,,,,
2-BINARY h=5,17,2025-07,CFIN,124,53.2,59.7,-6.5,62.2,45.9,16.3,,,,,,
2-BINARY h=5,17,2025-07,COMB,124,58.9,55.6,3.2,74.8,26.0,48.8,,,,,,
2-BINARY h=5,17,2025-07,HNB,124,53.2,48.4,4.8,69.1,29.5,39.6,,,,,,
2-BINARY h=5,17,2025-07,LFIN,124,51.6,49.2,2.4,58.8,36.0,22.8,,,,,,
2-BINARY h=5,17,2025-07,LOFC,124,54.0,72.6,-18.5,61.8,49.5,12.3,,,,,,
2-BINARY h=5,17,2025-07,LOLC,124,48.4,50.8,-2.4,45.2,47.0,-1.8,,,,,,
2-BINARY h=5,17,2025-07,SAMP,124,51.6,50.8,0.8,53.9,32.5,21.4,,,,,,
2-BINARY h=5,18,2026-01,CFIN,118,59.3,62.7,-3.4,67.0,62.1,4.9,,,,,,
2-BINARY h=5,18,2026-01,COMB,118,42.4,57.6,-15.3,41.2,48.8,-7.6,,,,,,
2-BINARY h=5,18,2026-01,HNB,118,41.5,58.5,-16.9,39.6,51.8,-12.2,,,,,,
2-BINARY h=5,18,2026-01,LFIN,118,50.8,46.6,4.2,56.9,54.5,2.4,,,,,,
2-BINARY h=5,18,2026-01,LOFC,118,46.6,67.8,-21.2,45.8,58.6,-12.8,,,,,,
2-BINARY h=5,18,2026-01,LOLC,118,45.8,62.7,-16.9,47.8,57.4,-9.6,,,,,,
2-BINARY h=5,18,2026-01,SAMP,118,39.8,55.9,-16.1,33.1,56.1,-23.0,,,,,,
2-BINARY h=22,0,2017-01,CFIN,104,67.3,57.7,9.6,69.8,37.6,32.2,,,,,,
2-BINARY h=22,0,2017-01,COMB,113,47.8,40.7,7.1,55.2,45.7,9.5,,,,,,
2-BINARY h=22,0,2017-01,HNB,101,55.4,61.4,-5.9,54.6,64.4,-9.8,,,,,,
2-BINARY h=22,0,2017-01,LFIN,101,46.5,39.6,6.9,53.8,20.6,33.2,,,,,,
2-BINARY h=22,0,2017-01,LOFC,100,32.0,77.0,-45.0,31.3,15.9,15.4,,,,,,
2-BINARY h=22,0,2017-01,LOLC,104,33.7,76.9,-43.3,32.1,84.8,-52.7,,,,,,
2-BINARY h=22,0,2017-01,SAMP,114,50.0,55.3,-5.3,58.0,62.9,-4.9,,,,,,
2-BINARY h=22,1,2017-07,CFIN,101,56.4,53.5,3.0,65.8,25.5,40.3,,,,,,
2-BINARY h=22,1,2017-07,COMB,120,60.0,41.7,18.3,64.2,52.9,11.3,,,,,,
2-BINARY h=22,1,2017-07,HNB,116,66.4,56.9,9.5,80.6,65.9,14.7,,,,,,
2-BINARY h=22,1,2017-07,LFIN,83,33.7,66.3,-32.5,29.1,21.0,8.1,,,,,,
2-BINARY h=22,1,2017-07,LOFC,103,51.5,62.1,-10.7,49.6,63.7,-14.1,,,,,,
2-BINARY h=22,1,2017-07,LOLC,114,56.1,57.9,-1.8,58.4,59.8,-1.4,,,,,,
2-BINARY h=22,1,2017-07,SAMP,118,56.8,64.4,-7.6,64.8,77.7,-12.9,,,,,,
2-BINARY h=22,2,2018-01,CFIN,101,65.3,71.3,-5.9,47.2,54.9,-7.7,,,,,,
2-BINARY h=22,2,2018-01,COMB,115,64.3,47.0,17.4,69.9,17.0,52.9,,,,,,
2-BINARY h=22,2,2018-01,HNB,106,69.8,41.5,28.3,83.6,14.8,68.8,,,,,,
2-BINARY h=22,2,2018-01,LFIN,91,64.8,71.4,-6.6,67.1,82.2,-15.1,,,,,,
2-BINARY h=22,2,2018-01,LOFC,103,64.1,65.0,-1.0,68.3,70.4,-2.1,,,,,,
2-BINARY h=22,2,2018-01,LOLC,100,78.0,41.0,37.0,76.0,25.0,51.0,,,,,,
2-BINARY h=22,2,2018-01,SAMP,116,48.3,48.3,0.0,38.5,44.3,-5.8,,,,,,
2-BINARY h=22,3,2018-07,CFIN,100,81.0,73.0,8.0,89.1,69.3,19.8,,,,,,
2-BINARY h=22,3,2018-07,COMB,121,45.5,66.9,-21.5,53.0,72.6,-19.6,,,,,,
2-BINARY h=22,3,2018-07,HNB,105,53.3,45.7,7.6,48.0,25.6,22.4,,,,,,
2-BINARY h=22,3,2018-07,LFIN,86,43.0,46.5,-3.5,31.1,17.9,13.2,,,,,,
2-BINARY h=22,3,2018-07,LOFC,104,60.6,62.5,-1.9,38.5,28.3,10.2,,,,,,
2-BINARY h=22,3,2018-07,LOLC,95,61.1,46.3,14.7,60.3,41.6,18.7,,,,,,
2-BINARY h=22,3,2018-07,SAMP,123,58.5,66.7,-8.1,58.1,14.2,43.9,,,,,,
2-BINARY h=22,4,2019-01,CFIN,97,42.3,44.3,-2.1,47.3,47.2,0.1,,,,,,
2-BINARY h=22,4,2019-01,COMB,115,42.6,76.5,-33.9,47.3,66.9,-19.6,,,,,,
2-BINARY h=22,4,2019-01,HNB,110,65.5,81.8,-16.4,68.8,80.4,-11.6,,,,,,
2-BINARY h=22,4,2019-01,LFIN,94,56.4,43.6,12.8,66.7,39.2,27.5,,,,,,
2-BINARY h=22,4,2019-01,LOFC,94,52.1,57.4,-5.3,55.3,40.7,14.6,,,,,,
2-BINARY h=22,4,2019-01,LOLC,93,47.3,41.9,5.4,52.4,23.8,28.6,,,,,,
2-BINARY h=22,4,2019-01,SAMP,116,57.8,49.1,8.6,54.6,25.2,29.4,,,,,,
2-BINARY h=22,5,2019-07,CFIN,101,74.3,52.5,21.8,83.4,15.6,67.8,,,,,,
2-BINARY h=22,5,2019-07,COMB,123,61.8,73.2,-11.4,69.2,63.2,6.0,,,,,,
2-BINARY h=22,5,2019-07,HNB,119,54.6,54.6,0.0,65.7,37.1,28.6,,,,,,
2-BINARY h=22,5,2019-07,LFIN,97,66.0,58.8,7.2,73.0,7.2,65.8,,,,,,
2-BINARY h=22,5,2019-07,LOFC,119,49.6,58.0,-8.4,51.9,40.8,11.1,,,,,,
2-BINARY h=22,5,2019-07,LOLC,113,75.2,59.3,15.9,86.4,12.4,74.0,,,,,,
2-BINARY h=22,5,2019-07,SAMP,123,53.7,50.4,3.3,57.6,42.8,14.8,,,,,,
2-BINARY h=22,6,2020-01,CFIN,62,48.4,93.5,-45.2,71.1,99.0,-27.9,,,,,,
2-BINARY h=22,6,2020-01,COMB,82,73.2,69.5,3.7,83.3,59.4,23.9,,,,,,
2-BINARY h=22,6,2020-01,HNB,80,73.8,66.2,7.5,84.3,75.3,9.0,,,,,,
2-BINARY h=22,6,2020-01,LFIN,71,52.1,33.8,18.3,61.3,17.7,43.6,,,,,,
2-BINARY h=22,6,2020-01,LOFC,78,53.8,70.5,-16.7,58.7,60.9,-2.2,,,,,,
2-BINARY h=22,6,2020-01,LOLC,82,81.7,43.9,37.8,84.3,31.4,52.9,,,,,,
2-BINARY h=22,6,2020-01,SAMP,82,68.3,47.6,20.7,83.0,27.7,55.3,,,,,,
2-BINARY h=22,7,2020-07,CFIN,122,50.8,53.3,-2.5,55.3,9.7,45.6,,,,,,
2-BINARY h=22,7,2020-07,COMB,125,53.6,56.8,-3.2,48.2,21.8,26.4,,,,,,
2-BINARY h=22,7,2020-07,HNB,125,49.6,55.2,-5.6,45.7,20.0,25.7,,,,,,
2-BINARY h=22,7,2020-07,LFIN,125,52.0,70.4,-18.4,46.0,93.0,-47.0,,,,,,
2-BINARY h=22,7,2020-07,LOFC,125,56.0,41.6,14.4,53.1,6.9,46.2,,,,,,
2-BINARY h=22,7,2020-07,LOLC,125,52.0,66.4,-14.4,41.3,90.5,-49.2,,,,,,
2-BINARY h=22,7,2020-07,SAMP,125,52.8,55.2,-2.4,47.9,14.4,33.5,,,,,,
2-BINARY h=22,8,2021-01,CFIN,113,54.9,54.9,0.0,66.8,50.3,16.5,,,,,,
2-BINARY h=22,8,2021-01,COMB,114,50.9,58.8,-7.9,45.5,51.4,-5.9,,,,,,
2-BINARY h=22,8,2021-01,HNB,114,48.2,52.6,-4.4,54.3,53.3,1.0,,,,,,
2-BINARY h=22,8,2021-01,LFIN,110,69.1,52.7,16.4,74.8,69.5,5.3,,,,,,
2-BINARY h=22,8,2021-01,LOFC,114,64.0,48.2,15.8,72.0,39.3,32.7,,,,,,
2-BINARY h=22,8,2021-01,LOLC,114,60.5,73.7,-13.2,68.4,79.2,-10.8,,,,,,
2-BINARY h=22,8,2021-01,SAMP,111,52.3,42.3,9.9,55.5,51.1,4.4,,,,,,
2-BINARY h=22,9,2021-07,CFIN,124,49.2,58.9,-9.7,55.7,34.0,21.7,,,,,,
2-BINARY h=22,9,2021-07,COMB,124,46.8,56.5,-9.7,48.2,60.7,-12.5,,,,,,
2-BINARY h=22,9,2021-07,HNB,124,56.5,55.6,0.8,61.7,41.0,20.7,,,,,,
2-BINARY h=22,9,2021-07,LFIN,124,50.0,58.9,-8.9,65.6,80.2,-14.6,,,,,,
2-BINARY h=22,9,2021-07,LOFC,124,66.1,42.7,23.4,63.5,8.8,54.7,,,,,,
2-BINARY h=22,9,2021-07,LOLC,124,54.0,97.6,-43.5,46.4,99.8,-53.4,,,,,,
2-BINARY h=22,9,2021-07,SAMP,124,50.0,50.8,-0.8,54.9,59.3,-4.4,,,,,,
2-BINARY h=22,10,2022-01,CFIN,95,44.2,72.6,-28.4,51.5,87.1,-35.6,,,,,,
2-BINARY h=22,10,2022-01,COMB,95,43.2,76.8,-33.7,70.0,93.0,-23.0,,,,,,
2-BINARY h=22,10,2022-01,HNB,95,45.3,73.7,-28.4,68.5,87.5,-19.0,,,,,,
2-BINARY h=22,10,2022-01,LFIN,95,54.7,72.6,-17.9,54.5,2.0,52.5,,,,,,
2-BINARY h=22,10,2022-01,LOFC,94,55.3,83.0,-27.7,53.0,88.9,-35.9,,,,,,
2-BINARY h=22,10,2022-01,LOLC,95,56.8,55.8,1.1,56.7,17.0,39.7,,,,,,
2-BINARY h=22,10,2022-01,SAMP,107,57.0,65.4,-8.4,72.8,3.7,69.1,,,,,,
2-BINARY h=22,11,2022-07,CFIN,96,39.6,39.6,0.0,44.6,44.6,0.0,,,,,,
2-BINARY h=22,11,2022-07,COMB,98,48.0,48.0,0.0,43.4,43.4,0.0,,,,,,
2-BINARY h=22,11,2022-07,HNB,98,53.1,53.1,0.0,53.5,53.5,0.0,,,,,,
2-BINARY h=22,11,2022-07,LFIN,97,48.5,52.6,-4.1,49.3,51.2,-1.9,,,,,,
2-BINARY h=22,11,2022-07,LOFC,96,54.2,52.1,2.1,52.6,46.9,5.7,,,,,,
2-BINARY h=22,11,2022-07,LOLC,97,53.6,50.5,3.1,56.6,53.5,3.1,,,,,,
2-BINARY h=22,11,2022-07,SAMP,124,41.9,41.9,0.0,30.6,30.5,0.1,,,,,,
2-BINARY h=22,12,2023-01,CFIN,117,35.9,53.8,-17.9,30.7,19.5,11.2,,,,,,
2-BINARY h=22,12,2023-01,COMB,119,32.8,56.3,-23.5,31.2,12.7,18.5,,,,,,
2-BINARY h=22,12,2023-01,HNB,118,29.7,55.1,-25.4,29.0,6.4,22.6,,,,,,
2-BINARY h=22,12,2023-01,LFIN,119,37.8,79.0,-41.2,30.5,91.1,-60.6,,,,,,
2-BINARY h=22,12,2023-01,LOFC,119,51.3,64.7,-13.4,57.3,60.6,-3.3,,,,,,
2-BINARY h=22,12,2023-01,LOLC,119,60.5,52.1,8.4,59.7,66.7,-7.0,,,,,,
2-BINARY h=22,12,2023-01,SAMP,119,30.3,52.9,-22.7,24.6,8.4,16.2,,,,,,
2-BINARY h=22,13,2023-07,CFIN,123,52.8,70.7,-17.9,27.7,35.8,-8.1,,,,,,
2-BINARY h=22,13,2023-07,COMB,123,58.5,51.2,7.3,46.7,40.4,6.3,,,,,,
2-BINARY h=22,13,2023-07,HNB,123,61.0,69.1,-8.1,53.7,58.6,-4.9,,,,,,
2-BINARY h=22,13,2023-07,LFIN,123,56.9,50.4,6.5,53.9,41.3,12.6,,,,,,
2-BINARY h=22,13,2023-07,LOFC,123,87.0,91.1,-4.1,94.4,94.7,-0.3,,,,,,
2-BINARY h=22,13,2023-07,LOLC,123,65.0,80.5,-15.4,62.9,9.5,53.4,,,,,,
2-BINARY h=22,13,2023-07,SAMP,123,56.9,50.4,6.5,51.6,51.9,-0.3,,,,,,
2-BINARY h=22,14,2024-01,CFIN,115,49.6,44.3,5.2,59.8,32.9,26.9,,,,,,
2-BINARY h=22,14,2024-01,COMB,115,63.5,54.8,8.7,77.3,31.4,45.9,,,,,,
2-BINARY h=22,14,2024-01,HNB,115,76.5,50.4,26.1,90.9,18.3,72.6,,,,,,
2-BINARY h=22,14,2024-01,LFIN,115,64.3,62.6,1.7,72.6,71.2,1.4,,,,,,
2-BINARY h=22,14,2024-01,LOFC,115,56.5,56.5,0.0,59.5,26.5,33.0,,,,,,
2-BINARY h=22,14,2024-01,LOLC,115,70.4,61.7,8.7,84.0,76.0,8.0,,,,,,
2-BINARY h=22,14,2024-01,SAMP,115,57.4,69.6,-12.2,57.3,78.9,-21.6,,,,,,
2-BINARY h=22,15,2024-07,CFIN,125,52.0,80.8,-28.8,60.0,8.3,51.7,,,,,,
2-BINARY h=22,15,2024-07,COMB,122,61.5,81.1,-19.7,62.0,19.0,43.0,,,,,,
2-BINARY h=22,15,2024-07,HNB,125,56.0,77.6,-21.6,60.9,15.3,45.6,,,,,,
2-BINARY h=22,15,2024-07,LFIN,125,64.8,80.0,-15.2,73.3,87.7,-14.4,,,,,,
2-BINARY h=22,15,2024-07,LOFC,125,46.4,52.8,-6.4,48.2,34.6,13.6,,,,,,
2-BINARY h=22,15,2024-07,LOLC,125,54.4,76.8,-22.4,56.8,83.8,-27.0,,,,,,
2-BINARY h=22,15,2024-07,SAMP,125,60.0,77.6,-17.6,68.7,87.8,-19.1,,,,,,
2-BINARY h=22,16,2025-01,CFIN,114,55.3,61.4,-6.1,53.2,17.3,35.9,,,,,,
2-BINARY h=22,16,2025-01,COMB,114,56.1,60.5,-4.4,56.3,23.9,32.4,,,,,,
2-BINARY h=22,16,2025-01,HNB,114,59.6,61.4,-1.8,52.5,41.3,11.2,,,,,,
2-BINARY h=22,16,2025-01,LFIN,114,57.9,68.4,-10.5,67.2,88.1,-20.9,,,,,,
2-BINARY h=22,16,2025-01,LOFC,114,40.4,64.0,-23.7,41.8,71.2,-29.4,,,,,,
2-BINARY h=22,16,2025-01,LOLC,114,44.7,42.1,2.6,41.4,17.0,24.4,,,,,,
2-BINARY h=22,16,2025-01,SAMP,114,51.8,64.9,-13.2,58.3,70.8,-12.5,,,,,,
2-BINARY h=22,17,2025-07,CFIN,124,54.8,42.7,12.1,63.6,47.5,16.1,,,,,,
2-BINARY h=22,17,2025-07,COMB,124,58.1,50.8,7.3,66.6,14.0,52.6,,,,,,
2-BINARY h=22,17,2025-07,HNB,124,51.6,42.7,8.9,63.3,17.7,45.6,,,,,,
2-BINARY h=22,17,2025-07,LFIN,124,66.1,63.7,2.4,74.4,76.3,-1.9,,,,,,
2-BINARY h=22,17,2025-07,LOFC,124,22.6,66.1,-43.5,30.1,47.4,-17.3,,,,,,
2-BINARY h=22,17,2025-07,LOLC,124,68.5,55.6,12.9,64.1,68.0,-3.9,,,,,,
2-BINARY h=22,17,2025-07,SAMP,124,62.1,61.3,0.8,68.9,76.8,-7.9,,,,,,
2-BINARY h=22,18,2026-01,CFIN,117,43.6,39.3,4.3,32.0,23.1,8.9,,,,,,
2-BINARY h=22,18,2026-01,COMB,115,28.7,51.3,-22.6,21.7,61.2,-39.5,,,,,,
2-BINARY h=22,18,2026-01,HNB,115,37.4,45.2,-7.8,31.7,36.2,-4.5,,,,,,
2-BINARY h=22,18,2026-01,LFIN,116,39.7,57.8,-18.1,33.7,52.9,-19.2,,,,,,
2-BINARY h=22,18,2026-01,LOFC,115,38.3,77.4,-39.1,35.8,79.2,-43.4,,,,,,
2-BINARY h=22,18,2026-01,LOLC,115,44.3,40.9,3.5,39.5,26.6,12.9,,,,,,
2-BINARY h=22,18,2026-01,SAMP,115,44.3,65.2,-20.9,36.2,19.8,16.4,,,,,,
