ticker,horizon_days,gain_D_to_M_pp,gain_M_to_F_pp,gain_A_to_F_pp,group,horizon,edge_pp,beats_baseline,money_share_%
HNB,1,1.3,-0.7,-3.1,bank,1 day,0.4,True,18.9
HNB,5,-0.5,-2.6,-4.9,bank,1 week,2.2,True,21.9
HNB,10,-5.5,-4.9,-8.4,bank,2 weeks,-3.6,False,25.0
HNB,15,-1.2,2.1,3.4,bank,3 weeks,-4.4,False,26.3
HNB,22,4.2,2.8,4.3,bank,1 month,2.0,True,29.6
HNB,44,-0.7,-2.6,3.1,bank,2 months,-0.7,False,31.9
HNB,66,-7.7,-6.5,-0.2,bank,3 months,-7.3,False,34.7
HNB,132,-22.4,23.8,10.6,bank,6 months,-32.0,False,37.9
HNB,252,-10.8,-1.5,5.6,bank,1 year,6.3,True,39.6
COMB,1,-2.5,-1.6,-0.2,bank,1 day,3.2,True,19.7
COMB,5,2.1,-0.4,1.4,bank,1 week,1.9,True,23.7
COMB,10,-4.4,7.1,4.6,bank,2 weeks,-7.1,False,24.2
COMB,15,0.0,0.9,1.2,bank,3 weeks,-9.0,False,27.9
COMB,22,-1.1,1.1,1.4,bank,1 month,-5.5,False,27.2
COMB,44,1.6,-14.3,-1.3,bank,2 months,7.7,True,33.1
COMB,66,-9.7,-3.3,-16.4,bank,3 months,-6.3,False,31.3
COMB,132,0.3,10.3,-2.8,bank,6 months,-14.2,False,35.9
COMB,252,-0.5,-10.0,7.5,bank,1 year,6.9,True,37.5
SAMP,1,-1.2,-3.2,-7.3,bank,1 day,2.6,True,19.5
SAMP,5,2.9,3.2,1.9,bank,1 week,-3.5,False,23.3
SAMP,10,2.9,8.2,6.2,bank,2 weeks,0.9,True,24.0
SAMP,15,2.2,7.0,6.4,bank,3 weeks,-0.3,False,26.7
SAMP,22,4.9,1.2,5.9,bank,1 month,2.1,True,30.2
SAMP,44,-3.5,2.1,3.8,bank,2 months,-1.9,False,35.5
SAMP,66,-3.7,-4.1,13.3,bank,3 months,-5.7,False,33.8
SAMP,132,-15.1,8.6,5.6,bank,6 months,-41.8,False,40.7
SAMP,252,-26.8,9.6,-2.3,bank,1 year,-38.5,False,39.9
LOFC,1,2.4,-0.2,1.1,finance,1 day,5.2,True,19.3
LOFC,5,-1.9,5.8,0.0,finance,1 week,-22.0,False,20.8
LOFC,10,0.4,1.1,2.0,finance,2 weeks,-17.0,False,22.7
LOFC,15,3.9,7.3,9.9,finance,3 weeks,-14.6,False,25.2
LOFC,22,6.4,12.8,19.8,finance,1 month,-13.0,False,25.1
LOFC,44,5.5,12.9,13.3,finance,2 months,-8.0,False,29.7
LOFC,66,-0.6,21.6,47.4,finance,3 months,12.0,True,31.5
LOFC,132,13.1,6.2,42.7,finance,6 months,14.3,True,34.6
LOFC,252,5.1,1.8,51.1,finance,1 year,52.0,True,39.4
LOLC,1,-0.7,0.7,2.8,finance,1 day,-6.2,False,20.6
LOLC,5,0.6,4.3,-6.2,finance,1 week,-13.7,False,21.5
LOLC,10,2.4,3.0,-4.9,finance,2 weeks,-11.8,False,23.4
LOLC,15,7.7,-2.6,-0.9,finance,3 weeks,-3.6,False,25.3
LOLC,22,7.9,0.2,4.0,finance,1 month,2.3,True,28.9
LOLC,44,8.3,-4.9,6.7,finance,2 months,12.2,True,33.4
LOLC,66,16.6,-8.9,9.2,finance,3 months,17.5,True,30.7
LOLC,132,1.6,2.2,14.2,finance,6 months,14.8,True,30.1
LOLC,252,23.3,-0.2,34.8,finance,1 year,39.2,True,38.7
LFIN,1,1.2,-1.8,2.8,finance,1 day,7.5,True,18.6
LFIN,5,1.4,-0.4,-1.4,finance,1 week,1.4,True,20.9
LFIN,10,1.0,0.4,-2.9,finance,2 weeks,-5.0,False,23.7
LFIN,15,4.5,1.7,-3.9,finance,3 weeks,-10.9,False,25.6
LFIN,22,2.0,4.1,-6.8,finance,1 month,-15.8,False,26.1
LFIN,44,-4.7,-5.1,-4.7,finance,2 months,-8.4,False,27.9
LFIN,66,-7.2,-2.0,0.2,finance,3 months,-12.9,False,31.6
LFIN,132,-11.1,-2.7,-1.7,finance,6 months,-20.8,False,36.8
LFIN,252,9.6,0.0,-17.2,finance,1 year,-21.0,False,50.1
CFIN,1,0.8,-1.4,2.2,finance,1 day,9.1,True,18.1
CFIN,5,5.8,-3.5,1.5,finance,1 week,11.6,True,20.4
CFIN,10,3.8,-3.7,-5.8,finance,2 weeks,2.5,True,24.0
CFIN,15,6.5,-3.6,1.2,finance,3 weeks,2.7,True,24.0
CFIN,22,4.4,-10.9,-7.5,finance,1 month,0.2,True,26.3
CFIN,44,0.9,-3.3,5.0,finance,2 months,3.7,True,32.8
CFIN,66,-0.4,-10.0,-4.1,finance,3 months,3.3,True,30.9
CFIN,132,7.5,10.1,23.2,finance,6 months,-6.6,False,35.5
CFIN,252,6.0,6.4,26.8,finance,1 year,11.5,True,39.5
JKH,1,0.0,-4.3,-6.3,control,1 day,2.3,True,19.1
JKH,5,-1.5,-1.4,-1.5,control,1 week,0.2,True,21.8
JKH,10,6.7,-9.7,2.3,control,2 weeks,11.1,True,23.7
JKH,15,4.6,-1.8,0.5,control,3 weeks,5.1,True,25.9
JKH,22,4.8,0.8,2.8,control,1 month,3.4,True,27.2
JKH,44,-3.4,-2.5,-1.3,control,2 months,1.6,True,30.9
JKH,66,-1.1,5.6,11.0,control,3 months,20.7,True,34.1
JKH,132,-15.6,27.5,26.2,control,6 months,1.1,True,34.9
JKH,252,-3.3,-1.7,-15.2,control,1 year,3.7,True,31.0
DIAL,1,-0.6,-0.3,-3.4,control,1 day,5.0,True,19.8
DIAL,5,3.4,-1.2,-4.3,control,1 week,-2.7,False,23.3
DIAL,10,3.5,-6.2,-7.9,control,2 weeks,3.0,True,23.1
DIAL,15,-1.4,-4.9,-7.2,control,3 weeks,-0.5,False,26.4
DIAL,22,1.2,-3.9,-1.8,control,1 month,-5.4,False,28.8
DIAL,44,1.6,-4.2,-5.7,control,2 months,8.9,True,31.7
DIAL,66,-4.9,-7.3,-2.7,control,3 months,9.0,True,34.3
DIAL,132,-9.5,0.6,3.1,control,6 months,4.6,True,31.6
DIAL,252,6.9,-4.0,18.4,control,1 year,22.7,True,37.9
CTC,1,-1.2,1.0,-3.9,control,1 day,-7.3,False,20.2
CTC,5,-4.2,0.2,-7.5,control,1 week,-9.5,False,22.3
CTC,10,0.2,1.6,-15.4,control,2 weeks,-16.8,False,25.1
CTC,15,-1.8,-0.4,-17.6,control,3 weeks,-13.7,False,28.0
CTC,22,-4.8,3.6,-16.3,control,1 month,-31.7,False,31.3
CTC,44,-6.4,-9.1,-13.5,control,2 months,-14.6,False,35.4
CTC,66,-11.9,-8.9,-8.1,control,3 months,-28.3,False,40.8
CTC,132,-2.9,0.8,35.1,control,6 months,-5.8,False,38.7
CTC,252,-33.7,21.6,39.7,control,1 year,-21.6,False,49.3
DIST,1,-1.0,-0.9,-2.7,control,1 day,8.6,True,20.2
DIST,5,-1.3,4.8,-1.3,control,1 week,-5.9,False,22.4
DIST,10,4.0,-4.6,0.4,control,2 weeks,7.8,True,25.5
DIST,15,1.7,-1.1,3.1,control,3 weeks,6.3,True,28.4
DIST,22,-1.7,4.7,8.7,control,1 month,9.3,True,28.7
DIST,44,-2.1,-0.5,7.0,control,2 months,14.5,True,32.3
DIST,66,3.7,-6.7,15.0,control,3 months,3.6,True,37.4
DIST,132,-13.9,9.2,20.3,control,6 months,-15.3,False,33.6
DIST,252,-27.1,42.7,44.8,control,1 year,-36.2,False,39.6
