date,spsl20_points
2015-01-01,4089.1399
2015-01-05,4110.2998
2015-01-07,4145.4102
2015-01-08,4149.1099
2015-01-09,4185.9702
2015-01-12,4272.5
2015-01-13,4261.5898
2015-01-14,4265.6802
2015-01-19,4248.0298
2015-01-20,4140.1099
2015-01-21,4133.52
2015-01-22,4103.6499
2015-01-23,4107.8198
2015-01-26,4080.0601
2015-01-27,4098.1899
2015-01-28,4134.7998
2015-01-29,4151.46
2015-01-30,4138.1499
2015-02-02,3960.1101
2015-02-03,3831.5901
2015-02-06,3865.5901
2015-02-09,3950.9399
2015-02-10,3992.3501
2015-02-11,4068.7
2015-02-12,4123.2002
2015-02-13,4120.2202
2015-02-16,4113.5801
2015-02-17,4076.8301
2015-02-19,4083.22
2015-02-20,4109.3999
2015-02-23,4136.6899
2015-02-24,4131.27
2015-02-25,4103.77
2015-02-26,4119.7202
2015-02-27,4121.8701
2015-03-02,4118.2998
2015-03-03,4108.0098
2015-03-04,4104.79
2015-03-05,4097.6899
2015-03-09,4109.98
2015-03-10,4087.9299
2015-03-11,4088.03
2015-03-12,4071.78
2015-03-13,4070.54
2015-03-16,4044.6599
2015-03-17,4035.54
2015-03-18,4031.6101
2015-03-19,4028.6699
2015-03-20,4021.3501
2015-03-23,4016.8999
2015-03-24,4002.77
2015-03-25,3977.1699
2015-03-26,3961.3101
2015-03-27,3930.8201
2015-03-30,3901.3401
2015-03-31,3832.53
2015-04-01,3852.4299
2015-04-02,3900.6699
2015-04-03,3909.5801
2015-04-07,3893.25
2015-04-08,3909.6599
2015-04-09,3910.26
2015-04-10,3894.49
2015-04-13,3892.4299
2015-04-16,3940.6399
2015-04-17,3991.1001
2015-04-20,4010.48
2015-04-21,4020.6001
2015-04-22,4039.6499
2015-04-23,4035.7
2015-04-24,4022.4399
2015-04-28,4020.79
2015-04-29,4030.22
2015-04-30,4050.8
2015-05-01,4055.8799
2015-05-06,4065.54
2015-05-07,4070.01
2015-05-08,4062.6101
2015-05-11,4058.77
2015-05-12,4065.3401
2015-05-13,4070.6101
2015-05-14,4066.3799
2015-05-15,4042.99
2015-05-18,4050.1399
2015-05-19,4038.74
2015-05-20,4046.3701
2015-05-21,4075.53
2015-05-22,4062.97
2015-05-25,4073.8201
2015-05-26,4054.6699
2015-05-27,4037.8501
2015-05-28,4029.78
2015-05-29,4044.0601
2015-06-01,4004.01
2015-06-02,3979.53
2015-06-04,3971.47
2015-06-05,3961.48
2015-06-08,3961.1399
2015-06-09,3924.52
2015-06-10,3915.1899
2015-06-11,3914.4099
2015-06-12,3906.02
2015-06-15,3916.1499
2015-06-16,3926.9399
2015-06-17,3904.1201
2015-06-18,3914.76
2015-06-19,3929.4399
2015-06-22,3919.0
2015-06-23,3924.8201
2015-06-24,3941.3701
2015-06-25,3929.48
2015-06-26,3911.7
2015-06-29,3907.4299
2015-06-30,3925.23
2015-07-01,3917.8601
2015-07-03,3899.4199
2015-07-06,3919.4299
2015-07-07,3919.79
2015-07-08,3887.8301
2015-07-09,3852.5901
2015-07-10,3877.29
2015-07-13,3916.23
2015-07-14,3923.73
2015-07-15,3932.1299
2015-07-16,3992.47
2015-07-17,4009.1101
2015-07-20,4019.51
2015-07-21,4018.53
2015-07-22,4005.1399
2015-07-23,4046.96
2015-07-24,4052.05
2015-07-27,4082.1101
2015-07-28,4070.1799
2015-07-29,4087.0
2015-07-30,4108.9102
2015-07-31,4119.0698
2015-08-04,4095.28
2015-08-05,4084.5701
2015-08-06,4083.02
2015-08-07,4094.9199
2015-08-10,4097.2202
2015-08-11,4104.7202
2015-08-12,4154.1499
2015-08-13,4155.0801
2015-08-14,4137.8301
2015-08-17,4157.0498
2015-08-18,4164.48
2015-08-19,4160.3198
2015-08-20,4188.4902
2015-08-21,4141.2798
2015-08-24,4138.6499
2015-08-25,4045.3
2015-08-26,3984.4099
2015-08-27,3987.0
2015-08-28,4009.9299
2015-08-31,4049.8401
2015-09-01,4025.4299
2015-09-02,4024.0901
2015-09-03,3981.27
2015-09-04,3979.26
2015-09-07,3956.21
2015-09-08,3938.3301
2015-09-09,3914.04
2015-09-10,3947.55
2015-09-11,3924.25
2015-09-14,3910.3999
2015-09-15,3920.77
2015-09-16,3918.01
2015-09-17,3909.48
2015-09-18,3885.0801
2015-09-21,3893.02
2015-09-22,3883.22
2015-09-23,3899.02
2015-09-24,3884.22
2015-09-28,3889.52
2015-09-29,3864.3501
2015-09-30,3850.9299
2015-10-01,3815.1899
2015-10-02,3831.6899
2015-10-05,3840.75
2015-10-06,3830.23
2015-10-07,3827.3101
2015-10-08,3821.6899
2015-10-09,3818.6001
2015-10-12,3819.8
2015-10-13,3816.22
2015-10-14,3811.21
2015-10-15,3781.1699
2015-10-16,3783.1299
2015-10-19,3773.71
2015-10-20,3781.3
2015-10-21,3796.8601
2015-10-22,3808.8301
2015-10-23,3819.0701
2015-10-26,3821.8301
2015-10-27,3827.8301
2015-10-29,3840.0
2015-10-30,3827.8899
2015-11-02,3803.0
2015-11-03,3796.79
2015-11-04,3786.74
2015-11-05,3784.6101
2015-11-06,3794.1101
2015-11-09,3824.6201
2015-11-10,3821.97
2015-11-12,3790.6101
2015-11-13,3783.3401
2015-11-16,3787.0
2015-11-17,3759.26
2015-11-18,3763.3
2015-11-19,3759.3501
2015-11-20,3781.25
2015-11-23,3774.1101
2015-11-24,3782.72
2015-11-25,3735.6101
2015-11-27,3705.0
2015-11-30,3704.04
2015-12-01,3657.6899
2015-12-02,3651.3401
2015-12-03,3637.75
2015-12-04,3647.6799
2015-12-07,3638.5601
2015-12-08,3632.9299
2015-12-09,3624.3899
2015-12-10,3616.01
2015-12-11,3612.5701
2015-12-14,3607.3101
2015-12-15,3585.6299
2015-12-16,3610.54
2015-12-17,3597.0701
2015-12-18,3615.76
2015-12-21,3628.5801
2015-12-22,3628.3
2015-12-23,3596.8701
2015-12-24,3615.6399
2015-12-29,3588.6399
2015-12-30,3592.1201
2015-12-31,3605.0701
2016-01-01,3625.6899
2016-01-05,3598.8799
2016-01-06,3586.25
2016-01-07,3573.1799
2016-01-08,3546.45
2016-01-11,3514.4099
2016-01-12,3471.3201
2016-01-13,3393.04
2016-01-14,3404.51
2016-01-15,3344.28
2016-01-19,3284.3601
2016-01-20,3267.6799
2016-01-21,3251.3899
2016-01-22,3285.6899
2016-01-25,3320.99
2016-01-26,3303.9199
2016-01-27,3276.4299
2016-01-28,3275.4199
2016-01-29,3285.6201
2016-02-01,3310.27
2016-02-02,3322.49
2016-02-03,3365.6499
2016-02-04,3337.6201
2016-02-08,3351.6599
2016-02-09,3342.6499
2016-02-10,3338.5801
2016-02-11,3325.8501
2016-02-12,3287.02
2016-02-15,3264.9399
2016-02-16,3256.6799
2016-02-17,3256.3101
2016-02-18,3236.4299
2016-02-19,3240.79
2016-02-22,3265.1399
2016-02-24,3261.73
2016-02-25,3259.97
2016-02-26,3252.3301
2016-02-29,3247.6899
2016-03-01,3249.46
2016-03-02,3229.23
2016-03-03,3210.6001
2016-03-04,3206.1001
2016-03-07,3204.5
2016-03-09,3144.8501
2016-03-10,3092.9199
2016-03-11,3133.5601
2016-03-14,3180.9199
2016-03-15,3158.23
2016-03-16,3142.95
2016-03-17,3159.9199
2016-03-18,3174.05
2016-03-21,3167.46
2016-03-22,3180.8301
2016-03-24,3188.27
2016-03-25,3197.3
2016-03-29,3194.8401
2016-03-30,3181.6399
2016-03-31,3188.26
2016-04-01,3204.4399
2016-04-04,3212.01
2016-04-05,3214.78
2016-04-06,3253.45
2016-04-07,3254.7
2016-04-08,3283.3101
2016-04-11,3311.9399
2016-04-12,3325.71
2016-04-13,3361.55
2016-04-18,3365.6599
2016-04-19,3363.3701
2016-04-20,3368.8301
2016-04-21,3395.71
2016-04-25,3395.8401
2016-04-26,3369.52
2016-04-27,3397.6599
2016-04-28,3404.98
2016-04-29,3397.8301
2016-05-02,3435.55
2016-05-04,3493.46
2016-05-05,3474.03
2016-05-06,3475.03
2016-05-09,3471.3701
2016-05-10,3474.6101
2016-05-11,3507.46
2016-05-12,3502.97
2016-05-13,3506.6001
2016-05-16,3509.8501
2016-05-17,3510.0601
2016-05-18,3482.5801
2016-05-19,3483.5601
2016-05-20,3460.6899
2016-05-23,3454.6399
2016-05-25,3443.3401
2016-05-27,3440.1101
2016-05-30,3441.26
2016-05-31,3436.45
2016-06-01,3425.5701
2016-06-02,3421.4199
2016-06-03,3416.6799
2016-06-06,3416.47
2016-06-07,3414.48
2016-06-08,3424.49
2016-06-09,3423.1201
2016-06-10,3426.4399
2016-06-13,3423.8201
2016-06-14,3441.48
2016-06-15,3436.0601
2016-06-16,3426.6799
2016-06-17,3385.0601
2016-06-21,3402.21
2016-06-22,3398.2
2016-06-24,3361.71
2016-06-27,3341.6499
2016-06-28,3320.77
2016-06-29,3318.71
2016-06-30,3310.55
2016-07-01,3300.2
2016-07-04,3316.3899
2016-07-05,3290.3301
2016-07-06,3309.3401
2016-07-08,3326.23
2016-07-11,3359.1001
2016-07-12,3374.3101
2016-07-13,3390.96
2016-07-14,3408.0
2016-07-15,3404.52
2016-07-18,3416.3
2016-07-19,3411.76
2016-07-21,3422.1899
2016-07-22,3427.1499
2016-07-25,3428.5801
2016-07-26,3411.96
2016-07-27,3406.75
2016-07-28,3401.79
2016-07-29,3414.6599
2016-08-01,3414.3899
2016-08-02,3439.3999
2016-08-03,3529.6699
2016-08-04,3534.1201
2016-08-05,3511.02
2016-08-08,3531.3601
2016-08-09,3531.3899
2016-08-10,3546.52
2016-08-11,3565.6299
2016-08-12,3554.6399
2016-08-15,3566.8401
2016-08-16,3601.6499
2016-08-17,3606.5
2016-08-19,3621.5801
2016-08-22,3632.8601
2016-08-23,3637.1399
2016-08-24,3627.96
2016-08-25,3613.8
2016-08-26,3612.5701
2016-08-29,3584.9299
2016-08-30,3585.73
2016-08-31,3579.5901
2016-09-01,3585.1399
2016-09-02,3597.6499
2016-09-05,3599.9399
2016-09-06,3591.95
2016-09-07,3593.2
2016-09-08,3583.48
2016-09-09,3579.28
2016-09-12,3584.0601
2016-09-14,3590.24
2016-09-15,3582.75
2016-09-16,3577.95
2016-09-20,3563.0
2016-09-21,3552.03
2016-09-22,3565.8799
2016-09-23,3579.21
2016-09-26,3587.3501
2016-09-27,3589.1699
2016-09-28,3588.7
2016-09-29,3614.51
2016-09-30,3622.9299
2016-10-03,3617.3201
2016-10-04,3652.6001
2016-10-05,3641.9399
2016-10-06,3643.5801
2016-10-07,3646.1299
2016-10-10,3664.48
2016-10-11,3661.23
2016-10-12,3650.0901
2016-10-13,3638.0801
2016-10-14,3615.48
2016-10-17,3615.1201
2016-10-18,3598.4399
2016-10-19,3591.74
2016-10-20,3597.05
2016-10-21,3593.1699
2016-10-24,3594.5901
2016-10-25,3586.96
2016-10-26,3587.47
2016-10-27,3585.8201
2016-10-28,3584.0601
2016-10-31,3572.3601
2016-11-01,3559.9199
2016-11-02,3574.8301
2016-11-03,3598.73
2016-11-04,3610.3999
2016-11-07,3608.55
2016-11-08,3619.8999
2016-11-09,3614.5801
2016-11-10,3588.45
2016-11-11,3593.6499
2016-11-14,3589.97
2016-11-16,3583.79
2016-11-17,3531.9199
2016-11-18,3527.1001
2016-11-21,3514.98
2016-11-22,3486.3
2016-11-23,3473.6499
2016-11-24,3473.8701
2016-11-25,3478.53
2016-11-28,3476.54
2016-11-29,3459.8601
2016-11-30,3456.8999
2016-12-01,3467.1001
2016-12-02,3508.4399
2016-12-05,3521.76
2016-12-06,3555.8501
2016-12-07,3540.05
2016-12-08,3533.8401
2016-12-09,3555.9099
2016-12-12,3555.02
2016-12-15,3540.6201
2016-12-16,3529.6101
2016-12-19,3521.6699
2016-12-20,3512.29
2016-12-21,3496.0601
2016-12-22,3490.3501
2016-12-23,3478.1499
2016-12-26,3482.21
2016-12-28,3477.02
2016-12-29,3505.78
2016-12-30,3503.1299
2017-01-02,3496.4399
2017-01-03,3472.5
2017-01-04,3438.3999
2017-01-05,3447.75
2017-01-06,3446.98
2017-01-09,3462.25
2017-01-10,3471.28
2017-01-11,3462.3101
2017-01-12,3503.0701
2017-01-16,3524.3999
2017-01-17,3508.79
2017-01-18,3491.3401
2017-01-19,3497.27
2017-01-20,3492.6101
2017-01-23,3508.3999
2017-01-24,3500.4399
2017-01-25,3479.48
2017-01-26,3474.4099
2017-01-27,3479.3899
2017-01-30,3491.1599
2017-01-31,3492.9199
2017-02-01,3489.6101
2017-02-02,3490.9099
2017-02-03,3504.3501
2017-02-06,3506.1299
2017-02-07,3466.3201
2017-02-08,3478.0801
2017-02-09,3485.2
2017-02-10,3488.5
2017-02-14,3521.24
2017-02-15,3532.9299
2017-02-16,3545.9099
2017-02-17,3547.8601
2017-02-20,3543.6299
2017-02-21,3538.0701
2017-02-22,3544.72
2017-02-23,3538.8501
2017-02-24,3553.1101
2017-02-28,3534.8501
2017-03-01,3543.8201
2017-03-02,3538.55
2017-03-03,3533.1399
2017-03-06,3524.77
2017-03-07,3534.3701
2017-03-08,3529.1599
2017-03-09,3507.77
2017-03-10,3501.9199
2017-03-13,3496.5801
2017-03-14,3482.0801
2017-03-15,3459.8899
2017-03-16,3450.0701
2017-03-17,3447.1899
2017-03-20,3451.6899
2017-03-21,3448.52
2017-03-22,3447.5901
2017-03-23,3423.6899
2017-03-24,3411.96
2017-03-27,3416.6799
2017-03-28,3398.1699
2017-03-29,3399.03
2017-03-30,3419.53
2017-03-31,3423.72
2017-04-03,3438.8799
2017-04-04,3443.1201
2017-04-05,3495.48
2017-04-06,3520.46
2017-04-07,3549.98
2017-04-10,3581.6299
2017-04-12,3588.8899
2017-04-13,3647.8201
2017-04-18,3612.96
2017-04-19,3622.78
2017-04-20,3671.5601
2017-04-21,3704.24
2017-04-24,3735.8301
2017-04-25,3717.6399
2017-04-26,3702.96
2017-04-27,3720.55
2017-04-28,3761.5801
2017-05-01,3786.3899
2017-05-03,3778.6399
2017-05-04,3757.6499
2017-05-05,3785.1499
2017-05-08,3801.6899
2017-05-09,3827.3401
2017-05-10,3836.5
2017-05-15,3850.22
2017-05-16,3836.4399
2017-05-17,3841.9199
2017-05-18,3868.6001
2017-05-19,3841.0801
2017-05-22,3844.6799
2017-05-23,3828.8899
2017-05-24,3821.6599
2017-05-25,3846.1001
2017-05-26,3846.8101
2017-05-29,3828.5901
2017-05-30,3820.6599
2017-05-31,3803.27
2017-06-01,3818.8999
2017-06-02,3833.3401
2017-06-05,3842.45
2017-06-06,3839.3301
2017-06-07,3836.9299
2017-06-08,3833.6699
2017-06-12,3840.77
2017-06-13,3840.28
2017-06-14,3844.3501
2017-06-15,3872.6599
2017-06-16,3900.3
2017-06-19,3916.4399
2017-06-20,3885.28
2017-06-21,3900.5901
2017-06-22,3923.02
2017-06-23,3913.6201
2017-06-26,3915.3
2017-06-28,3909.99
2017-06-29,3898.48
2017-06-30,3903.23
2017-07-03,3933.51
2017-07-04,3929.48
2017-07-05,3920.5901
2017-07-06,3907.1201
2017-07-07,3905.45
2017-07-10,3908.9399
2017-07-11,3904.3201
2017-07-12,3904.45
2017-07-13,3902.6799
2017-07-14,3899.5801
2017-07-17,3909.54
2017-07-18,3882.1399
2017-07-19,3874.8601
2017-07-20,3838.0801
2017-07-21,3837.26
2017-07-24,3819.23
2017-07-25,3813.3899
2017-07-26,3821.8899
2017-07-27,3830.5601
2017-07-28,3830.8401
2017-07-31,3822.9199
2017-08-01,3811.01
2017-08-02,3789.0901
2017-08-03,3789.8301
2017-08-04,3781.8999
2017-08-07,3784.51
2017-08-09,3754.0801
2017-08-10,3734.21
2017-08-11,3737.9399
2017-08-14,3724.21
2017-08-15,3734.9299
2017-08-16,3696.28
2017-08-17,3697.8701
2017-08-18,3690.8101
2017-08-21,3706.02
2017-08-22,3698.99
2017-08-23,3678.0701
2017-08-24,3663.6499
2017-08-25,3658.1499
2017-08-28,3690.5701
2017-08-29,3694.1699
2017-08-30,3686.1001
2017-08-31,3683.96
2017-09-01,3685.96
2017-09-05,3683.6499
2017-09-07,3676.23
2017-09-08,3670.78
2017-09-11,3674.5801
2017-09-12,3672.5
2017-09-13,3660.1499
2017-09-14,3655.1599
2017-09-15,3663.8101
2017-09-18,3682.3401
2017-09-19,3683.6899
2017-09-20,3692.52
2017-09-21,3716.25
2017-09-22,3713.22
2017-09-25,3692.1499
2017-09-26,3679.7
2017-09-27,3685.4099
2017-09-28,3672.3899
2017-09-29,3682.8899
2017-10-02,3687.97
2017-10-03,3709.6599
2017-10-04,3752.8701
2017-10-05,3784.3799
2017-10-09,3797.4299
2017-10-10,3796.6399
2017-10-11,3833.96
2017-10-12,3870.4199
2017-10-13,3917.6399
2017-10-16,3915.4199
2017-10-17,3845.3
2017-10-18,3847.98
2017-10-20,3827.5901
2017-10-23,3831.4199
2017-10-24,3827.1399
2017-10-25,3825.1101
2017-10-26,3861.45
2017-10-27,3896.03
2017-10-30,3872.5
2017-10-31,3879.1201
2017-11-01,3899.6299
2017-11-02,3902.45
2017-11-03,3898.4099
2017-11-07,3883.1799
2017-11-08,3878.4199
2017-11-09,3869.0601
2017-11-10,3849.1001
2017-11-13,3841.97
2017-11-14,3813.98
2017-11-15,3770.1899
2017-11-16,3737.8601
2017-11-17,3762.3999
2017-11-20,3798.0
2017-11-21,3784.5801
2017-11-22,3769.55
2017-11-23,3753.1899
2017-11-24,3752.3701
2017-11-27,3733.1001
2017-11-28,3741.78
2017-11-29,3731.4199
2017-11-30,3723.4199
2017-12-01,3724.96
2017-12-05,3720.8401
2017-12-06,3716.5
2017-12-07,3708.5601
2017-12-08,3712.6101
2017-12-11,3713.1499
2017-12-12,3695.8501
2017-12-13,3709.99
2017-12-14,3687.8
2017-12-15,3689.23
2017-12-18,3692.5601
2017-12-19,3692.95
2017-12-20,3662.6399
2017-12-21,3652.3501
2017-12-22,3647.02
2017-12-25,3649.9099
2017-12-27,3671.1699
2017-12-28,3668.7
2017-12-29,3667.77
2018-01-01,3671.72
2018-01-03,3702.6299
2018-01-04,3742.8501
2018-01-05,3745.26
2018-01-08,3783.9299
2018-01-09,3810.05
2018-01-10,3808.6201
2018-01-11,3791.5701
2018-01-12,3793.96
2018-01-15,3767.2
2018-01-17,3747.1599
2018-01-18,3746.1799
2018-01-19,3709.6299
2018-01-22,3735.48
2018-01-23,3717.0701
2018-01-24,3726.6599
2018-01-25,3745.24
2018-01-26,3747.8999
2018-01-29,3749.8899
2018-01-30,3737.5801
2018-01-31,3747.3
2018-02-02,3743.1699
2018-02-05,3751.95
2018-02-07,3736.6399
2018-02-08,3729.47
2018-02-09,3738.79
2018-02-12,3730.1799
2018-02-13,3714.97
2018-02-15,3698.8
2018-02-16,3701.01
2018-02-19,3705.21
2018-02-20,3699.72
2018-02-21,3714.75
2018-02-22,3735.55
2018-02-23,3722.55
2018-02-26,3728.3101
2018-02-27,3723.4099
2018-02-28,3723.55
2018-03-01,3710.1399
2018-03-05,3717.55
2018-03-06,3721.97
2018-03-07,3710.8201
2018-03-08,3681.26
2018-03-09,3692.79
2018-03-12,3698.5701
2018-03-13,3681.25
2018-03-14,3681.05
2018-03-15,3665.52
2018-03-16,3666.3501
2018-03-19,3679.9299
2018-03-20,3669.46
2018-03-21,3641.46
2018-03-22,3626.5601
2018-03-23,3624.99
2018-03-26,3623.6399
2018-03-27,3635.3501
2018-03-28,3635.02
2018-03-29,3639.52
2018-03-30,3650.1001
2018-04-03,3634.03
2018-04-04,3636.02
2018-04-05,3640.1899
2018-04-06,3657.1599
2018-04-09,3656.1599
2018-04-10,3646.98
2018-04-11,3656.6101
2018-04-12,3666.95
2018-04-13,3676.98
2018-04-17,3671.29
2018-04-18,3687.6201
2018-04-19,3690.79
2018-04-20,3676.5
2018-04-23,3679.23
2018-04-24,3675.52
2018-04-25,3681.6001
2018-04-26,3684.3501
2018-04-27,3678.26
2018-04-30,3660.1001
2018-05-02,3655.8201
2018-05-03,3642.79
2018-05-04,3649.3999
2018-05-07,3640.48
2018-05-09,3632.6101
2018-05-10,3631.72
2018-05-11,3625.8601
2018-05-14,3622.1101
2018-05-15,3609.04
2018-05-16,3616.1599
2018-05-17,3620.55
2018-05-18,3609.8799
2018-05-21,3628.74
2018-05-22,3624.4099
2018-05-23,3613.9399
2018-05-24,3611.4399
2018-05-25,3616.3301
2018-05-28,3620.71
2018-05-29,3616.1299
2018-05-31,3585.53
2018-06-01,3567.04
2018-06-04,3581.23
2018-06-05,3574.3701
2018-06-06,3592.6599
2018-06-07,3578.4399
2018-06-08,3557.76
2018-06-11,3539.9299
2018-06-12,3544.99
2018-06-13,3538.1499
2018-06-14,3532.0901
2018-06-15,3526.9299
2018-06-19,3513.8899
2018-06-20,3473.52
2018-06-21,3430.73
2018-06-22,3431.3
2018-06-25,3428.0
2018-06-26,3421.0601
2018-06-27,3397.8899
2018-06-29,3390.1499
2018-07-02,3388.8799
2018-07-03,3348.28
2018-07-04,3303.1101
2018-07-05,3280.8
2018-07-06,3295.6899
2018-07-09,3323.52
2018-07-10,3298.23
2018-07-11,3305.5901
2018-07-12,3318.3999
2018-07-13,3336.4099
2018-07-16,3334.8201
2018-07-17,3336.0701
2018-07-18,3378.55
2018-07-19,3360.1599
2018-07-20,3389.76
2018-07-23,3400.4299
2018-07-24,3397.6599
2018-07-25,3392.23
2018-07-26,3381.1499
2018-07-27,3360.3701
2018-07-31,3338.1499
2018-08-01,3333.4199
2018-08-02,3305.22
2018-08-03,3309.5
2018-08-06,3322.25
2018-08-07,3308.3899
2018-08-08,3286.3799
2018-08-09,3312.53
2018-08-10,3332.3301
2018-08-13,3316.47
2018-08-14,3302.1899
2018-08-15,3275.1599
2018-08-16,3267.75
2018-08-17,3248.1599
2018-08-20,3238.25
2018-08-21,3227.6101
2018-08-22,3213.99
2018-08-24,3215.6101
2018-08-27,3212.8601
2018-08-28,3214.75
2018-08-29,3196.97
2018-08-30,3225.1799
2018-08-31,3241.0
2018-09-03,3229.21
2018-09-04,3232.3201
2018-09-05,3224.98
2018-09-06,3223.8899
2018-09-07,3221.8999
2018-09-10,3216.8201
2018-09-11,3197.77
2018-09-12,3202.74
2018-09-13,3170.6799
2018-09-14,3167.4199
2018-09-17,3139.77
2018-09-18,3130.28
2018-09-19,3072.3201
2018-09-20,3077.3601
2018-09-21,3030.77
2018-09-24,3016.76
2018-09-26,2979.29
2018-09-27,3019.5801
2018-09-28,3009.3101
2018-10-01,3002.0
2018-10-02,2970.0601
2018-10-03,2963.03
2018-10-04,2969.6001
2018-10-05,2978.6599
2018-10-08,3010.6001
2018-10-09,3038.1201
2018-10-10,3002.1399
2018-10-11,3000.1599
2018-10-12,2965.8201
2018-10-15,2946.6299
2018-10-16,2909.0801
2018-10-17,2935.8999
2018-10-18,2917.45
2018-10-19,2932.5601
2018-10-22,2916.8201
2018-10-23,2920.6699
2018-10-24,2932.23
2018-10-26,2927.6499
2018-10-29,2997.3301
2018-10-30,3058.5901
2018-10-31,3083.2
2018-11-01,3084.0801
2018-11-02,3221.0701
2018-11-05,3208.4299
2018-11-06,3190.5801
2018-11-08,3110.6399
2018-11-09,3063.8201
2018-11-12,3094.21
2018-11-13,3105.98
2018-11-14,3128.8701
2018-11-15,3087.48
2018-11-16,3105.5701
2018-11-19,3109.5
2018-11-20,3114.0601
2018-11-22,3114.51
2018-11-26,3106.97
2018-11-27,3116.98
2018-11-28,3148.49
2018-11-29,3148.96
2018-11-30,3159.76
2018-12-03,3178.51
2018-12-04,3201.0801
2018-12-05,3179.1101
2018-12-06,3176.6499
2018-12-07,3195.0601
2018-12-10,3193.99
2018-12-11,3172.3799
2018-12-12,3148.48
2018-12-13,3151.0
2018-12-14,3154.4199
2018-12-17,3149.4299
2018-12-18,3141.9099
2018-12-19,3127.8899
2018-12-20,3128.6699
2018-12-21,3120.49
2018-12-24,3108.1799
2018-12-25,3124.73
2018-12-27,3121.5
2018-12-28,3116.8999
2018-12-31,3115.4199
2019-01-01,3135.1799
2019-01-03,3111.0701
2019-01-04,3091.52
2019-01-07,3105.75
2019-01-08,3070.2
2019-01-09,3049.95
2019-01-10,3036.0901
2019-01-11,3037.6299
2019-01-14,3036.6101
2019-01-15,3040.73
2019-01-17,3044.72
2019-01-18,3053.25
2019-01-21,3066.29
2019-01-22,3054.76
2019-01-23,3045.3201
2019-01-24,3032.73
2019-01-25,3037.46
2019-01-28,3046.23
2019-01-29,3052.25
2019-01-30,3082.52
2019-01-31,3077.0801
2019-02-01,3073.71
2019-02-04,3072.46
2019-02-06,3074.6201
2019-02-07,3057.75
2019-02-08,3053.25
2019-02-11,3058.0701
2019-02-12,3062.4099
2019-02-13,3040.6201
2019-02-14,3040.6499
2019-02-15,3043.4099
2019-02-18,3028.22
2019-02-19,3022.8501
2019-02-21,3006.4099
2019-02-22,2977.3501
2019-02-25,2977.47
2019-02-26,2977.8301
2019-02-27,2980.46
2019-02-28,2972.3501
2019-03-01,2978.9099
2019-03-04,2868.04
2019-03-06,2886.3899
2019-03-07,2881.8601
2019-03-08,2882.6799
2019-03-11,2859.5901
2019-03-12,2818.3201
2019-03-13,2795.8799
2019-03-14,2751.3
2019-03-15,2771.28
2019-03-18,2761.1001
2019-03-19,2761.0
2019-03-20,2752.3501
2019-03-22,2741.3101
2019-03-25,2724.9399
2019-03-26,2717.6001
2019-03-27,2708.0
2019-03-28,2701.8701
2019-03-29,2736.49
2019-04-01,2738.95
2019-04-02,2716.71
2019-04-03,2730.99
2019-04-04,2737.5701
2019-04-05,2757.0601
2019-04-08,2742.47
2019-04-09,2721.0801
2019-04-10,2720.4099
2019-04-11,2721.05
2019-04-12,2717.0901
2019-04-15,2713.3101
2019-04-17,2722.1399
2019-04-18,2715.6599
2019-04-19,2710.27
2019-04-24,2590.9099
2019-04-25,2603.0
2019-04-26,2591.1799
2019-04-29,2600.76
2019-04-30,2613.3701
2019-05-01,2627.46
2019-05-03,2623.1699
2019-05-06,2617.95
2019-05-07,2587.2
2019-05-08,2565.3101
2019-05-09,2552.1599
2019-05-10,2535.8201
2019-05-13,2519.0801
2019-05-14,2511.8601
2019-05-15,2459.1499
2019-05-16,2441.3999
2019-05-17,2454.73
2019-05-20,2446.8999
2019-05-22,2466.1499
2019-05-23,2473.1001
2019-05-24,2466.8799
2019-05-27,2464.1699
2019-05-28,2459.3201
2019-05-29,2464.1499
2019-05-30,2479.3899
2019-05-31,2478.0901
2019-06-03,2469.8201
2019-06-04,2458.8601
2019-06-05,2446.3899
2019-06-07,2442.1399
2019-06-10,2459.9199
2019-06-11,2477.48
2019-06-12,2488.1499
2019-06-13,2504.8101
2019-06-14,2503.6001
2019-06-17,2512.6799
2019-06-18,2512.24
2019-06-19,2515.3401
2019-06-20,2513.96
2019-06-21,2493.8799
2019-06-24,2488.98
2019-06-25,2489.6201
2019-06-26,2482.0801
2019-06-27,2479.9199
2019-06-28,2477.76
2019-07-01,2496.5601
2019-07-02,2505.0701
2019-07-03,2524.75
2019-07-04,2542.3201
2019-07-05,2587.8401
2019-07-08,2594.4399
2019-07-09,2580.0901
2019-07-10,2600.74
2019-07-11,2594.6001
2019-07-12,2613.99
2019-07-15,2627.1899
2019-07-16,2643.02
2019-07-18,2694.53
2019-07-19,2740.1499
2019-07-22,2762.04
2019-07-23,2724.76
2019-07-24,2749.55
2019-07-25,2810.0601
2019-07-26,2880.54
2019-07-29,2925.48
2019-07-30,3050.8201
2019-07-31,3024.99
2019-08-01,2983.45
2019-08-02,2927.8999
2019-08-05,2906.6799
2019-08-06,2896.52
2019-08-07,2859.98
2019-08-08,2898.1001
2019-08-09,2885.79
2019-08-12,2955.3701
2019-08-14,2960.5801
2019-08-16,2904.5901
2019-08-19,2905.8101
2019-08-20,2896.1399
2019-08-21,2914.5801
2019-08-22,2918.03
2019-08-23,2898.29
2019-08-26,2902.8
2019-08-27,2891.72
2019-08-28,2921.5901
2019-08-29,2928.7
2019-08-30,2924.6499
2019-09-02,2908.4399
2019-09-03,2888.3401
2019-09-04,2887.05
2019-09-05,2878.99
2019-09-06,2859.9399
2019-09-09,2817.76
2019-09-10,2831.3999
2019-09-11,2815.3
2019-09-12,2805.53
2019-09-13,2815.05
2019-09-17,2807.96
2019-09-18,2786.6001
2019-09-19,2778.05
2019-09-20,2786.95
2019-09-23,2766.0601
2019-09-24,2759.75
2019-09-25,2746.9199
2019-09-26,2741.3899
2019-09-27,2754.9099
2019-09-30,2764.01
2019-10-01,2759.72
2019-10-02,2760.9199
2019-10-03,2746.8201
2019-10-04,2744.78
2019-10-07,2759.29
2019-10-08,2778.22
2019-10-09,2793.5601
2019-10-10,2862.05
2019-10-11,2864.77
2019-10-14,2866.4399
2019-10-15,2900.26
2019-10-16,2878.0
2019-10-17,2881.0601
2019-10-18,2887.8601
2019-10-21,2905.27
2019-10-22,2912.6599
2019-10-23,2926.77
2019-10-24,2922.3501
2019-10-25,2932.3601
2019-10-28,2935.3101
2019-10-29,2940.8601
2019-10-30,2951.3899
2019-10-31,2950.3301
2019-11-01,2980.1101
2019-11-04,2990.3401
2019-11-05,2981.8101
2019-11-06,2981.1001
2019-11-07,2958.23
2019-11-08,2935.3201
2019-11-11,2951.99
2019-11-14,2969.5701
2019-11-15,2964.78
2019-11-18,2986.52
2019-11-19,3046.04
2019-11-20,3062.9099
2019-11-21,3036.1599
2019-11-22,3028.3501
2019-11-25,3022.0
2019-11-26,3003.95
2019-11-27,3011.1001
2019-11-28,3021.24
2019-11-29,3069.23
2019-12-02,3072.1499
2019-12-03,3053.3401
2019-12-04,3049.48
2019-12-05,3031.77
2019-12-06,3000.02
2019-12-09,3000.4299
2019-12-10,2974.47
2019-12-11,2945.24
2019-12-13,2955.22
2019-12-16,2958.71
2019-12-17,2936.1699
2019-12-18,2945.29
2019-12-19,2953.1001
2019-12-20,2946.3401
2019-12-23,2945.8899
2019-12-24,2927.6899
2019-12-25,2948.45
2019-12-27,2965.3401
2019-12-30,2972.0901
2019-12-31,2958.27
2020-01-01,2936.96
2020-01-03,2929.0901
2020-01-06,2928.5
2020-01-07,2893.79
2020-01-08,2857.99
2020-01-09,2782.45
2020-01-10,2830.76
2020-01-14,2816.98
2020-01-15,2829.96
2020-01-17,2807.22
2020-01-20,2791.0601
2020-01-21,2784.6599
2020-01-22,2826.23
2020-01-23,2849.29
2020-01-24,2876.8999
2020-01-27,2883.01
2020-01-28,2843.4299
2020-01-29,2817.73
2020-01-30,2830.2
2020-01-31,2833.6599
2020-02-03,2835.04
2020-02-04,2839.1299
2020-02-06,2840.99
2020-02-07,2839.5601
2020-02-10,2835.3501
2020-02-11,2824.0601
2020-02-12,2801.8501
2020-02-13,2784.8301
2020-02-14,2767.8999
2020-02-17,2773.26
2020-02-18,2768.8501
2020-02-19,2783.6599
2020-02-20,2807.1101
2020-02-21,2788.3101
2020-02-25,2771.3
2020-02-26,2731.3899
2020-02-27,2670.97
2020-02-28,2675.4099
2020-03-02,2631.99
2020-03-03,2646.97
2020-03-04,2656.75
2020-03-05,2586.3101
2020-03-06,2548.3101
2020-03-09,2479.6101
2020-03-11,2361.75
2020-03-12,2405.8
2020-03-13,2293.6899
2020-03-16,2205.97
2020-03-23,1947.42
2020-05-12,1760.53
2020-05-13,1685.45
2020-05-14,1729.15
2020-05-15,1707.02
2020-05-18,1755.51
2020-05-19,1847.71
2020-05-20,1886.65
2020-05-21,1904.14
2020-05-22,2037.04
2020-05-25,2034.38
2020-05-27,1997.2
2020-05-28,2014.36
2020-05-29,2057.7
2020-06-01,2016.08
2020-06-02,1962.2
2020-06-03,1972.78
2020-06-04,1952.34
2020-06-05,1954.5699
2020-06-09,2002.3101
2020-06-10,2041.9
2020-06-11,2039.0699
2020-06-12,2055.0601
2020-06-15,2054.96
2020-06-16,2047.22
2020-06-17,2079.1201
2020-06-18,2130.6699
2020-06-19,2140.51
2020-06-22,2156.53
2020-06-23,2221.3501
2020-06-24,2257.5701
2020-06-25,2275.45
2020-06-26,2287.5601
2020-06-29,2290.8501
2020-06-30,2277.3201
2020-07-01,2268.77
2020-07-02,2258.72
2020-07-03,2229.3201
2020-07-06,2190.75
2020-07-07,2188.5601
2020-07-08,2212.7
2020-07-09,2195.6799
2020-07-10,2205.6599
2020-07-13,2140.1899
2020-07-14,2072.1001
2020-07-15,2113.51
2020-07-16,2095.95
2020-07-17,2126.6299
2020-07-20,2153.5
2020-07-21,2181.1299
2020-07-22,2173.6101
2020-07-23,2158.6101
2020-07-24,2159.6299
2020-07-27,2161.8899
2020-07-28,2178.1699
2020-07-29,2171.4299
2020-07-30,2163.0901
2020-07-31,2153.3999
2020-08-03,2179.6499
2020-08-05,2215.0801
2020-08-06,2209.6699
2020-08-07,2219.54
2020-08-10,2227.1899
2020-08-11,2210.48
2020-08-12,2231.78
2020-08-13,2277.2
2020-08-14,2297.1201
2020-08-17,2320.1001
2020-08-18,2316.99
2020-08-19,2331.1399
2020-08-20,2370.29
2020-08-21,2371.8701
2020-08-24,2394.1799
2020-08-25,2398.98
2020-08-26,2379.6699
2020-08-27,2364.9099
2020-08-28,2353.27
2020-08-31,2360.3799
2020-09-01,2359.75
2020-09-03,2348.3601
2020-09-04,2343.8101
2020-09-07,2321.5701
2020-09-08,2307.8899
2020-09-09,2307.6399
2020-09-10,2334.76
2020-09-11,2342.8501
2020-09-14,2359.24
2020-09-15,2382.77
2020-09-16,2389.3301
2020-09-17,2406.3601
2020-09-18,2480.0701
2020-09-21,2512.3999
2020-09-22,2511.72
2020-09-23,2492.3501
2020-09-24,2486.01
2020-09-25,2481.9199
2020-09-28,2482.0801
2020-09-29,2495.72
2020-09-30,2476.1101
2020-10-01,2465.79
2020-10-05,2454.4299
2020-10-06,2288.51
2020-10-07,2272.22
2020-10-08,2272.8899
2020-10-09,2317.1499
2020-10-12,2348.5
2020-10-13,2334.71
2020-10-14,2308.96
2020-10-15,2346.8301
2020-10-16,2366.1399
2020-10-19,2370.4299
2020-10-20,2382.72
2020-10-21,2387.5601
2020-10-22,2287.6001
2020-10-23,2294.8899
2020-10-26,2297.8799
2020-10-27,2258.3401
2020-10-28,2260.97
2020-10-29,2238.97
2020-10-30,2282.2
2020-11-03,2262.9399
2020-11-04,2294.3899
2020-11-05,2317.8301
2020-11-06,2347.3999
2020-11-09,2370.3
2020-11-10,2379.6899
2020-11-11,2411.6001
2020-11-12,2432.55
2020-11-13,2403.5701
2020-11-16,2401.3701
2020-11-17,2386.6899
2020-11-18,2395.71
2020-11-19,2397.26
2020-11-20,2387.8799
2020-11-23,2390.27
2020-11-24,2388.54
2020-11-25,2399.98
2020-11-26,2416.1799
2020-11-27,2423.6599
2020-11-30,2433.6299
2020-12-01,2453.8701
2020-12-02,2497.9199
2020-12-03,2512.55
2020-12-04,2518.8301
2020-12-07,2534.74
2020-12-08,2582.75
2020-12-09,2642.5
2020-12-10,2641.72
2020-12-11,2628.49
2020-12-14,2627.8101
2020-12-15,2634.8401
2020-12-16,2607.8701
2020-12-17,2602.6899
2020-12-18,2583.01
2020-12-21,2572.95
2020-12-22,2580.21
2020-12-23,2584.6299
2020-12-24,2574.73
2020-12-25,2599.6699
2020-12-29,2614.8401
2020-12-31,2631.53
2021-01-01,2638.1001
2021-01-05,2687.45
2021-01-06,2707.6399
2021-01-07,2703.1899
2021-01-08,2692.5601
2021-01-11,2704.8701
2021-01-12,2730.8501
2021-01-13,2742.4099
2021-01-14,2782.1699
2021-01-18,2902.98
2021-01-19,3003.3
2021-01-20,3059.03
2021-01-21,3096.3501
2021-01-22,3196.73
2021-01-25,3312.3501
2021-01-26,3500.8201
2021-01-27,3504.05
2021-01-28,3505.3301
2021-02-01,3514.1799
2021-02-02,3439.1499
2021-02-03,3187.3799
2021-02-04,3293.45
2021-02-08,3304.3
2021-02-09,3227.6599
2021-02-10,3169.9199
2021-02-11,3087.7
2021-02-12,3039.28
2021-02-15,3180.24
2021-02-16,3163.5901
2021-02-17,3032.21
2021-02-18,3027.6599
2021-02-19,3086.04
2021-02-22,3098.1201
2021-02-23,3029.79
2021-02-24,2898.4299
2021-02-25,2899.0
2021-02-26,2966.6299
2021-03-02,2964.3
2021-03-03,2909.77
2021-03-04,2836.75
2021-03-05,2768.8799
2021-03-08,2791.5701
2021-03-09,2906.6899
2021-03-10,2909.98
2021-03-11,2867.8201
2021-03-15,2893.4399
2021-03-16,2862.8101
2021-03-17,2845.51
2021-03-18,2816.9199
2021-03-19,2774.78
2021-03-22,2757.45
2021-03-23,2786.1201
2021-03-24,2801.79
2021-03-25,2871.0801
2021-03-26,2854.25
2021-03-29,2866.6599
2021-03-30,2884.1399
2021-03-31,2881.6699
2021-04-01,2850.1201
2021-04-02,2867.72
2021-04-06,2874.3
2021-04-07,2934.48
2021-04-08,2954.9399
2021-04-09,3002.71
2021-04-12,3020.5701
2021-04-13,3064.6499
2021-04-16,3079.8601
2021-04-19,3071.5
2021-04-20,3042.1499
2021-04-21,2955.5601
2021-04-22,2977.3201
2021-04-23,2931.5901
2021-04-26,2879.1699
2021-04-28,2802.0601
2021-04-29,2878.8
2021-04-30,2862.3201
2021-05-03,2869.25
2021-05-04,2850.0901
2021-05-05,2815.9399
2021-05-06,2832.6699
2021-05-07,2838.96
2021-05-10,2875.6399
2021-05-11,2838.1899
2021-05-12,2843.3999
2021-05-13,2850.4299
2021-05-14,2869.52
2021-05-18,2941.0701
2021-05-19,2956.04
2021-05-20,2953.6799
2021-05-21,2926.78
2021-05-24,2900.3401
2021-05-25,2900.6101
2021-05-26,2925.8701
2021-05-31,2955.71
2021-06-01,2978.8101
2021-06-02,3002.3101
2021-06-03,3000.9199
2021-06-04,3025.76
2021-06-07,3046.47
2021-06-08,3055.1399
2021-06-09,3033.01
2021-06-10,3042.47
2021-06-11,3074.1001
2021-06-14,3067.03
2021-06-15,3054.9399
2021-06-16,3051.52
2021-06-17,3072.6699
2021-06-18,3079.5901
2021-06-21,3083.3799
2021-06-22,3064.45
2021-06-23,3026.0801
2021-06-24,3029.6001
2021-06-28,3042.6299
2021-06-29,3037.78
2021-06-30,3002.96
2021-07-01,2968.26
2021-07-02,2956.1201
2021-07-05,2970.75
2021-07-06,2952.96
2021-07-07,2931.3101
2021-07-08,2936.4099
2021-07-09,2955.8799
2021-07-12,2979.01
2021-07-13,2987.75
2021-07-14,3002.27
2021-07-15,3012.1699
2021-07-16,3031.3201
2021-07-19,3030.27
2021-07-20,3081.9399
2021-07-21,3095.0901
2021-07-23,3092.3101
2021-07-27,3077.95
2021-07-28,3048.22
2021-07-29,3050.99
2021-07-30,3071.54
2021-08-02,3062.1699
2021-08-03,3072.3799
2021-08-04,3111.1499
2021-08-05,3109.97
2021-08-06,3037.6101
2021-08-09,3056.02
2021-08-10,3044.05
2021-08-11,3032.24
2021-08-12,3041.1699
2021-08-13,2989.02
2021-08-16,2990.9099
2021-08-17,2988.0601
2021-08-18,3033.98
2021-08-19,3086.0
2021-08-20,3053.0
2021-08-23,3048.6399
2021-08-24,3148.1599
2021-08-25,3176.3999
2021-08-26,3189.22
2021-08-27,3341.2
2021-08-30,3355.0901
2021-08-31,3303.0901
2021-09-01,3375.73
2021-09-02,3440.5
2021-09-03,3501.74
2021-09-06,3497.05
2021-09-07,3455.23
2021-09-08,3417.6899
2021-09-09,3335.98
2021-09-10,3379.8301
2021-09-13,3330.1201
2021-09-14,3214.1201
2021-09-15,3265.4099
2021-09-16,3335.1699
2021-09-17,3306.6699
2021-09-20,3292.0601
2021-09-22,3268.55
2021-09-23,3295.1599
2021-09-24,3317.4399
2021-09-27,3358.75
2021-09-28,3427.4299
2021-09-29,3453.3501
2021-09-30,3511.2
2021-10-01,3553.3899
2021-10-04,3540.9199
2021-10-05,3547.3
2021-10-06,3543.02
2021-10-07,3615.95
2021-10-08,3616.95
2021-10-11,3610.9199
2021-10-12,3577.78
2021-10-13,3574.8401
2021-10-14,3516.98
2021-10-15,3547.53
2021-10-18,3549.1699
2021-10-19,3557.1799
2021-10-22,3578.6799
2021-10-25,3604.95
2021-10-26,3652.6101
2021-10-27,3662.6799
2021-10-28,3695.73
2021-10-29,3692.5801
2021-11-01,3711.8501
2021-11-02,3677.6499
2021-11-03,3684.4299
2021-11-04,3660.1201
2021-11-08,3640.27
2021-11-09,3649.9099
2021-11-10,3590.0701
2021-11-11,3636.8899
2021-11-12,3623.3601
2021-11-15,3621.25
2021-11-16,3608.3601
2021-11-17,3621.22
2021-11-18,3657.8701
2021-11-22,3691.03
2021-11-23,3707.6499
2021-11-24,3755.74
2021-11-25,3747.3
2021-11-26,3767.1001
2021-11-29,3828.9099
2021-11-30,3836.4199
2021-12-01,3900.02
2021-12-02,3909.3401
2021-12-03,3916.3301
2021-12-06,3887.1001
2021-12-07,3966.3701
2021-12-08,3966.47
2021-12-09,3966.1499
2021-12-10,3995.74
2021-12-13,4082.51
2021-12-14,4200.29
2021-12-15,4241.8901
2021-12-16,4242.0601
2021-12-17,4222.9902
2021-12-20,4258.0801
2021-12-21,4190.9502
2021-12-22,4185.2402
2021-12-23,4217.96
2021-12-24,4251.5298
2021-12-28,4214.3101
2021-12-29,4214.4902
2021-12-30,4210.7598
2021-12-31,4225.23
2022-01-03,4232.02
2022-01-04,4348.2402
2022-01-05,4394.8501
2022-01-06,4453.6802
2022-01-07,4527.0601
2022-01-10,4568.6401
2022-01-11,4531.4502
2022-01-12,4525.8599
2022-01-13,4497.21
2022-01-14,4565.3901
2022-01-19,4618.4502
2022-01-20,4632.2202
2022-01-21,4609.9102
2022-01-24,4612.29
2022-01-25,4635.2598
2022-01-26,4515.9399
2022-01-27,4487.0
2022-01-28,4400.1802
2022-01-31,4396.8799
2022-02-01,4395.9199
2022-02-02,4338.3599
2022-02-03,4193.0298
2022-02-04,4351.8501
2022-02-08,4280.8599
2022-02-09,4174.1602
2022-02-10,4052.5801
2022-02-11,4117.5298
2022-02-14,4238.8999
2022-02-15,4233.5498
2022-02-16,4218.46
2022-02-18,4222.6499
2022-02-21,4144.3301
2022-02-22,3936.6699
2022-02-23,3933.8401
2022-02-24,3767.9299
2022-02-25,3594.1201
2022-02-28,3751.5601
2022-03-01,3946.73
2022-03-03,3875.9399
2022-03-04,3783.0901
2022-03-07,3820.9099
2022-03-08,3702.6001
2022-03-09,3593.3899
2022-03-10,3434.3501
2022-03-11,3763.5701
2022-03-14,3658.73
2022-03-15,3613.49
2022-03-16,3512.5
2022-03-17,3517.96
2022-03-21,3588.1101
2022-03-22,3615.3
2022-03-23,3611.1799
2022-03-24,3596.6899
2022-03-25,3616.1499
2022-03-28,3649.9299
2022-03-29,3533.6599
2022-03-30,3351.6101
2022-03-31,3182.1799
2022-04-01,2974.98
2022-04-04,2716.2
2022-04-05,2788.97
2022-04-06,2872.3999
2022-04-07,2786.8101
2022-04-08,2674.71
2022-04-11,2621.51
2022-04-26,2292.3201
2022-04-27,2122.9399
2022-04-28,2413.4199
2022-04-29,2532.52
2022-05-02,2488.21
2022-05-05,2516.0601
2022-05-06,2478.6699
2022-05-09,2411.3999
2022-05-10,2436.8701
2022-05-13,2536.6399
2022-05-16,2669.73
2022-05-18,2819.5
2022-05-19,2802.05
2022-05-20,2700.6299
2022-05-23,2800.6399
2022-05-24,2856.8999
2022-05-25,2805.6201
2022-05-26,2776.7
2022-05-27,2744.9399
2022-05-30,2729.1899
2022-05-31,2715.1299
2022-06-01,2686.3101
2022-06-02,2656.9199
2022-06-03,2674.6101
2022-06-06,2646.5601
2022-06-07,2515.01
2022-06-08,2513.53
2022-06-09,2528.73
2022-06-10,2585.3701
2022-06-13,2556.9399
2022-06-14,2543.8
2022-06-16,2480.3701
2022-06-17,2460.54
2022-06-20,2365.49
2022-06-21,2391.4099
2022-06-22,2408.2
2022-06-23,2418.0601
2022-06-24,2449.29
2022-06-27,2478.97
2022-06-28,2377.25
2022-06-29,2344.3301
2022-06-30,2361.98
2022-07-01,2339.28
2022-07-04,2389.29
2022-07-05,2345.9199
2022-07-06,2289.5
2022-07-07,2242.4099
2022-07-08,2231.25
2022-07-11,2247.3601
2022-07-12,2361.4199
2022-07-13,2366.74
2022-07-15,2350.0801
2022-07-18,2399.1399
2022-07-19,2418.73
2022-07-20,2474.1101
2022-07-21,2466.6899
2022-07-22,2486.6799
2022-07-25,2468.8
2022-07-26,2446.6899
2022-07-27,2426.26
2022-07-28,2428.6599
2022-07-29,2441.01
2022-08-01,2446.1299
2022-08-02,2438.8799
2022-08-03,2512.8201
2022-08-04,2607.5601
2022-08-05,2706.04
2022-08-08,2721.29
2022-08-09,2814.1399
2022-08-10,2784.6599
2022-08-11,2962.74
2022-08-15,3088.46
2022-08-16,3097.5
2022-08-17,3037.0701
2022-08-18,2980.6699
2022-08-19,2969.3601
2022-08-22,2984.75
2022-08-23,3030.22
2022-08-24,2995.1599
2022-08-25,2944.72
2022-08-26,2858.5701
2022-08-29,2871.8899
2022-08-30,2834.72
2022-08-31,2861.3601
2022-09-01,2938.6699
2022-09-02,3008.98
2022-09-05,3005.76
2022-09-06,3029.3799
2022-09-07,3011.98
2022-09-08,3028.1699
2022-09-09,3082.74
2022-09-12,3152.4299
2022-09-13,3160.6001
2022-09-14,3152.53
2022-09-15,3193.0901
2022-09-16,3251.21
2022-09-19,3253.4399
2022-09-20,3224.25
2022-09-21,3205.22
2022-09-22,3216.8401
2022-09-23,3229.78
2022-09-26,3212.1499
2022-09-27,3168.22
2022-09-28,3181.8799
2022-09-29,3187.22
2022-09-30,3168.8999
2022-10-03,3162.1201
2022-10-04,3009.3101
2022-10-05,2894.9199
2022-10-06,2908.79
2022-10-07,2802.6499
2022-10-10,2795.6399
2022-10-12,2639.6001
2022-10-13,2732.6001
2022-10-14,2810.1499
2022-10-17,2788.28
2022-10-18,2725.0901
2022-10-19,2690.3601
2022-10-20,2672.3301
2022-10-21,2616.8101
2022-10-24,2605.3401
2022-10-26,2550.8
2022-10-27,2626.1699
2022-10-28,2677.3401
2022-10-31,2636.1101
2022-11-01,2590.73
2022-11-02,2631.6001
2022-11-03,2606.8899
2022-11-04,2594.78
2022-11-07,2594.05
2022-11-09,2517.42
2022-11-10,2545.38
2022-11-11,2565.66
2022-11-14,2579.68
2022-11-15,2570.49
2022-11-16,2551.15
2022-11-17,2483.05
2022-11-18,2473.16
2022-11-21,2389.2
2022-11-22,2379.83
2022-11-23,2464.87
2022-11-24,2513.46
2022-11-25,2456.91
2022-11-28,2550.79
2022-11-29,2639.21
2022-11-30,2655.9
2022-12-01,2721.52
2022-12-02,2743.42
2022-12-05,2766.55
2022-12-06,2811.64
2022-12-07,2853.12
2022-12-09,2837.26
2022-12-12,2830.39
2022-12-13,2820.31
2022-12-14,2824.78
2022-12-15,2838.3
2022-12-16,2805.63
2022-12-19,2806.16
2022-12-20,2741.55
2022-12-21,2688.37
2022-12-22,2661.41
2022-12-23,2638.84
2022-12-26,2642.97
2022-12-28,2642.43
2022-12-29,2636.11
2022-12-30,2631.7
2023-01-02,2649.39
2023-01-03,2652.2
2023-01-04,2658.3
2023-01-05,2636.93
2023-01-06,2619.88
2023-01-10,2577.92
2023-01-11,2566.97
2023-01-12,2560.83
2023-01-13,2550.2
2023-01-16,2531.54
2023-01-18,2603.12
2023-01-19,2613.69
2023-01-20,2661.73
2023-01-23,2725.39
2023-01-24,2832.37
2023-01-25,2786.38
2023-01-26,2809.95
2023-01-27,2804.44
2023-01-30,2822.91
2023-01-31,2786.72
2023-02-01,2764.96
2023-02-02,2809.8
2023-02-03,2815.41
2023-02-06,2865.82
2023-02-07,2843.47
2023-02-08,2792.8
2023-02-09,2783.46
2023-02-10,2769.6
2023-02-13,2766.94
2023-02-14,2689.57
2023-02-15,2652.75
2023-02-16,2664.17
2023-02-17,2721.26
2023-02-20,2719.79
2023-02-21,2786.28
2023-02-22,2813.36
2023-02-23,2795.35
2023-02-24,2827.85
2023-02-27,2838.78
2023-02-28,2810.88
2023-03-01,2799.32
2023-03-02,2817.24
2023-03-03,2836.14
2023-03-06,2842.44
2023-03-08,2873.65
2023-03-09,2863.61
2023-03-10,2865.25
2023-03-13,2829.26
2023-03-14,2797.94
2023-03-15,2790.56
2023-03-16,2809.98
2023-03-17,2812.78
2023-03-20,2845.5
2023-03-21,2855.86
2023-03-22,2793.83
2023-03-23,2776.18
2023-03-24,2721.47
2023-03-27,2730.62
2023-03-28,2673.87
2023-03-29,2666.11
2023-03-30,2681.15
2023-03-31,2676.2
2023-04-03,2680.5
2023-04-04,2693.74
2023-04-05,2670.59
2023-04-07,2698.87
2023-04-11,2732.71
2023-04-12,2775.23
2023-04-13,2756.64
2023-04-18,2774.94
2023-04-19,2744.33
2023-04-20,2721.51
2023-04-21,2722.2
2023-04-24,2716.64
2023-04-25,2684.84
2023-04-26,2673.94
2023-04-27,2647.34
2023-04-28,2624.85
2023-05-01,2623.97
2023-05-03,2524.71
2023-05-04,2544.0
2023-05-05,2560.69
2023-05-09,2612.5
2023-05-10,2607.4
2023-05-11,2587.71
2023-05-12,2608.24
2023-05-15,2598.71
2023-05-16,2574.15
2023-05-17,2545.6
2023-05-18,2535.18
2023-05-19,2514.09
2023-05-22,2483.25
2023-05-23,2439.88
2023-05-24,2466.78
2023-05-25,2506.92
2023-05-26,2493.82
2023-05-29,2485.22
2023-05-30,2438.93
2023-05-31,2432.34
2023-06-01,2429.58
2023-06-02,2477.53
2023-06-05,2499.32
2023-06-06,2494.26
2023-06-07,2477.87
2023-06-08,2468.44
2023-06-09,2479.87
2023-06-12,2492.35
2023-06-13,2556.31
2023-06-14,2573.8
2023-06-15,2653.1
2023-06-16,2645.33
2023-06-19,2639.56
2023-06-20,2611.51
2023-06-21,2615.6
2023-06-22,2662.08
2023-06-23,2668.14
2023-06-26,2674.34
2023-06-27,2731.84
2023-06-28,2695.25
2023-06-29,2718.82
2023-07-05,2992.82
2023-07-06,3009.09
2023-07-07,3013.82
2023-07-10,3028.63
2023-07-11,3001.79
2023-07-12,3008.58
2023-07-13,3066.11
2023-07-14,3068.73
2023-07-17,3119.2
2023-07-18,3164.36
2023-07-19,3172.0
2023-07-20,3190.28
2023-07-21,3217.81
2023-07-24,3230.39
2023-07-25,3211.75
2023-07-26,3190.38
2023-07-27,3169.63
2023-07-28,3287.63
2023-07-31,3279.98
2023-08-01,3314.23
2023-08-03,3330.43
2023-08-04,3385.82
2023-08-07,3406.05
2023-08-08,3456.95
2023-08-09,3482.29
2023-08-10,3449.49
2023-08-11,3450.87
2023-08-14,3425.08
2023-08-15,3305.78
2023-08-16,3264.67
2023-08-17,3329.95
2023-08-18,3306.06
2023-08-21,3269.65
2023-08-22,3229.84
2023-08-23,3209.48
2023-08-24,3253.42
2023-08-25,3193.66
2023-08-28,3167.73
2023-08-29,3152.86
2023-08-30,3155.96
2023-09-01,3134.06
2023-09-04,3182.36
2023-09-05,3234.63
2023-09-06,3277.29
2023-09-07,3223.16
2023-09-08,3224.01
2023-09-11,3252.22
2023-09-12,3228.9
2023-09-13,3209.59
2023-09-14,3239.86
2023-09-15,3266.41
2023-09-18,3248.25
2023-09-19,3216.89
2023-09-20,3179.69
2023-09-21,3177.62
2023-09-22,3158.74
2023-09-25,3179.53
2023-09-26,3165.32
2023-09-27,3177.95
2023-09-28,3203.89
2023-10-03,3153.32
2023-10-04,3113.09
2023-10-05,3125.94
2023-10-06,3119.34
2023-10-09,3099.5
2023-10-10,3049.85
2023-10-11,3040.24
2023-10-12,3005.64
2023-10-13,3047.12
2023-10-16,3047.35
2023-10-17,3006.22
2023-10-18,2975.13
2023-10-19,2949.11
2023-10-20,2959.4
2023-10-23,3059.0
2023-10-24,3057.8
2023-10-25,3018.71
2023-10-26,2982.72
2023-10-27,2970.77
2023-10-30,3022.22
2023-10-31,3019.81
2023-11-01,2998.84
2023-11-02,3045.94
2023-11-03,3049.36
2023-11-06,3032.29
2023-11-07,3055.96
2023-11-08,3078.83
2023-11-09,3110.17
2023-11-10,3091.7
2023-11-13,3079.02
2023-11-14,3089.3
2023-11-15,3047.04
2023-11-16,3034.59
2023-11-17,3011.74
2023-11-20,3011.04
2023-11-21,2982.5
2023-11-22,2976.88
2023-11-23,2979.64
2023-11-24,2979.02
2023-11-27,2984.08
2023-11-28,2975.95
2023-11-29,2972.22
2023-11-30,2991.8
2023-12-01,3021.15
2023-12-04,3060.51
2023-12-05,3068.51
2023-12-06,3058.96
2023-12-07,3058.67
2023-12-08,3069.96
2023-12-11,3112.31
2023-12-12,3143.65
2023-12-13,3145.64
2023-12-14,3135.31
2023-12-15,3122.32
2023-12-18,3099.18
2023-12-19,3076.49
2023-12-20,3050.77
2023-12-21,3049.37
2023-12-22,3059.93
2023-12-25,3044.56
2023-12-28,3053.67
2023-12-29,3058.57
2024-01-01,3077.01
2024-01-03,3085.98
2024-01-04,3098.91
2024-01-05,3093.66
2024-01-08,3097.32
2024-01-09,3078.61
2024-01-10,3076.09
2024-01-11,3057.27
2024-01-12,3031.96
2024-01-15,3028.3
2024-01-17,3003.03
2024-01-18,2976.76
2024-01-19,2956.58
2024-01-22,2955.63
2024-01-23,2922.48
2024-01-24,2904.36
2024-01-25,2903.32
2024-01-29,2927.49
2024-01-30,2911.85
2024-01-31,2901.81
2024-02-01,2905.31
2024-02-02,2943.53
2024-02-05,2954.18
2024-02-07,2994.71
2024-02-08,2999.59
2024-02-09,3015.99
2024-02-12,3025.54
2024-02-13,3031.93
2024-02-14,3024.9
2024-02-15,3029.37
2024-02-16,3038.93
2024-02-19,3055.2
2024-02-20,3066.59
2024-02-21,3070.3
2024-02-22,3074.13
2024-02-23,3070.15
2024-02-27,3058.61
2024-02-28,3053.94
2024-02-29,3063.78
2024-03-01,3045.4
2024-03-04,3054.79
2024-03-05,3088.85
2024-03-06,3096.95
2024-03-07,3107.07
2024-03-08,3162.73
2024-03-12,3177.03
2024-03-13,3186.74
2024-03-14,3224.2
2024-03-15,3232.24
2024-03-18,3250.1
2024-03-19,3236.14
2024-03-20,3214.42
2024-03-21,3208.8
2024-03-22,3189.95
2024-03-25,3224.25
2024-03-26,3227.68
2024-03-27,3277.4
2024-03-28,3302.01
2024-03-29,3326.28
2024-04-02,3334.43
2024-04-03,3351.6
2024-04-04,3404.94
2024-04-05,3433.68
2024-04-08,3490.34
2024-04-09,3542.49
2024-04-10,3550.44
2024-04-11,3580.64
2024-04-16,3565.91
2024-04-17,3472.53
2024-04-18,3488.71
2024-04-19,3482.51
2024-04-22,3456.94
2024-04-23,3493.85
2024-04-25,3492.99
2024-04-26,3599.66
2024-04-29,3643.48
2024-04-30,3686.89
2024-05-01,3691.66
2024-05-03,3681.41
2024-05-06,3668.99
2024-05-07,3648.93
2024-05-08,3647.47
2024-05-09,3645.57
2024-05-10,3683.85
2024-05-13,3735.66
2024-05-14,3726.33
2024-05-15,3681.28
2024-05-16,3637.03
2024-05-17,3639.29
2024-05-20,3646.08
2024-05-21,3615.02
2024-05-22,3622.01
2024-05-23,3667.64
2024-05-28,3652.44
2024-05-29,3623.48
2024-05-30,3550.12
2024-05-31,3595.21
2024-06-03,3575.46
2024-06-04,3561.9
2024-06-05,3569.92
2024-06-06,3605.94
2024-06-07,3648.34
2024-06-10,3662.18
2024-06-11,3690.83
2024-06-12,3683.44
2024-06-13,3692.43
2024-06-14,3675.87
2024-06-17,3651.51
2024-06-19,3620.65
2024-06-20,3612.86
2024-06-21,3616.0
2024-06-25,3632.21
2024-06-26,3633.33
2024-06-27,3632.16
2024-06-28,3595.81
2024-07-01,3602.64
2024-07-02,3568.75
2024-07-03,3575.12
2024-07-04,3540.05
2024-07-05,3512.39
2024-07-08,3508.02
2024-07-09,3471.42
2024-07-10,3440.29
2024-07-11,3452.34
2024-07-12,3440.71
2024-07-15,3463.39
2024-07-16,3477.65
2024-07-17,3475.33
2024-07-18,3459.36
2024-07-19,3438.0
2024-07-22,3430.19
2024-07-23,3367.57
2024-07-24,3377.46
2024-07-25,3414.06
2024-07-26,3394.37
2024-07-29,3388.66
2024-07-30,3369.28
2024-07-31,3340.37
2024-08-01,3267.43
2024-08-02,3283.05
2024-08-05,3293.73
2024-08-06,3216.49
2024-08-07,3235.1
2024-08-08,3221.14
2024-08-09,3215.11
2024-08-12,3229.89
2024-08-13,3234.69
2024-08-14,3249.4
2024-08-15,3278.74
2024-08-16,3309.98
2024-08-19,3307.36
2024-08-21,3307.38
2024-08-22,3306.21
2024-08-23,3286.61
2024-08-26,3256.59
2024-08-27,3196.03
2024-08-28,3154.73
2024-08-29,3107.97
2024-08-30,3083.92
2024-09-02,3063.75
2024-09-03,3005.01
2024-09-04,2996.61
2024-09-05,3058.22
2024-09-06,3041.65
2024-09-09,3021.57
2024-09-10,2964.35
2024-09-11,2937.53
2024-09-12,2928.36
2024-09-13,2928.74
2024-09-16,2987.77
2024-09-19,3048.02
2024-09-20,3061.9
2024-09-23,3103.55
2024-09-24,3168.09
2024-09-25,3236.79
2024-09-26,3383.76
2024-09-27,3399.44
2024-09-30,3434.44
2024-10-01,3459.41
2024-10-02,3505.83
2024-10-03,3512.64
2024-10-04,3490.84
2024-10-07,3540.22
2024-10-08,3594.94
2024-10-09,3605.35
2024-10-10,3603.53
2024-10-11,3601.2
2024-10-14,3635.36
2024-10-15,3623.34
2024-10-16,3607.01
2024-10-17,3618.1
2024-10-21,3627.25
2024-10-22,3624.86
2024-10-23,3631.21
2024-10-24,3675.77
2024-10-25,3732.11
2024-10-28,3764.35
2024-10-29,3790.17
2024-10-30,3859.73
2024-10-31,3868.16
2024-11-04,3880.09
2024-11-05,3876.88
2024-11-06,3855.26
2024-11-07,3831.91
2024-11-08,3827.25
2024-11-11,3826.35
2024-11-12,3866.21
2024-11-13,3892.27
2024-11-14,3941.72
2024-11-15,3986.85
2024-11-19,3983.88
2024-11-20,3930.27
2024-11-21,3918.13
2024-11-22,3874.74
2024-11-25,3866.88
2024-11-26,3798.38
2024-11-27,3852.19
2024-11-28,3883.52
2024-11-29,3918.58
2024-12-02,3907.97
2024-12-03,3916.21
2024-12-04,3949.39
2024-12-05,4020.81
2024-12-06,4056.66
2024-12-09,4069.57
2024-12-10,4094.24
2024-12-11,4129.31
2024-12-12,4154.9
2024-12-13,4186.09
2024-12-16,4257.91
2024-12-17,4356.42
2024-12-18,4381.12
2024-12-19,4414.12
2024-12-20,4400.85
2024-12-23,4420.44
2024-12-24,4494.44
2024-12-25,4533.06
2024-12-27,4605.21
2024-12-30,4682.35
2024-12-31,4830.04
2025-01-01,4861.59
2025-01-03,4974.09
2025-01-06,4925.82
2025-01-07,4806.63
2025-01-08,4802.21
2025-01-09,4824.13
2025-01-10,4749.69
2025-01-13,4815.28
2025-01-16,4905.92
2025-01-17,4923.69
2025-01-20,4927.86
2025-01-21,4969.01
2025-01-22,5056.74
2025-01-23,5138.66
2025-01-24,5189.1
2025-01-27,5125.58
2025-01-28,5150.61
2025-01-29,5171.71
2025-01-30,5146.02
2025-01-31,5131.32
2025-02-03,5127.97
2025-02-04,5067.23
2025-02-06,4889.6
2025-02-07,4937.79
2025-02-10,4996.07
2025-02-11,4970.21
2025-02-12,4898.0
2025-02-14,4946.6
2025-02-17,5037.52
2025-02-18,5109.63
2025-02-19,5139.63
2025-02-20,5094.34
2025-02-21,5052.39
2025-02-24,5070.73
2025-02-25,5002.43
2025-02-26,4912.17
2025-02-28,4904.63
2025-03-03,4940.49
2025-03-04,4828.67
2025-03-05,4759.7
2025-03-06,4826.92
2025-03-07,4817.59
2025-03-10,4817.74
2025-03-11,4778.72
2025-03-12,4684.2
2025-03-13,4747.02
2025-03-17,4737.61
2025-03-18,4668.02
2025-03-19,4588.03
2025-03-20,4612.38
2025-03-21,4703.54
2025-03-24,4772.71
2025-03-25,4768.26
2025-03-26,4761.65
2025-03-27,4747.76
2025-03-28,4767.27
2025-03-31,4740.43
2025-04-02,4763.86
2025-04-03,4768.41
2025-04-04,4638.67
2025-04-07,4541.71
2025-04-08,4268.78
2025-04-09,4455.13
2025-04-10,4360.83
2025-04-11,4638.38
2025-04-14,4619.65
2025-04-17,4653.11
2025-04-18,4643.14
2025-04-22,4623.07
2025-04-23,4597.78
2025-04-24,4608.41
2025-04-25,4608.44
2025-04-28,4643.6
2025-04-29,4659.72
2025-04-30,4673.54
2025-05-01,4647.05
2025-05-05,4649.29
2025-05-06,4665.04
2025-05-07,4679.65
2025-05-08,4640.04
2025-05-09,4659.41
2025-05-12,4666.02
2025-05-15,4748.51
2025-05-16,4807.18
2025-05-19,4832.94
2025-05-20,4837.69
2025-05-21,4820.18
2025-05-22,4818.13
2025-05-23,4850.15
2025-05-26,4842.95
2025-05-27,4849.48
2025-05-28,4916.11
2025-05-29,4923.3
2025-05-30,4970.55
2025-06-02,4990.8
2025-06-03,5047.91
2025-06-04,5143.45
2025-06-05,5162.06
2025-06-06,5193.79
2025-06-09,5175.15
2025-06-10,5211.72
2025-06-12,5287.08
2025-06-13,5272.53
2025-06-16,5193.92
2025-06-17,5160.99
2025-06-18,5154.19
2025-06-19,5086.43
2025-06-20,5039.12
2025-06-23,5095.37
2025-06-24,4996.07
2025-06-25,5125.0
2025-06-26,5219.48
2025-06-27,5276.34
2025-06-30,5289.51
2025-07-01,5345.8
2025-07-02,5355.63
2025-07-03,5362.12
2025-07-04,5353.58
2025-07-07,5363.26
2025-07-08,5348.43
2025-07-09,5332.68
2025-07-10,5358.73
2025-07-14,5502.34
2025-07-15,5653.65
2025-07-16,5712.39
2025-07-17,5666.09
2025-07-18,5630.59
2025-07-21,5650.39
2025-07-22,5648.01
2025-07-23,5672.28
2025-07-24,5692.58
2025-07-25,5735.44
2025-07-28,5760.35
2025-07-29,5778.34
2025-07-30,5762.81
2025-07-31,5762.46
2025-08-01,5765.73
2025-08-04,5897.09
2025-08-05,5862.88
2025-08-06,5845.27
2025-08-07,5841.59
2025-08-08,5825.21
2025-08-12,5826.15
2025-08-13,5834.4
2025-08-14,5822.29
2025-08-15,5794.14
2025-08-18,5904.26
2025-08-19,5998.44
2025-08-20,6065.02
2025-08-21,6112.38
2025-08-22,6116.09
2025-08-25,6095.63
2025-08-26,6048.33
2025-08-27,6066.01
2025-08-28,6068.74
2025-08-29,6061.54
2025-09-01,6086.91
2025-09-02,6071.82
2025-09-03,6042.25
2025-09-04,6008.3
2025-09-05,6005.29
2025-09-09,5966.7
2025-09-10,5900.32
2025-09-11,5949.05
2025-09-12,5889.4
2025-09-15,5873.43
2025-09-16,5799.46
2025-09-17,5880.59
2025-09-18,5906.44
2025-09-19,5973.88
2025-09-22,6003.5
2025-09-23,6059.91
2025-09-24,6086.16
2025-09-25,6087.22
2025-09-26,6109.8
2025-09-29,6113.53
2025-09-30,6125.24
2025-10-01,6127.65
2025-10-02,6142.68
2025-10-03,6157.57
2025-10-06,6189.57
2025-10-08,6181.92
2025-10-09,6164.59
2025-10-10,6171.18
2025-10-13,6234.33
2025-10-14,6215.11
2025-10-15,6229.44
2025-10-16,6210.11
2025-10-17,6233.73
2025-10-20,6268.95
2025-10-22,6292.27
2025-10-23,6271.74
2025-10-24,6269.54
2025-10-27,6275.65
2025-10-28,6259.98
2025-10-29,6220.21
2025-10-30,6213.34
2025-10-31,6200.04
2025-11-03,6217.55
2025-11-04,6253.48
2025-11-05,6256.17
2025-11-07,6316.38
2025-11-10,6404.77
2025-11-11,6510.98
2025-11-12,6533.94
2025-11-13,6552.87
2025-11-14,6462.04
2025-11-17,6425.74
2025-11-18,6411.77
2025-11-19,6374.83
2025-11-20,6361.36
2025-11-21,6386.6
2025-11-24,6374.61
2025-11-25,6287.81
2025-11-26,6305.25
2025-11-27,6318.28
2025-11-28,6279.13
2025-12-01,6278.57
2025-12-02,6104.38
2025-12-03,6150.15
2025-12-04,6039.95
2025-12-08,5942.97
2025-12-09,5932.46
2025-12-10,6026.87
2025-12-11,6087.23
2025-12-12,6096.73
2025-12-15,6101.3
2025-12-16,6060.15
2025-12-17,6068.85
2025-12-18,6077.42
2025-12-19,6076.44
2025-12-22,6062.58
2025-12-23,6025.59
2025-12-24,6020.15
2025-12-25,6026.64
2025-12-29,6046.63
2025-12-30,6051.72
2025-12-31,6124.04
2026-01-01,6152.85
2026-01-05,6195.95
2026-01-06,6237.35
2026-01-07,6379.11
2026-01-08,6363.85
2026-01-09,6463.86
2026-01-12,6509.79
2026-01-13,6504.78
2026-01-14,6507.77
2026-01-15,6558.41
2026-01-19,6567.25
2026-01-20,6546.35
2026-01-21,6553.37
2026-01-22,6615.35
2026-01-23,6622.36
2026-01-26,6651.64
2026-01-27,6662.2
2026-01-28,6685.31
2026-01-29,6672.86
2026-01-30,6664.92
2026-02-02,6646.83
2026-02-03,6606.93
2026-02-04,6606.95
2026-02-06,6609.92
2026-02-09,6626.38
2026-02-10,6617.33
2026-02-11,6611.16
2026-02-12,6609.87
2026-02-13,6607.05
2026-02-16,6623.69
2026-02-17,6715.91
2026-02-18,6715.7
2026-02-19,6755.83
2026-02-20,6731.31
2026-02-23,6728.09
2026-02-24,6743.19
2026-02-25,6689.49
2026-02-26,6697.76
2026-02-27,6712.98
2026-03-02,6652.48
2026-03-04,6313.24
2026-03-05,6363.34
2026-03-06,6421.46
2026-03-09,6370.13
2026-03-10,6144.73
2026-03-11,6289.28
2026-03-12,6278.4
2026-03-13,6187.66
2026-03-16,6097.26
2026-03-17,5891.67
2026-03-18,5770.59
2026-03-19,5803.72
2026-03-20,5648.29
2026-03-23,5756.71
2026-03-24,5702.24
2026-03-25,5927.87
2026-03-26,6137.44
2026-03-27,6043.03
2026-03-30,6009.11
2026-03-31,5916.25
2026-04-01,5905.39
2026-04-03,5888.48
2026-04-07,5902.34
2026-04-08,5842.55
2026-04-09,6099.92
2026-04-10,6101.07
2026-04-13,6161.16
2026-04-16,6187.75
