group,horizon_days,label,fold,test_from,n_test,acc_logistic_%,acc_xgboost_%,best_model,best_acc_%,baseline_%,edge_pp,mag_weighted_edge_pp
BANKS,1,binary up/down,0,2017-01,95,51.6,53.7,XGBoost,53.7,53.7,0.0,-2.2
BANKS,1,binary up/down,1,2017-07,113,56.6,59.3,XGBoost,59.3,51.3,8.0,2.4
BANKS,1,binary up/down,2,2018-01,105,50.5,53.3,XGBoost,53.3,55.2,-1.9,17.2
BANKS,1,binary up/down,3,2018-07,103,51.5,58.3,XGBoost,58.3,53.4,4.9,14.6
BANKS,1,binary up/down,4,2019-01,109,59.6,46.8,Logistic,59.6,65.1,-5.5,-7.8
BANKS,1,binary up/down,5,2019-07,118,56.8,58.5,XGBoost,58.5,56.8,1.7,15.7
BANKS,1,binary up/down,6,2020-01,80,51.2,61.3,XGBoost,61.3,55.0,6.2,-10.0
BANKS,1,binary up/down,7,2020-07,125,45.6,53.6,XGBoost,53.6,59.2,-5.6,10.2
BANKS,1,binary up/down,8,2021-01,111,55.0,45.9,Logistic,55.0,56.8,-1.8,20.7
BANKS,1,binary up/down,9,2021-07,124,45.2,49.2,XGBoost,49.2,53.2,-4.0,-2.1
BANKS,1,binary up/down,10,2022-01,94,55.3,54.3,Logistic,55.3,66.0,-10.6,-5.9
BANKS,1,binary up/down,11,2022-07,98,61.2,55.1,Logistic,61.2,58.2,3.1,9.5
BANKS,1,binary up/down,12,2023-01,119,56.3,50.4,Logistic,56.3,59.7,-3.4,33.0
BANKS,1,binary up/down,13,2023-07,123,47.2,52.8,XGBoost,52.8,57.7,-4.9,6.7
BANKS,1,binary up/down,14,2024-01,115,63.5,62.6,Logistic,63.5,67.8,-4.3,25.9
BANKS,1,binary up/down,15,2024-07,125,67.2,61.6,Logistic,67.2,72.0,-4.8,45.8
BANKS,1,binary up/down,16,2025-01,114,52.6,62.3,XGBoost,62.3,53.5,8.8,17.9
BANKS,1,binary up/down,17,2025-07,124,53.2,50.0,Logistic,53.2,57.3,-4.0,30.6
BANKS,1,binary up/down,18,2026-01,118,51.7,50.8,Logistic,51.7,55.1,-3.4,5.6
BANKS,1,3-class Buy/Hold/Sell,0,2017-01,95,32.6,42.1,XGBoost,42.1,58.9,-16.8,6.2
BANKS,1,3-class Buy/Hold/Sell,1,2017-07,113,39.8,43.4,XGBoost,43.4,54.9,-11.5,12.3
BANKS,1,3-class Buy/Hold/Sell,2,2018-01,105,54.3,58.1,XGBoost,58.1,72.4,-14.3,0.4
BANKS,1,3-class Buy/Hold/Sell,3,2018-07,103,35.0,34.0,Logistic,35.0,44.7,-9.7,23.2
BANKS,1,3-class Buy/Hold/Sell,4,2019-01,109,36.7,33.9,Logistic,36.7,54.1,-17.4,19.1
BANKS,1,3-class Buy/Hold/Sell,5,2019-07,118,44.1,30.5,Logistic,44.1,44.1,0.0,50.3
BANKS,1,3-class Buy/Hold/Sell,6,2020-01,80,35.0,38.8,XGBoost,38.8,48.8,-10.0,38.6
BANKS,1,3-class Buy/Hold/Sell,7,2020-07,125,28.8,40.0,XGBoost,40.0,41.6,-1.6,40.0
BANKS,1,3-class Buy/Hold/Sell,8,2021-01,111,37.8,33.3,Logistic,37.8,36.9,0.9,49.8
BANKS,1,3-class Buy/Hold/Sell,9,2021-07,124,32.3,28.2,Logistic,32.3,57.3,-25.0,3.8
BANKS,1,3-class Buy/Hold/Sell,10,2022-01,94,27.7,27.7,Logistic,27.7,40.4,-12.8,42.1
BANKS,1,3-class Buy/Hold/Sell,11,2022-07,98,40.8,44.9,XGBoost,44.9,35.7,9.2,57.7
BANKS,1,3-class Buy/Hold/Sell,12,2023-01,119,43.7,44.5,XGBoost,44.5,43.7,0.8,62.7
BANKS,1,3-class Buy/Hold/Sell,13,2023-07,123,34.1,31.7,Logistic,34.1,38.2,-4.1,34.1
BANKS,1,3-class Buy/Hold/Sell,14,2024-01,115,51.3,41.7,Logistic,51.3,47.0,4.3,28.8
BANKS,1,3-class Buy/Hold/Sell,15,2024-07,125,48.8,48.0,Logistic,48.8,46.4,2.4,54.7
BANKS,1,3-class Buy/Hold/Sell,16,2025-01,114,37.7,39.5,XGBoost,39.5,38.6,0.9,41.2
BANKS,1,3-class Buy/Hold/Sell,17,2025-07,124,44.4,49.2,XGBoost,49.2,60.5,-11.3,33.1
BANKS,1,3-class Buy/Hold/Sell,18,2026-01,118,44.1,44.9,XGBoost,44.9,57.6,-12.7,27.4
BANKS,5,binary up/down,0,2017-01,95,52.6,45.3,Logistic,52.6,63.2,-10.5,-0.1
BANKS,5,binary up/down,1,2017-07,113,65.5,55.8,Logistic,65.5,54.0,11.5,12.8
BANKS,5,binary up/down,2,2018-01,105,54.3,48.6,Logistic,54.3,45.7,8.6,34.9
BANKS,5,binary up/down,3,2018-07,103,38.8,52.4,XGBoost,52.4,53.4,-1.0,16.2
BANKS,5,binary up/down,4,2019-01,109,39.4,43.1,XGBoost,43.1,62.4,-19.3,20.8
BANKS,5,binary up/down,5,2019-07,118,61.9,56.8,Logistic,61.9,56.8,5.1,34.8
BANKS,5,binary up/down,6,2020-01,80,47.5,50.0,XGBoost,50.0,56.2,-6.2,8.4
BANKS,5,binary up/down,7,2020-07,125,47.2,60.0,XGBoost,60.0,54.4,5.6,3.0
BANKS,5,binary up/down,8,2021-01,111,45.9,37.8,Logistic,45.9,55.9,-9.9,4.0
BANKS,5,binary up/down,9,2021-07,124,48.4,46.0,Logistic,48.4,57.3,-8.9,4.9
BANKS,5,binary up/down,10,2022-01,94,58.5,63.8,XGBoost,63.8,58.5,5.3,59.9
BANKS,5,binary up/down,11,2022-07,98,52.0,45.9,Logistic,52.0,54.1,-2.0,12.0
BANKS,5,binary up/down,12,2023-01,119,42.9,42.0,Logistic,42.9,47.9,-5.0,19.9
BANKS,5,binary up/down,13,2023-07,123,48.0,39.8,Logistic,48.0,55.3,-7.3,2.9
BANKS,5,binary up/down,14,2024-01,115,53.9,54.8,XGBoost,54.8,49.6,5.2,-10.8
BANKS,5,binary up/down,15,2024-07,125,73.6,56.0,Logistic,73.6,67.2,6.4,8.1
BANKS,5,binary up/down,16,2025-01,114,41.2,49.1,XGBoost,49.1,50.0,-0.9,-11.6
BANKS,5,binary up/down,17,2025-07,124,54.0,58.1,XGBoost,58.1,58.9,-0.8,-0.3
BANKS,5,binary up/down,18,2026-01,118,48.3,46.6,Logistic,48.3,49.2,-0.8,-3.6
BANKS,5,3-class Buy/Hold/Sell,0,2017-01,95,28.4,36.8,XGBoost,36.8,46.3,-9.5,13.7
BANKS,5,3-class Buy/Hold/Sell,1,2017-07,113,53.1,50.4,Logistic,53.1,52.2,0.9,44.1
BANKS,5,3-class Buy/Hold/Sell,2,2018-01,105,38.1,37.1,Logistic,38.1,61.0,-22.9,10.9
BANKS,5,3-class Buy/Hold/Sell,3,2018-07,103,21.4,27.2,XGBoost,27.2,34.0,-6.8,24.6
BANKS,5,3-class Buy/Hold/Sell,4,2019-01,109,27.5,23.9,Logistic,27.5,43.1,-15.6,31.8
BANKS,5,3-class Buy/Hold/Sell,5,2019-07,118,39.8,38.1,Logistic,39.8,44.9,-5.1,49.3
BANKS,5,3-class Buy/Hold/Sell,6,2020-01,80,36.2,38.8,XGBoost,38.8,47.5,-8.7,40.4
BANKS,5,3-class Buy/Hold/Sell,7,2020-07,125,29.6,41.6,XGBoost,41.6,33.6,8.0,44.7
BANKS,5,3-class Buy/Hold/Sell,8,2021-01,111,40.5,23.4,Logistic,40.5,45.0,-4.5,58.7
BANKS,5,3-class Buy/Hold/Sell,9,2021-07,124,37.9,34.7,Logistic,37.9,48.4,-10.5,33.4
BANKS,5,3-class Buy/Hold/Sell,10,2022-01,94,43.6,48.9,XGBoost,48.9,38.3,10.6,54.3
BANKS,5,3-class Buy/Hold/Sell,11,2022-07,98,37.8,35.7,Logistic,37.8,33.7,4.1,46.3
BANKS,5,3-class Buy/Hold/Sell,12,2023-01,119,31.1,31.1,Logistic,31.1,35.3,-4.2,32.3
BANKS,5,3-class Buy/Hold/Sell,13,2023-07,123,36.6,34.1,Logistic,36.6,43.1,-6.5,29.0
BANKS,5,3-class Buy/Hold/Sell,14,2024-01,115,28.7,34.8,XGBoost,34.8,32.2,2.6,27.7
BANKS,5,3-class Buy/Hold/Sell,15,2024-07,125,53.6,47.2,Logistic,53.6,49.6,4.0,63.1
BANKS,5,3-class Buy/Hold/Sell,16,2025-01,114,36.0,41.2,XGBoost,41.2,32.5,8.8,42.7
BANKS,5,3-class Buy/Hold/Sell,17,2025-07,124,31.5,40.3,XGBoost,40.3,43.5,-3.2,39.4
BANKS,5,3-class Buy/Hold/Sell,18,2026-01,118,32.2,37.3,XGBoost,37.3,47.5,-10.2,22.1
BANKS,10,binary up/down,0,2017-01,95,50.5,53.7,XGBoost,53.7,55.8,-2.1,-1.1
BANKS,10,binary up/down,1,2017-07,113,51.3,61.1,XGBoost,61.1,61.9,-0.9,2.0
BANKS,10,binary up/down,2,2018-01,105,41.9,41.9,Logistic,41.9,39.0,2.9,34.0
BANKS,10,binary up/down,3,2018-07,103,38.8,48.5,XGBoost,48.5,38.8,9.7,16.3
BANKS,10,binary up/down,4,2019-01,109,33.0,46.8,XGBoost,46.8,56.9,-10.1,34.6
BANKS,10,binary up/down,5,2019-07,118,68.6,54.2,Logistic,68.6,70.3,-1.7,33.2
BANKS,10,binary up/down,6,2020-01,80,40.0,61.3,XGBoost,61.3,48.8,12.5,26.0
BANKS,10,binary up/down,7,2020-07,125,45.6,52.8,XGBoost,52.8,39.2,13.6,11.5
BANKS,10,binary up/down,8,2021-01,111,49.5,36.0,Logistic,49.5,55.0,-5.4,3.5
BANKS,10,binary up/down,9,2021-07,124,47.6,57.3,XGBoost,57.3,52.4,4.8,10.6
BANKS,10,binary up/down,10,2022-01,94,46.8,59.6,XGBoost,59.6,76.6,-17.0,-24.3
BANKS,10,binary up/down,11,2022-07,98,55.1,43.9,Logistic,55.1,58.2,-3.1,12.2
BANKS,10,binary up/down,12,2023-01,119,37.0,35.3,Logistic,37.0,55.5,-18.5,14.4
BANKS,10,binary up/down,13,2023-07,123,39.8,43.9,XGBoost,43.9,50.4,-6.5,12.4
BANKS,10,binary up/down,14,2024-01,115,60.0,53.9,Logistic,60.0,45.2,14.8,38.8
BANKS,10,binary up/down,15,2024-07,125,80.8,54.4,Logistic,80.8,80.8,0.0,0.8
BANKS,10,binary up/down,16,2025-01,114,53.5,61.4,XGBoost,61.4,57.9,3.5,1.7
BANKS,10,binary up/down,17,2025-07,124,57.3,54.0,Logistic,57.3,67.7,-10.5,-14.1
BANKS,10,binary up/down,18,2026-01,118,42.4,42.4,Logistic,42.4,47.5,-5.1,-5.7
BANKS,10,3-class Buy/Hold/Sell,0,2017-01,95,35.8,36.8,XGBoost,36.8,37.9,-1.1,18.7
BANKS,10,3-class Buy/Hold/Sell,1,2017-07,113,48.7,45.1,Logistic,48.7,46.0,2.7,29.5
BANKS,10,3-class Buy/Hold/Sell,2,2018-01,105,32.4,27.6,Logistic,32.4,63.8,-31.4,5.0
BANKS,10,3-class Buy/Hold/Sell,3,2018-07,103,24.3,36.9,XGBoost,36.9,26.2,10.7,26.1
BANKS,10,3-class Buy/Hold/Sell,4,2019-01,109,24.8,33.0,XGBoost,33.0,45.0,-11.9,27.4
BANKS,10,3-class Buy/Hold/Sell,5,2019-07,118,42.4,51.7,XGBoost,51.7,43.2,8.5,52.7
BANKS,10,3-class Buy/Hold/Sell,6,2020-01,80,38.8,40.0,XGBoost,40.0,37.5,2.5,39.5
BANKS,10,3-class Buy/Hold/Sell,7,2020-07,125,28.8,41.6,XGBoost,41.6,24.8,16.8,38.9
BANKS,10,3-class Buy/Hold/Sell,8,2021-01,111,38.7,27.9,Logistic,38.7,33.3,5.4,56.3
BANKS,10,3-class Buy/Hold/Sell,9,2021-07,124,33.9,33.9,Logistic,33.9,37.1,-3.2,30.4
BANKS,10,3-class Buy/Hold/Sell,10,2022-01,94,31.9,41.5,XGBoost,41.5,46.8,-5.3,42.6
BANKS,10,3-class Buy/Hold/Sell,11,2022-07,98,42.9,28.6,Logistic,42.9,31.6,11.2,47.4
BANKS,10,3-class Buy/Hold/Sell,12,2023-01,119,27.7,26.1,Logistic,27.7,50.4,-22.7,21.0
BANKS,10,3-class Buy/Hold/Sell,13,2023-07,123,36.6,36.6,Logistic,36.6,39.8,-3.3,29.8
BANKS,10,3-class Buy/Hold/Sell,14,2024-01,115,36.5,32.2,Logistic,36.5,35.7,0.9,24.4
BANKS,10,3-class Buy/Hold/Sell,15,2024-07,125,59.2,39.2,Logistic,59.2,65.6,-6.4,62.5
BANKS,10,3-class Buy/Hold/Sell,16,2025-01,114,36.0,35.1,Logistic,36.0,48.2,-12.3,-16.5
BANKS,10,3-class Buy/Hold/Sell,17,2025-07,124,41.1,44.4,XGBoost,44.4,57.3,-12.9,-24.4
BANKS,10,3-class Buy/Hold/Sell,18,2026-01,118,16.1,30.5,XGBoost,30.5,32.2,-1.7,-9.9
BANKS,22,binary up/down,0,2017-01,95,44.2,52.6,XGBoost,52.6,54.7,-2.1,-12.4
BANKS,22,binary up/down,1,2017-07,113,62.8,71.7,XGBoost,71.7,54.0,17.7,3.6
BANKS,22,binary up/down,2,2018-01,105,39.0,36.2,Logistic,39.0,45.7,-6.7,16.7
BANKS,22,binary up/down,3,2018-07,103,56.3,49.5,Logistic,56.3,56.3,0.0,32.4
BANKS,22,binary up/down,4,2019-01,109,57.8,48.6,Logistic,57.8,73.4,-15.6,30.9
BANKS,22,binary up/down,5,2019-07,118,61.0,46.6,Logistic,61.0,54.2,6.8,28.0
BANKS,22,binary up/down,6,2020-01,80,56.2,57.5,XGBoost,57.5,58.8,-1.3,1.9
BANKS,22,binary up/down,7,2020-07,125,36.0,41.6,XGBoost,41.6,57.6,-16.0,23.7
BANKS,22,binary up/down,8,2021-01,111,54.1,43.2,Logistic,54.1,54.1,0.0,9.2
BANKS,22,binary up/down,9,2021-07,124,42.7,46.8,XGBoost,46.8,56.5,-9.7,-8.5
BANKS,22,binary up/down,10,2022-01,94,45.7,54.3,XGBoost,54.3,78.7,-24.5,-37.5
BANKS,22,binary up/down,11,2022-07,98,43.9,49.0,XGBoost,49.0,37.8,11.2,12.9
BANKS,22,binary up/down,12,2023-01,119,35.3,31.1,Logistic,35.3,56.3,-21.0,19.0
BANKS,22,binary up/down,13,2023-07,123,43.9,52.8,XGBoost,52.8,52.0,0.8,9.9
BANKS,22,binary up/down,14,2024-01,115,53.0,67.8,XGBoost,67.8,60.9,7.0,-6.2
BANKS,22,binary up/down,15,2024-07,125,66.4,55.2,Logistic,66.4,80.8,-14.4,-21.1
BANKS,22,binary up/down,16,2025-01,114,59.6,42.1,Logistic,59.6,62.3,-2.6,-13.0
BANKS,22,binary up/down,17,2025-07,124,66.1,47.6,Logistic,66.1,73.4,-7.3,-17.3
BANKS,22,3-class Buy/Hold/Sell,0,2017-01,95,13.7,31.6,XGBoost,31.6,27.4,4.2,-20.4
BANKS,22,3-class Buy/Hold/Sell,1,2017-07,113,32.7,45.1,XGBoost,45.1,36.3,8.8,-11.3
BANKS,22,3-class Buy/Hold/Sell,2,2018-01,105,20.0,26.7,XGBoost,26.7,36.2,-9.5,16.1
BANKS,22,3-class Buy/Hold/Sell,3,2018-07,103,39.8,25.2,Logistic,39.8,36.9,2.9,27.0
BANKS,22,3-class Buy/Hold/Sell,4,2019-01,109,34.9,37.6,XGBoost,37.6,48.6,-11.0,29.3
BANKS,22,3-class Buy/Hold/Sell,5,2019-07,118,47.5,44.9,Logistic,47.5,27.1,20.3,61.3
BANKS,22,3-class Buy/Hold/Sell,6,2020-01,80,53.8,30.0,Logistic,53.8,45.0,8.7,70.4
BANKS,22,3-class Buy/Hold/Sell,7,2020-07,125,23.2,28.0,XGBoost,28.0,42.4,-14.4,15.4
BANKS,22,3-class Buy/Hold/Sell,8,2021-01,111,41.4,18.9,Logistic,41.4,17.1,24.3,51.9
BANKS,22,3-class Buy/Hold/Sell,9,2021-07,124,25.0,24.2,Logistic,25.0,39.5,-14.5,-18.8
BANKS,22,3-class Buy/Hold/Sell,10,2022-01,94,19.1,21.3,XGBoost,21.3,63.8,-42.6,-63.4
BANKS,22,3-class Buy/Hold/Sell,11,2022-07,98,37.8,44.9,XGBoost,44.9,33.7,11.2,14.7
BANKS,22,3-class Buy/Hold/Sell,12,2023-01,119,32.8,28.6,Logistic,32.8,47.1,-14.3,21.5
BANKS,22,3-class Buy/Hold/Sell,13,2023-07,123,36.6,35.8,Logistic,36.6,38.2,-1.6,-14.3
BANKS,22,3-class Buy/Hold/Sell,14,2024-01,115,34.8,38.3,XGBoost,38.3,47.8,-9.6,-33.4
BANKS,22,3-class Buy/Hold/Sell,15,2024-07,125,40.8,27.2,Logistic,40.8,76.0,-35.2,-35.9
BANKS,22,3-class Buy/Hold/Sell,16,2025-01,114,43.9,31.6,Logistic,43.9,51.8,-7.9,-20.5
BANKS,22,3-class Buy/Hold/Sell,17,2025-07,124,49.2,29.8,Logistic,49.2,61.3,-12.1,-27.0
FINANCE,1,binary up/down,0,2017-01,77,54.5,46.8,Logistic,54.5,57.1,-2.6,-1.9
FINANCE,1,binary up/down,1,2017-07,54,53.7,51.9,Logistic,53.7,51.9,1.9,11.6
FINANCE,1,binary up/down,2,2018-01,60,48.3,51.7,XGBoost,51.7,55.0,-3.3,16.3
FINANCE,1,binary up/down,3,2018-07,46,54.3,58.7,XGBoost,58.7,54.3,4.3,14.8
FINANCE,1,binary up/down,4,2019-01,47,53.2,61.7,XGBoost,61.7,57.4,4.3,5.0
FINANCE,1,binary up/down,5,2019-07,70,62.9,50.0,Logistic,62.9,44.3,18.6,27.1
FINANCE,1,binary up/down,6,2020-01,51,58.8,47.1,Logistic,58.8,51.0,7.8,2.2
FINANCE,1,binary up/down,7,2020-07,122,47.5,50.0,XGBoost,50.0,51.6,-1.6,9.5
FINANCE,1,binary up/down,8,2021-01,109,47.7,56.9,XGBoost,56.9,62.4,-5.5,26.9
FINANCE,1,binary up/down,9,2021-07,124,50.0,51.6,XGBoost,51.6,50.0,1.6,-7.2
FINANCE,1,binary up/down,10,2022-01,89,51.7,57.3,XGBoost,57.3,55.1,2.2,11.4
FINANCE,1,binary up/down,11,2022-07,91,52.7,48.4,Logistic,52.7,54.9,-2.2,2.7
FINANCE,1,binary up/down,12,2023-01,119,55.5,52.1,Logistic,55.5,62.2,-6.7,7.8
FINANCE,1,binary up/down,13,2023-07,123,46.3,59.3,XGBoost,59.3,52.8,6.5,1.4
FINANCE,1,binary up/down,14,2024-01,115,49.6,58.3,XGBoost,58.3,53.0,5.2,17.9
FINANCE,1,binary up/down,15,2024-07,125,62.4,60.0,Logistic,62.4,70.4,-8.0,38.4
FINANCE,1,binary up/down,16,2025-01,114,49.1,52.6,XGBoost,52.6,47.4,5.3,11.0
FINANCE,1,binary up/down,17,2025-07,124,56.5,57.3,XGBoost,57.3,55.6,1.6,12.6
FINANCE,1,binary up/down,18,2026-01,118,48.3,56.8,XGBoost,56.8,54.2,2.5,2.8
FINANCE,1,3-class Buy/Hold/Sell,0,2017-01,77,41.6,29.9,Logistic,41.6,46.8,-5.2,-2.6
FINANCE,1,3-class Buy/Hold/Sell,1,2017-07,54,37.0,33.3,Logistic,37.0,31.5,5.6,-2.2
FINANCE,1,3-class Buy/Hold/Sell,2,2018-01,60,36.7,35.0,Logistic,36.7,36.7,0.0,0.7
FINANCE,1,3-class Buy/Hold/Sell,3,2018-07,46,43.5,50.0,XGBoost,50.0,37.0,13.0,-3.5
FINANCE,1,3-class Buy/Hold/Sell,4,2019-01,47,38.3,44.7,XGBoost,44.7,42.6,2.1,9.8
FINANCE,1,3-class Buy/Hold/Sell,5,2019-07,70,40.0,40.0,Logistic,40.0,27.1,12.9,2.2
FINANCE,1,3-class Buy/Hold/Sell,6,2020-01,51,41.2,35.3,Logistic,41.2,39.2,2.0,5.8
FINANCE,1,3-class Buy/Hold/Sell,7,2020-07,122,37.7,43.4,XGBoost,43.4,32.8,10.7,-10.9
FINANCE,1,3-class Buy/Hold/Sell,8,2021-01,109,40.4,45.9,XGBoost,45.9,47.7,-1.8,-2.4
FINANCE,1,3-class Buy/Hold/Sell,9,2021-07,124,36.3,39.5,XGBoost,39.5,40.3,-0.8,-15.6
FINANCE,1,3-class Buy/Hold/Sell,10,2022-01,89,47.2,50.6,XGBoost,50.6,41.6,9.0,14.9
FINANCE,1,3-class Buy/Hold/Sell,11,2022-07,91,37.4,39.6,XGBoost,39.6,37.4,2.2,-7.5
FINANCE,1,3-class Buy/Hold/Sell,12,2023-01,119,39.5,37.8,Logistic,39.5,39.5,0.0,-7.6
FINANCE,1,3-class Buy/Hold/Sell,13,2023-07,123,38.2,37.4,Logistic,38.2,39.0,-0.8,-17.4
FINANCE,1,3-class Buy/Hold/Sell,14,2024-01,115,35.7,33.0,Logistic,35.7,37.4,-1.7,-10.9
FINANCE,1,3-class Buy/Hold/Sell,15,2024-07,125,38.4,39.2,XGBoost,39.2,40.8,-1.6,10.4
FINANCE,1,3-class Buy/Hold/Sell,16,2025-01,114,33.3,43.9,XGBoost,43.9,36.0,7.9,-4.4
FINANCE,1,3-class Buy/Hold/Sell,17,2025-07,124,48.4,51.6,XGBoost,51.6,48.4,3.2,4.6
FINANCE,1,3-class Buy/Hold/Sell,18,2026-01,118,43.2,40.7,Logistic,43.2,35.6,7.6,-15.4
FINANCE,5,binary up/down,0,2017-01,77,70.1,59.7,Logistic,70.1,79.2,-9.1,-5.9
FINANCE,5,binary up/down,1,2017-07,54,50.0,57.4,XGBoost,57.4,59.3,-1.9,10.0
FINANCE,5,binary up/down,2,2018-01,60,50.0,53.3,XGBoost,53.3,75.0,-21.7,22.7
FINANCE,5,binary up/down,3,2018-07,46,54.3,41.3,Logistic,54.3,54.3,0.0,-7.2
FINANCE,5,binary up/down,4,2019-01,47,40.4,59.6,XGBoost,59.6,57.4,2.1,1.7
FINANCE,5,binary up/down,5,2019-07,70,65.7,58.6,Logistic,65.7,77.1,-11.4,-18.8
FINANCE,5,binary up/down,6,2020-01,51,56.9,37.3,Logistic,56.9,66.7,-9.8,36.7
FINANCE,5,binary up/down,7,2020-07,122,47.5,51.6,XGBoost,51.6,54.9,-3.3,-20.0
FINANCE,5,binary up/down,8,2021-01,109,61.5,52.3,Logistic,61.5,66.1,-4.6,2.7
FINANCE,5,binary up/down,9,2021-07,124,51.6,50.8,Logistic,51.6,68.5,-16.9,-21.5
FINANCE,5,binary up/down,10,2022-01,89,51.7,57.3,XGBoost,57.3,58.4,-1.1,32.4
FINANCE,5,binary up/down,11,2022-07,91,46.2,50.5,XGBoost,50.5,50.5,0.0,-9.8
FINANCE,5,binary up/down,12,2023-01,119,52.9,46.2,Logistic,52.9,47.1,5.9,-4.6
FINANCE,5,binary up/down,13,2023-07,123,49.6,54.5,XGBoost,54.5,50.4,4.1,10.4
FINANCE,5,binary up/down,14,2024-01,115,47.8,58.3,XGBoost,58.3,53.0,5.2,-6.8
FINANCE,5,binary up/down,15,2024-07,125,51.2,59.2,XGBoost,59.2,60.0,-0.8,-2.9
FINANCE,5,binary up/down,16,2025-01,114,54.4,54.4,Logistic,54.4,57.9,-3.5,-12.6
FINANCE,5,binary up/down,17,2025-07,124,56.5,55.6,Logistic,56.5,51.6,4.8,9.0
FINANCE,5,binary up/down,18,2026-01,118,51.7,51.7,Logistic,51.7,52.5,-0.8,13.0
FINANCE,5,3-class Buy/Hold/Sell,0,2017-01,77,42.9,45.5,XGBoost,45.5,55.8,-10.4,-22.6
FINANCE,5,3-class Buy/Hold/Sell,1,2017-07,54,37.0,42.6,XGBoost,42.6,46.3,-3.7,4.3
FINANCE,5,3-class Buy/Hold/Sell,2,2018-01,60,38.3,45.0,XGBoost,45.0,46.7,-1.7,17.5
FINANCE,5,3-class Buy/Hold/Sell,3,2018-07,46,30.4,28.3,Logistic,30.4,37.0,-6.5,-24.4
FINANCE,5,3-class Buy/Hold/Sell,4,2019-01,47,34.0,42.6,XGBoost,42.6,48.9,-6.4,-5.7
FINANCE,5,3-class Buy/Hold/Sell,5,2019-07,70,45.7,47.1,XGBoost,47.1,52.9,-5.7,-38.4
FINANCE,5,3-class Buy/Hold/Sell,6,2020-01,51,51.0,21.6,Logistic,51.0,43.1,7.8,39.6
FINANCE,5,3-class Buy/Hold/Sell,7,2020-07,122,33.6,41.0,XGBoost,41.0,41.8,-0.8,-21.0
FINANCE,5,3-class Buy/Hold/Sell,8,2021-01,109,54.1,41.3,Logistic,54.1,56.0,-1.8,2.5
FINANCE,5,3-class Buy/Hold/Sell,9,2021-07,124,40.3,36.3,Logistic,40.3,58.9,-18.5,-30.7
FINANCE,5,3-class Buy/Hold/Sell,10,2022-01,89,52.8,58.4,XGBoost,58.4,49.4,9.0,35.7
FINANCE,5,3-class Buy/Hold/Sell,11,2022-07,91,35.2,37.4,XGBoost,37.4,35.2,2.2,-9.0
FINANCE,5,3-class Buy/Hold/Sell,12,2023-01,119,31.9,34.5,XGBoost,34.5,34.5,0.0,-12.6
FINANCE,5,3-class Buy/Hold/Sell,13,2023-07,123,32.5,29.3,Logistic,32.5,31.7,0.8,-13.9
FINANCE,5,3-class Buy/Hold/Sell,14,2024-01,115,33.0,35.7,XGBoost,35.7,40.0,-4.3,-27.9
FINANCE,5,3-class Buy/Hold/Sell,15,2024-07,125,25.6,34.4,XGBoost,34.4,46.4,-12.0,-19.7
FINANCE,5,3-class Buy/Hold/Sell,16,2025-01,114,32.5,33.3,XGBoost,33.3,43.9,-10.5,-23.0
FINANCE,5,3-class Buy/Hold/Sell,17,2025-07,124,50.8,50.0,Logistic,50.8,41.9,8.9,-18.9
FINANCE,5,3-class Buy/Hold/Sell,18,2026-01,118,30.5,39.8,XGBoost,39.8,30.5,9.3,-3.4
FINANCE,10,binary up/down,0,2017-01,77,45.5,49.4,XGBoost,49.4,85.7,-36.4,-33.7
FINANCE,10,binary up/down,1,2017-07,54,42.6,51.9,XGBoost,51.9,57.4,-5.6,-15.7
FINANCE,10,binary up/down,2,2018-01,60,48.3,38.3,Logistic,48.3,41.7,6.7,25.3
FINANCE,10,binary up/down,3,2018-07,46,30.4,43.5,XGBoost,43.5,58.7,-15.2,-22.5
FINANCE,10,binary up/down,4,2019-01,47,46.8,46.8,Logistic,46.8,57.4,-10.6,-17.3
FINANCE,10,binary up/down,5,2019-07,70,65.7,61.4,Logistic,65.7,77.1,-11.4,-15.7
FINANCE,10,binary up/down,6,2020-01,51,62.7,47.1,Logistic,62.7,43.1,19.6,49.4
FINANCE,10,binary up/down,7,2020-07,122,35.2,49.2,XGBoost,49.2,60.7,-11.5,-47.4
FINANCE,10,binary up/down,8,2021-01,109,66.1,66.1,Logistic,66.1,52.3,13.8,-3.1
FINANCE,10,binary up/down,9,2021-07,124,49.2,47.6,Logistic,49.2,78.2,-29.0,-30.1
FINANCE,10,binary up/down,10,2022-01,89,53.9,49.4,Logistic,53.9,61.8,-7.9,23.6
FINANCE,10,binary up/down,11,2022-07,91,52.7,52.7,Logistic,52.7,51.6,1.1,-8.7
FINANCE,10,binary up/down,12,2023-01,119,58.8,49.6,Logistic,58.8,56.3,2.5,-3.3
FINANCE,10,binary up/down,13,2023-07,123,39.8,43.9,XGBoost,43.9,52.0,-8.1,-0.1
FINANCE,10,binary up/down,14,2024-01,115,41.7,47.0,XGBoost,47.0,48.7,-1.7,-15.3
FINANCE,10,binary up/down,15,2024-07,125,59.2,56.0,Logistic,59.2,66.4,-7.2,-12.7
FINANCE,10,binary up/down,16,2025-01,114,52.6,48.2,Logistic,52.6,64.0,-11.4,-11.1
FINANCE,10,binary up/down,17,2025-07,124,52.4,61.3,XGBoost,61.3,62.9,-1.6,4.9
FINANCE,10,binary up/down,18,2026-01,118,51.7,53.4,XGBoost,53.4,55.1,-1.7,15.0
FINANCE,10,3-class Buy/Hold/Sell,0,2017-01,77,49.4,42.9,Logistic,49.4,76.6,-27.3,-31.2
FINANCE,10,3-class Buy/Hold/Sell,1,2017-07,54,33.3,25.9,Logistic,33.3,44.4,-11.1,-37.0
FINANCE,10,3-class Buy/Hold/Sell,2,2018-01,60,31.7,30.0,Logistic,31.7,31.7,0.0,10.0
FINANCE,10,3-class Buy/Hold/Sell,3,2018-07,46,21.7,23.9,XGBoost,23.9,41.3,-17.4,-44.5
FINANCE,10,3-class Buy/Hold/Sell,4,2019-01,47,36.2,23.4,Logistic,36.2,51.1,-14.9,-19.4
FINANCE,10,3-class Buy/Hold/Sell,5,2019-07,70,27.1,37.1,XGBoost,37.1,62.9,-25.7,-54.5
FINANCE,10,3-class Buy/Hold/Sell,6,2020-01,51,54.9,39.2,Logistic,54.9,37.3,17.6,42.2
FINANCE,10,3-class Buy/Hold/Sell,7,2020-07,122,27.9,33.6,XGBoost,33.6,48.4,-14.8,-53.6
FINANCE,10,3-class Buy/Hold/Sell,8,2021-01,109,54.1,49.5,Logistic,54.1,48.6,5.5,-4.1
FINANCE,10,3-class Buy/Hold/Sell,9,2021-07,124,35.5,35.5,Logistic,35.5,72.6,-37.1,-48.6
FINANCE,10,3-class Buy/Hold/Sell,10,2022-01,89,53.9,41.6,Logistic,53.9,52.8,1.1,36.6
FINANCE,10,3-class Buy/Hold/Sell,11,2022-07,91,44.0,33.0,Logistic,44.0,45.1,-1.1,-14.3
FINANCE,10,3-class Buy/Hold/Sell,12,2023-01,119,37.0,36.1,Logistic,37.0,42.9,-5.9,-26.9
FINANCE,10,3-class Buy/Hold/Sell,13,2023-07,123,40.7,31.7,Logistic,40.7,37.4,3.3,1.6
FINANCE,10,3-class Buy/Hold/Sell,14,2024-01,115,21.7,30.4,XGBoost,30.4,40.0,-9.6,-36.9
FINANCE,10,3-class Buy/Hold/Sell,15,2024-07,125,39.2,36.8,Logistic,39.2,50.4,-11.2,-31.3
FINANCE,10,3-class Buy/Hold/Sell,16,2025-01,114,33.3,38.6,XGBoost,38.6,49.1,-10.5,-21.8
FINANCE,10,3-class Buy/Hold/Sell,17,2025-07,124,42.7,41.1,Logistic,42.7,41.9,0.8,-26.2
FINANCE,10,3-class Buy/Hold/Sell,18,2026-01,118,27.1,23.7,Logistic,27.1,44.1,-16.9,-3.5
FINANCE,22,binary up/down,0,2017-01,77,42.9,27.3,Logistic,42.9,81.8,-39.0,-45.3
FINANCE,22,binary up/down,1,2017-07,54,46.3,48.1,XGBoost,48.1,61.1,-13.0,-20.8
FINANCE,22,binary up/down,2,2018-01,60,38.3,26.7,Logistic,38.3,50.0,-11.7,32.6
FINANCE,22,binary up/down,3,2018-07,46,52.2,45.7,Logistic,52.2,63.0,-10.9,-8.7
FINANCE,22,binary up/down,4,2019-01,47,55.3,48.9,Logistic,55.3,72.3,-17.0,-19.2
FINANCE,22,binary up/down,5,2019-07,70,47.1,65.7,XGBoost,65.7,82.9,-17.1,-16.2
FINANCE,22,binary up/down,6,2020-01,51,76.5,66.7,Logistic,76.5,29.4,47.1,52.5
FINANCE,22,binary up/down,7,2020-07,122,51.6,59.0,XGBoost,59.0,77.0,-18.0,-43.8
FINANCE,22,binary up/down,8,2021-01,109,49.5,56.0,XGBoost,56.0,68.8,-12.8,-16.0
FINANCE,22,binary up/down,9,2021-07,124,42.7,51.6,XGBoost,51.6,87.1,-35.5,-48.1
FINANCE,22,binary up/down,10,2022-01,89,43.8,52.8,XGBoost,52.8,64.0,-11.2,38.9
FINANCE,22,binary up/down,11,2022-07,91,44.0,52.7,XGBoost,52.7,56.0,-3.3,8.0
FINANCE,22,binary up/down,12,2023-01,119,62.2,52.9,Logistic,62.2,62.2,0.0,-6.9
FINANCE,22,binary up/down,13,2023-07,123,40.7,44.7,XGBoost,44.7,75.6,-30.9,9.4
FINANCE,22,binary up/down,14,2024-01,115,54.8,49.6,Logistic,54.8,61.7,-7.0,-21.0
FINANCE,22,binary up/down,15,2024-07,125,75.2,66.4,Logistic,75.2,82.4,-7.2,-11.9
FINANCE,22,binary up/down,16,2025-01,114,61.4,64.9,XGBoost,64.9,71.1,-6.1,-4.6
FINANCE,22,binary up/down,17,2025-07,124,51.6,50.8,Logistic,51.6,61.3,-9.7,-13.1
FINANCE,22,3-class Buy/Hold/Sell,0,2017-01,77,42.9,22.1,Logistic,42.9,72.7,-29.9,-39.2
FINANCE,22,3-class Buy/Hold/Sell,1,2017-07,54,48.1,31.5,Logistic,48.1,42.6,5.6,-19.8
FINANCE,22,3-class Buy/Hold/Sell,2,2018-01,60,35.0,15.0,Logistic,35.0,41.7,-6.7,32.1
FINANCE,22,3-class Buy/Hold/Sell,3,2018-07,46,30.4,30.4,Logistic,30.4,34.8,-4.3,-13.4
FINANCE,22,3-class Buy/Hold/Sell,4,2019-01,47,40.4,23.4,Logistic,40.4,57.4,-17.0,-24.0
FINANCE,22,3-class Buy/Hold/Sell,5,2019-07,70,25.7,47.1,XGBoost,47.1,71.4,-24.3,-53.9
FINANCE,22,3-class Buy/Hold/Sell,6,2020-01,51,56.9,62.7,XGBoost,62.7,25.5,37.3,45.8
FINANCE,22,3-class Buy/Hold/Sell,7,2020-07,122,29.5,32.0,XGBoost,32.0,60.7,-28.7,-65.4
FINANCE,22,3-class Buy/Hold/Sell,8,2021-01,109,50.5,42.2,Logistic,50.5,56.9,-6.4,-24.8
FINANCE,22,3-class Buy/Hold/Sell,9,2021-07,124,17.7,28.2,XGBoost,28.2,83.1,-54.8,-77.9
FINANCE,22,3-class Buy/Hold/Sell,10,2022-01,89,38.2,44.9,XGBoost,44.9,58.4,-13.5,35.2
FINANCE,22,3-class Buy/Hold/Sell,11,2022-07,91,36.3,44.0,XGBoost,44.0,47.3,-3.3,-0.2
FINANCE,22,3-class Buy/Hold/Sell,12,2023-01,119,36.1,31.1,Logistic,36.1,52.9,-16.8,-42.7
FINANCE,22,3-class Buy/Hold/Sell,13,2023-07,123,30.1,27.6,Logistic,30.1,42.3,-12.2,3.8
FINANCE,22,3-class Buy/Hold/Sell,14,2024-01,115,27.8,22.6,Logistic,27.8,47.8,-20.0,-53.4
FINANCE,22,3-class Buy/Hold/Sell,15,2024-07,125,24.8,42.4,XGBoost,42.4,77.6,-35.2,-41.8
FINANCE,22,3-class Buy/Hold/Sell,16,2025-01,114,36.8,37.7,XGBoost,37.7,60.5,-22.8,-26.5
FINANCE,22,3-class Buy/Hold/Sell,17,2025-07,124,41.1,42.7,XGBoost,42.7,47.6,-4.8,-17.5
SECTOR,1,binary up/down,0,2017-01,62,71.0,61.3,Logistic,71.0,58.1,12.9,8.6
SECTOR,1,binary up/down,1,2017-07,52,55.8,48.1,Logistic,55.8,53.8,1.9,9.4
SECTOR,1,binary up/down,2,2018-01,58,55.2,48.3,Logistic,55.2,70.7,-15.5,17.3
SECTOR,1,binary up/down,3,2018-07,41,58.5,61.0,XGBoost,61.0,48.8,12.2,12.7
SECTOR,1,binary up/down,4,2019-01,43,62.8,51.2,Logistic,62.8,55.8,7.0,26.2
SECTOR,1,binary up/down,5,2019-07,66,56.1,47.0,Logistic,56.1,43.9,12.1,28.7
SECTOR,1,binary up/down,6,2020-01,49,57.1,42.9,Logistic,57.1,53.1,4.1,16.7
SECTOR,1,binary up/down,7,2020-07,122,54.1,50.0,Logistic,54.1,53.3,0.8,0.1
SECTOR,1,binary up/down,8,2021-01,106,57.5,58.5,XGBoost,58.5,57.5,0.9,3.0
SECTOR,1,binary up/down,9,2021-07,124,51.6,53.2,XGBoost,53.2,54.8,-1.6,-5.4
SECTOR,1,binary up/down,10,2022-01,91,52.7,58.2,XGBoost,58.2,54.9,3.3,17.6
SECTOR,1,binary up/down,11,2022-07,91,56.0,58.2,XGBoost,58.2,58.2,0.0,-4.6
SECTOR,1,binary up/down,12,2023-01,119,57.1,58.0,XGBoost,58.0,62.2,-4.2,-0.8
SECTOR,1,binary up/down,13,2023-07,123,52.0,52.8,XGBoost,52.8,47.2,5.7,0.0
SECTOR,1,binary up/down,14,2024-01,115,47.8,50.4,XGBoost,50.4,51.3,-0.9,-9.6
SECTOR,1,binary up/down,15,2024-07,125,61.6,63.2,XGBoost,63.2,72.0,-8.8,1.7
SECTOR,1,binary up/down,16,2025-01,114,49.1,55.3,XGBoost,55.3,57.0,-1.8,3.7
SECTOR,1,binary up/down,17,2025-07,124,57.3,59.7,XGBoost,59.7,54.0,5.6,11.9
SECTOR,1,binary up/down,18,2026-01,118,53.4,54.2,XGBoost,54.2,48.3,5.9,2.6
SECTOR,1,3-class Buy/Hold/Sell,0,2017-01,62,50.0,30.6,Logistic,50.0,32.3,17.7,60.5
SECTOR,1,3-class Buy/Hold/Sell,1,2017-07,52,40.4,26.9,Logistic,40.4,42.3,-1.9,35.8
SECTOR,1,3-class Buy/Hold/Sell,2,2018-01,58,46.6,36.2,Logistic,46.6,50.0,-3.4,17.7
SECTOR,1,3-class Buy/Hold/Sell,3,2018-07,41,39.0,41.5,XGBoost,41.5,26.8,14.6,55.7
SECTOR,1,3-class Buy/Hold/Sell,4,2019-01,43,39.5,30.2,Logistic,39.5,39.5,0.0,53.9
SECTOR,1,3-class Buy/Hold/Sell,5,2019-07,66,39.4,40.9,XGBoost,40.9,36.4,4.5,39.6
SECTOR,1,3-class Buy/Hold/Sell,6,2020-01,49,42.9,34.7,Logistic,42.9,46.9,-4.1,67.2
SECTOR,1,3-class Buy/Hold/Sell,7,2020-07,122,35.2,36.1,XGBoost,36.1,36.9,-0.8,27.9
SECTOR,1,3-class Buy/Hold/Sell,8,2021-01,106,49.1,50.9,XGBoost,50.9,43.4,7.5,63.3
SECTOR,1,3-class Buy/Hold/Sell,9,2021-07,124,44.4,46.8,XGBoost,46.8,33.9,12.9,52.1
SECTOR,1,3-class Buy/Hold/Sell,10,2022-01,91,45.1,49.5,XGBoost,49.5,40.7,8.8,61.4
SECTOR,1,3-class Buy/Hold/Sell,11,2022-07,91,44.0,40.7,Logistic,44.0,46.2,-2.2,48.3
SECTOR,1,3-class Buy/Hold/Sell,12,2023-01,119,41.2,46.2,XGBoost,46.2,39.5,6.7,52.7
SECTOR,1,3-class Buy/Hold/Sell,13,2023-07,123,37.4,30.9,Logistic,37.4,39.0,-1.6,25.2
SECTOR,1,3-class Buy/Hold/Sell,14,2024-01,115,43.5,45.2,XGBoost,45.2,40.9,4.3,27.1
SECTOR,1,3-class Buy/Hold/Sell,15,2024-07,125,40.8,45.6,XGBoost,45.6,49.6,-4.0,51.1
SECTOR,1,3-class Buy/Hold/Sell,16,2025-01,114,34.2,43.9,XGBoost,43.9,38.6,5.3,47.2
SECTOR,1,3-class Buy/Hold/Sell,17,2025-07,124,62.1,54.8,Logistic,62.1,56.5,5.6,21.5
SECTOR,1,3-class Buy/Hold/Sell,18,2026-01,118,55.1,48.3,Logistic,55.1,54.2,0.8,22.2
SECTOR,5,binary up/down,0,2017-01,62,56.5,80.6,XGBoost,80.6,74.2,6.5,3.1
SECTOR,5,binary up/down,1,2017-07,52,61.5,61.5,Logistic,61.5,61.5,0.0,6.0
SECTOR,5,binary up/down,2,2018-01,58,53.4,41.4,Logistic,53.4,72.4,-19.0,23.4
SECTOR,5,binary up/down,3,2018-07,41,36.6,46.3,XGBoost,46.3,46.3,0.0,0.7
SECTOR,5,binary up/down,4,2019-01,43,53.5,58.1,XGBoost,58.1,58.1,0.0,29.7
SECTOR,5,binary up/down,5,2019-07,66,66.7,57.6,Logistic,66.7,63.6,3.0,-3.7
SECTOR,5,binary up/down,6,2020-01,49,67.3,51.0,Logistic,67.3,53.1,14.3,41.8
SECTOR,5,binary up/down,7,2020-07,122,41.8,52.5,XGBoost,52.5,58.2,-5.7,-5.1
SECTOR,5,binary up/down,8,2021-01,106,67.0,50.9,Logistic,67.0,65.1,1.9,14.3
SECTOR,5,binary up/down,9,2021-07,124,50.8,50.8,Logistic,50.8,67.7,-16.9,-20.3
SECTOR,5,binary up/down,10,2022-01,91,57.1,60.4,XGBoost,60.4,60.4,0.0,35.1
SECTOR,5,binary up/down,11,2022-07,91,50.5,54.9,XGBoost,54.9,51.6,3.3,-7.5
SECTOR,5,binary up/down,12,2023-01,119,52.1,48.7,Logistic,52.1,57.1,-5.0,-14.9
SECTOR,5,binary up/down,13,2023-07,123,44.7,44.7,Logistic,44.7,53.7,-8.9,-10.7
SECTOR,5,binary up/down,14,2024-01,115,49.6,56.5,XGBoost,56.5,53.0,3.5,-5.6
SECTOR,5,binary up/down,15,2024-07,125,61.6,62.4,XGBoost,62.4,62.4,0.0,-0.5
SECTOR,5,binary up/down,16,2025-01,114,44.7,42.1,Logistic,44.7,56.1,-11.4,-15.7
SECTOR,5,binary up/down,17,2025-07,124,63.7,62.1,Logistic,63.7,57.3,6.5,8.1
SECTOR,5,binary up/down,18,2026-01,118,44.1,46.6,XGBoost,46.6,41.5,5.1,-3.7
SECTOR,5,3-class Buy/Hold/Sell,0,2017-01,62,38.7,66.1,XGBoost,66.1,62.9,3.2,69.6
SECTOR,5,3-class Buy/Hold/Sell,1,2017-07,52,48.1,28.8,Logistic,48.1,46.2,1.9,49.6
SECTOR,5,3-class Buy/Hold/Sell,2,2018-01,58,39.7,31.0,Logistic,39.7,37.9,1.7,32.7
SECTOR,5,3-class Buy/Hold/Sell,3,2018-07,41,29.3,34.1,XGBoost,34.1,29.3,4.9,18.9
SECTOR,5,3-class Buy/Hold/Sell,4,2019-01,43,44.2,46.5,XGBoost,46.5,39.5,7.0,58.1
SECTOR,5,3-class Buy/Hold/Sell,5,2019-07,66,42.4,37.9,Logistic,42.4,42.4,0.0,54.6
SECTOR,5,3-class Buy/Hold/Sell,6,2020-01,49,49.0,38.8,Logistic,49.0,46.9,2.0,66.3
SECTOR,5,3-class Buy/Hold/Sell,7,2020-07,122,30.3,36.9,XGBoost,36.9,46.7,-9.8,-18.0
SECTOR,5,3-class Buy/Hold/Sell,8,2021-01,106,47.2,30.2,Logistic,47.2,53.8,-6.6,-11.1
SECTOR,5,3-class Buy/Hold/Sell,9,2021-07,124,37.9,37.1,Logistic,37.9,53.2,-15.3,-24.8
SECTOR,5,3-class Buy/Hold/Sell,10,2022-01,91,56.0,56.0,Logistic,56.0,50.5,5.5,39.8
SECTOR,5,3-class Buy/Hold/Sell,11,2022-07,91,48.4,36.3,Logistic,48.4,40.7,7.7,-14.0
SECTOR,5,3-class Buy/Hold/Sell,12,2023-01,119,34.5,35.3,XGBoost,35.3,41.2,-5.9,-21.9
SECTOR,5,3-class Buy/Hold/Sell,13,2023-07,123,38.2,30.1,Logistic,38.2,36.6,1.6,-16.3
SECTOR,5,3-class Buy/Hold/Sell,14,2024-01,115,29.6,33.0,XGBoost,33.0,38.3,-5.2,-28.5
SECTOR,5,3-class Buy/Hold/Sell,15,2024-07,125,41.6,43.2,XGBoost,43.2,51.2,-8.0,-25.1
SECTOR,5,3-class Buy/Hold/Sell,16,2025-01,114,25.4,36.0,XGBoost,36.0,44.7,-8.8,-19.6
SECTOR,5,3-class Buy/Hold/Sell,17,2025-07,124,35.5,39.5,XGBoost,39.5,41.9,-2.4,-17.2
SECTOR,5,3-class Buy/Hold/Sell,18,2026-01,118,42.4,38.1,Logistic,42.4,31.4,11.0,-9.6
SECTOR,10,binary up/down,0,2017-01,62,41.9,66.1,XGBoost,66.1,75.8,-9.7,-17.3
SECTOR,10,binary up/down,1,2017-07,52,59.6,51.9,Logistic,59.6,61.5,-1.9,-2.7
SECTOR,10,binary up/down,2,2018-01,58,50.0,53.4,XGBoost,53.4,41.4,12.1,32.9
SECTOR,10,binary up/down,3,2018-07,41,39.0,51.2,XGBoost,51.2,51.2,0.0,22.2
SECTOR,10,binary up/down,4,2019-01,43,65.1,51.2,Logistic,65.1,58.1,7.0,35.7
SECTOR,10,binary up/down,5,2019-07,66,71.2,65.2,Logistic,71.2,75.8,-4.5,-3.0
SECTOR,10,binary up/down,6,2020-01,49,67.3,67.3,Logistic,67.3,44.9,22.4,51.0
SECTOR,10,binary up/down,7,2020-07,122,36.1,44.3,XGBoost,44.3,60.7,-16.4,-46.4
SECTOR,10,binary up/down,8,2021-01,106,66.0,54.7,Logistic,66.0,51.9,14.2,-3.7
SECTOR,10,binary up/down,9,2021-07,124,46.0,54.8,XGBoost,54.8,70.2,-15.3,-25.0
SECTOR,10,binary up/down,10,2022-01,91,51.6,42.9,Logistic,51.6,60.4,-8.8,31.7
SECTOR,10,binary up/down,11,2022-07,91,54.9,46.2,Logistic,54.9,50.5,4.4,-4.9
SECTOR,10,binary up/down,12,2023-01,119,47.1,46.2,Logistic,47.1,62.2,-15.1,-38.1
SECTOR,10,binary up/down,13,2023-07,123,38.2,40.7,XGBoost,40.7,45.5,-4.9,-22.0
SECTOR,10,binary up/down,14,2024-01,115,45.2,57.4,XGBoost,57.4,56.5,0.9,-8.1
SECTOR,10,binary up/down,15,2024-07,125,57.6,48.8,Logistic,57.6,74.4,-16.8,-15.0
SECTOR,10,binary up/down,16,2025-01,114,40.4,46.5,XGBoost,46.5,57.9,-11.4,-15.8
SECTOR,10,binary up/down,17,2025-07,124,66.9,62.1,Logistic,66.9,69.4,-2.4,-5.7
SECTOR,10,binary up/down,18,2026-01,118,49.2,38.1,Logistic,49.2,50.8,-1.7,6.2
SECTOR,10,3-class Buy/Hold/Sell,0,2017-01,62,43.5,45.2,XGBoost,45.2,67.7,-22.6,-29.0
SECTOR,10,3-class Buy/Hold/Sell,1,2017-07,52,26.9,30.8,XGBoost,30.8,48.1,-17.3,-30.3
SECTOR,10,3-class Buy/Hold/Sell,2,2018-01,58,34.5,31.0,Logistic,34.5,27.6,6.9,25.3
SECTOR,10,3-class Buy/Hold/Sell,3,2018-07,41,22.0,34.1,XGBoost,34.1,36.6,-2.4,12.7
SECTOR,10,3-class Buy/Hold/Sell,4,2019-01,43,55.8,44.2,Logistic,55.8,41.9,14.0,33.7
SECTOR,10,3-class Buy/Hold/Sell,5,2019-07,66,50.0,36.4,Logistic,50.0,60.6,-10.6,-21.9
SECTOR,10,3-class Buy/Hold/Sell,6,2020-01,49,65.3,49.0,Logistic,65.3,40.8,24.5,49.8
SECTOR,10,3-class Buy/Hold/Sell,7,2020-07,122,24.6,32.8,XGBoost,32.8,51.6,-18.9,-50.8
SECTOR,10,3-class Buy/Hold/Sell,8,2021-01,106,52.8,38.7,Logistic,52.8,47.2,5.7,-1.6
SECTOR,10,3-class Buy/Hold/Sell,9,2021-07,124,35.5,40.3,XGBoost,40.3,62.9,-22.6,-30.0
SECTOR,10,3-class Buy/Hold/Sell,10,2022-01,91,46.2,34.1,Logistic,46.2,50.5,-4.4,34.0
SECTOR,10,3-class Buy/Hold/Sell,11,2022-07,91,49.5,44.0,Logistic,49.5,47.3,2.2,-6.8
SECTOR,10,3-class Buy/Hold/Sell,12,2023-01,119,37.0,37.0,Logistic,37.0,53.8,-16.8,-41.0
SECTOR,10,3-class Buy/Hold/Sell,13,2023-07,123,29.3,28.5,Logistic,29.3,31.7,-2.4,-28.1
SECTOR,10,3-class Buy/Hold/Sell,14,2024-01,115,21.7,35.7,XGBoost,35.7,45.2,-9.6,-29.8
SECTOR,10,3-class Buy/Hold/Sell,15,2024-07,125,32.0,36.8,XGBoost,36.8,57.6,-20.8,-35.8
SECTOR,10,3-class Buy/Hold/Sell,16,2025-01,114,23.7,27.2,XGBoost,27.2,48.2,-21.1,-36.4
SECTOR,10,3-class Buy/Hold/Sell,17,2025-07,124,40.3,39.5,Logistic,40.3,50.0,-9.7,-30.8
SECTOR,10,3-class Buy/Hold/Sell,18,2026-01,118,32.2,39.0,XGBoost,39.0,36.4,2.5,3.6
SECTOR,22,binary up/down,0,2017-01,62,37.1,35.5,Logistic,37.1,83.9,-46.8,-66.9
SECTOR,22,binary up/down,1,2017-07,52,53.8,53.8,Logistic,53.8,59.6,-5.8,-15.7
SECTOR,22,binary up/down,2,2018-01,58,43.1,34.5,Logistic,43.1,51.7,-8.6,38.2
SECTOR,22,binary up/down,3,2018-07,41,56.1,61.0,XGBoost,61.0,65.9,-4.9,65.7
SECTOR,22,binary up/down,4,2019-01,43,60.5,65.1,XGBoost,65.1,46.5,18.6,19.8
SECTOR,22,binary up/down,5,2019-07,66,53.0,51.5,Logistic,53.0,66.7,-13.6,-23.8
SECTOR,22,binary up/down,6,2020-01,49,69.4,22.4,Logistic,69.4,40.8,28.6,58.6
SECTOR,22,binary up/down,7,2020-07,122,39.3,54.1,XGBoost,54.1,74.6,-20.5,-33.8
SECTOR,22,binary up/down,8,2021-01,106,59.4,47.2,Logistic,59.4,56.6,2.8,-20.4
SECTOR,22,binary up/down,9,2021-07,124,41.1,61.3,XGBoost,61.3,84.7,-23.4,-38.4
SECTOR,22,binary up/down,10,2022-01,91,44.0,35.2,Logistic,44.0,67.0,-23.1,23.5
SECTOR,22,binary up/down,11,2022-07,91,59.3,58.2,Logistic,59.3,61.5,-2.2,4.6
SECTOR,22,binary up/down,12,2023-01,119,44.5,50.4,XGBoost,50.4,67.2,-16.8,-32.5
SECTOR,22,binary up/down,13,2023-07,123,43.9,30.9,Logistic,43.9,48.8,-4.9,-8.1
SECTOR,22,binary up/down,14,2024-01,115,47.8,54.8,XGBoost,54.8,59.1,-4.3,-17.1
SECTOR,22,binary up/down,15,2024-07,125,49.6,58.4,XGBoost,58.4,82.4,-24.0,-20.3
SECTOR,22,binary up/down,16,2025-01,114,51.8,42.1,Logistic,51.8,62.3,-10.5,-14.5
SECTOR,22,binary up/down,17,2025-07,124,66.1,58.9,Logistic,66.1,71.8,-5.6,-11.7
SECTOR,22,3-class Buy/Hold/Sell,0,2017-01,62,35.5,24.2,Logistic,35.5,71.0,-35.5,-67.0
SECTOR,22,3-class Buy/Hold/Sell,1,2017-07,52,36.5,28.8,Logistic,36.5,38.5,-1.9,-37.6
SECTOR,22,3-class Buy/Hold/Sell,2,2018-01,58,32.8,29.3,Logistic,32.8,31.0,1.7,45.9
SECTOR,22,3-class Buy/Hold/Sell,3,2018-07,41,34.1,22.0,Logistic,34.1,48.8,-14.6,33.6
SECTOR,22,3-class Buy/Hold/Sell,4,2019-01,43,37.2,51.2,XGBoost,51.2,41.9,9.3,2.8
SECTOR,22,3-class Buy/Hold/Sell,5,2019-07,66,33.3,31.8,Logistic,33.3,56.1,-22.7,-36.8
SECTOR,22,3-class Buy/Hold/Sell,6,2020-01,49,53.1,18.4,Logistic,53.1,28.6,24.5,40.1
SECTOR,22,3-class Buy/Hold/Sell,7,2020-07,122,28.7,36.1,XGBoost,36.1,59.8,-23.8,-60.6
SECTOR,22,3-class Buy/Hold/Sell,8,2021-01,106,46.2,33.0,Logistic,46.2,38.7,7.5,-23.3
SECTOR,22,3-class Buy/Hold/Sell,9,2021-07,124,23.4,35.5,XGBoost,35.5,74.2,-38.7,-61.2
SECTOR,22,3-class Buy/Hold/Sell,10,2022-01,91,25.3,40.7,XGBoost,40.7,63.7,-23.1,32.5
SECTOR,22,3-class Buy/Hold/Sell,11,2022-07,91,47.3,29.7,Logistic,47.3,57.1,-9.9,-7.0
SECTOR,22,3-class Buy/Hold/Sell,12,2023-01,119,43.7,37.0,Logistic,43.7,64.7,-21.0,-43.1
SECTOR,22,3-class Buy/Hold/Sell,13,2023-07,123,29.3,18.7,Logistic,29.3,39.0,-9.8,-12.0
SECTOR,22,3-class Buy/Hold/Sell,14,2024-01,115,34.8,40.0,XGBoost,40.0,47.8,-7.8,-36.9
SECTOR,22,3-class Buy/Hold/Sell,15,2024-07,125,40.8,36.0,Logistic,40.8,79.2,-38.4,-39.3
SECTOR,22,3-class Buy/Hold/Sell,16,2025-01,114,39.5,26.3,Logistic,39.5,55.3,-15.8,-28.7
SECTOR,22,3-class Buy/Hold/Sell,17,2025-07,124,40.3,41.9,XGBoost,41.9,55.6,-13.7,-26.1
