ds,y,yhat,yhat_lower,yhat_upper
2025-04-10,129.0,116.11502143007303,107.94346774082577,124.30574678911832
2025-04-11,128.75,116.67735026925037,108.9574310808855,125.1942475736733
2025-04-16,129.0,115.8063030556107,107.29725441470694,123.62073054304712
2025-04-17,128.25,115.8135033688029,107.17813920870418,124.354789015129
2025-04-21,127.75,115.90407554237292,107.76567549793646,123.85152999000474
2025-04-22,128.5,115.44938984590858,107.23112024292129,123.42030569542403
2025-04-23,126.0,115.1801863959597,107.46542065496892,123.33945204105996
2025-04-24,127.5,115.18208207949381,107.1970355070942,123.35980920217119
2025-04-25,128.5,115.66738809802617,107.39554734701618,123.61482582016788
2025-04-28,129.0,115.38198235283691,106.94080431375471,123.49632186996254
2025-04-29,128.25,114.9813558656559,106.7785207398573,123.18896844029551
2025-04-30,132.25,114.77376823538296,106.96275435218367,123.80996718431118
2025-05-02,131.75,115.39955599889356,107.15621031910499,123.43309190677465
2025-05-05,132.0,115.33262426638484,107.18125294303005,123.20538801723349
2025-05-06,133.5,115.00071581592987,106.80910612407249,122.76442681692184
2025-05-07,133.0,114.85731813072489,106.93323152752903,122.80104395846679
2025-05-08,134.0,114.98505182241661,106.97867361486273,123.89650964540053
2025-05-09,134.75,115.5934163975036,107.46119564302927,123.8411404586846
2025-05-14,137.75,115.19601504320373,107.32196920026513,123.28859999267459
2025-05-15,140.75,115.3305707914655,107.35915162078602,123.93727329035235
2025-05-16,140.75,115.93970391477893,107.98907339466435,123.78470105083024
2025-05-19,140.75,115.95889115427894,108.42184577422591,124.13391202804942
2025-05-20,140.5,115.63511106064156,107.8494789708723,123.26371409938123
2025-05-21,140.0,115.49194055504093,107.98613795427285,123.50003471077324
2025-05-22,145.0,115.61374869737548,107.6822195481653,122.99125994121658
2025-05-23,145.0,116.21190282702621,108.3006552022429,124.89381574095117
2025-05-26,145.75,116.21777605267447,108.22912186482549,124.39564244913629
2025-05-27,146.0,115.89829596823341,107.84272764677452,124.2998463190508
2025-05-28,147.5,115.7644230356873,107.41731844547898,123.55452566428413
2025-05-29,147.0,115.90059973873565,107.68179985185871,124.04111447355295
2025-05-30,148.25,116.51806256761135,108.24393820189665,124.9159701384017
2025-06-02,147.0,116.60733633207327,108.22385464380817,124.90868605893665
2025-06-03,147.5,116.32193167082458,108.51851660327782,124.35847853486857
2025-06-04,145.5,116.22383679737746,107.94177680378104,124.71371047378793
2025-06-05,145.5,116.39650068828236,107.97052802286353,123.93692213427553
2025-06-06,146.0,117.0501256590869,108.96792401691806,125.06071954159397
2025-06-09,144.5,117.23573726902157,109.12028808917346,124.44842003636207
2025-06-11,146.25,116.89727749544106,108.62612318600983,125.31835342656143
2025-06-12,145.75,117.08458906149588,109.13516325617475,125.18518244630619
2025-06-13,143.0,117.74703548454839,109.52698721232873,125.76983970267834
2025-06-16,143.0,117.92310823372199,109.69877423315152,126.70589643879693
2025-06-17,144.75,117.64811513093805,109.95890811981381,125.77897197014126
2025-06-18,144.0,117.55067412924302,110.05886892163561,125.67231996643004
2025-06-19,143.0,117.71441276268293,109.4438741227256,125.46168424511534
2025-06-20,142.75,118.35003350518609,110.41521212553167,126.87306734452677
2025-06-23,139.25,118.43668909025723,110.46170929297362,126.57796516785353
2025-06-24,143.75,118.13277473869896,110.37163569615703,126.68704292327415
2025-06-25,145.75,118.00883767215294,110.08271221928497,126.21657469647755
2025-06-26,146.0,118.14965205658218,109.7802521102922,126.25449095333327
2025-06-27,147.0,118.76699019548806,110.4990884163384,126.83199085536646
2025-06-30,146.0,118.83554670998376,110.62844370188651,127.0832442145903
2025-07-01,147.0,118.54003219099765,110.43411733595701,126.91171097922799
2025-07-02,148.0,118.43234058772268,110.8855947401427,126.645012072552
2025-07-03,147.75,118.59731798188048,109.7257691899659,126.10455132302184
2025-07-04,149.75,119.24659657406201,110.86515284569899,127.46656466313837
2025-07-07,147.5,119.45313635788622,111.29483917562749,127.980151865091
2025-07-08,145.75,119.2152136345069,111.2084214700414,127.05814293120045
2025-07-09,147.0,119.16926924523405,110.93267381276573,127.19634432393144
2025-07-11,148.75,120.11465323879587,111.87988608734422,128.51674987729206
2025-07-14,154.0,120.51708262335922,112.18267427317724,128.6435130765995
2025-07-15,153.0,120.33883535468824,111.53284146304733,128.41025085286458
2025-07-16,151.0,120.34761203669508,111.68689430102381,128.7543082671004
2025-07-17,148.75,120.62591739886037,112.16287635203666,129.5085644792922
2025-07-18,150.0,121.383073962796,112.96090073328757,129.50336866081298
2025-07-21,149.5,121.85904245482953,113.08075788639398,130.34451155745538
2025-07-22,148.25,121.68656172949719,113.83278295814436,129.73516012276852
2025-07-23,148.75,121.69130609354822,113.51430650345591,129.53612656288058
2025-07-24,149.5,121.95581256002092,113.6621945560571,130.2178344837257
2025-07-25,150.5,122.68962251529804,114.83958584497829,130.83465429951224
2025-07-28,152.0,123.04302424643963,115.2306917349732,131.23210690830768
2025-07-29,155.0,122.8145128123084,114.8523929311493,131.0847560396042
2025-07-30,159.5,122.75711155069202,114.29075332801253,131.36848713608822
2025-07-31,159.0,122.95437811958855,115.06979584096774,131.68397559790705
2025-08-01,159.5,123.61693296626447,115.01478926686589,131.91844241657597
2025-08-04,156.5,123.74365062704076,115.05746637480915,132.0221530218236
2025-08-05,156.0,123.43896778130197,115.21441504099539,131.41266550469706
2025-08-06,157.0,123.3068546113368,115.14594650586928,131.596385288128
2025-08-07,156.75,123.43184205477608,114.95171218119243,131.5453939904769
2025-08-11,158.0,123.9729781851944,116.45582436396768,132.0814201557502
2025-08-12,158.0,123.61987784755794,115.52418331261042,131.80117484492573
2025-08-13,158.5,123.4458142570957,115.50051667415278,132.32763557348957
2025-08-14,158.0,123.53566907423769,115.51398476268197,131.77561355051694
2025-08-15,160.0,124.1012275648388,116.12658384764251,132.23452236149328
2025-08-18,165.0,124.00867956021777,115.6539957310523,132.2508629320185
2025-08-19,163.0,123.65710863416511,115.5211633609331,131.46708318083688
2025-08-20,164.0,123.49198422489636,114.93502625869706,131.65296206818977
2025-08-21,164.0,123.59809934089361,115.3114002140385,131.8047636545638
2025-08-22,162.0,124.18711163040953,115.84657360337451,132.24522050493528
2025-08-25,162.75,124.20626476653419,116.00257290178119,132.70438853570442
2025-08-26,162.0,123.90491567718097,115.7695790263815,132.08248333349025
2025-08-27,162.0,123.79600965793776,115.51004670488075,132.05690175708312
2025-08-28,163.0,123.96397067658638,115.81336995582103,132.53356773392875
2025-08-29,163.0,124.62003196507128,116.77792416109747,132.70058057667615
2025-09-01,163.0,124.86633596818453,116.45932829543914,133.84599516330778
2025-09-02,164.5,124.64726664089994,115.98973525719445,132.9025764552268
2025-09-03,165.0,124.6226688296852,116.37401932194278,133.11098317736108
2025-09-04,165.0,124.8760890821255,116.6529197380932,133.92424464290553
2025-09-08,164.75,126.11145880231233,117.62146015240788,134.6141874298679
2025-09-09,163.5,125.96775435340673,117.90910002318203,133.84036206340863
2025-09-10,162.75,126.01292961378246,116.9774117560425,134.7620496144704
2025-09-11,160.25,126.32927904585227,118.21212710872311,135.1300060980236
2025-09-12,159.0,127.12584001729846,118.46780482461405,135.5389955163079
2025-09-15,156.5,127.72403266235979,118.98823518394516,136.85276791081142
2025-09-16,155.25,127.59179305574996,118.86565489376366,135.88852076523588
2025-09-17,158.0,127.63539446494073,118.94861955714819,135.95880463186393
2025-09-18,159.75,127.93658483865916,119.92290587838663,136.51619029992153
2025-09-19,161.0,128.7040666123411,120.61365097363237,137.19017140411634
2025-09-22,162.75,129.13175927716733,120.53656198718897,137.4187397535824
2025-09-23,162.0,128.91632352708606,120.02429880672662,137.73290606848713
2025-09-24,165.25,128.8649215927487,120.15973202152581,137.41415380048932
2025-09-25,164.0,129.0605314589414,120.28479478446462,138.16653045836784
2025-09-26,165.75,129.7133424914763,120.73335080509163,137.84986024185417
2025-09-29,169.0,129.76076443240285,121.38681273513204,138.44220971452043
2025-09-30,170.0,129.41351016378263,120.52454498944678,138.25711303441545
2025-10-01,174.0,129.23160477135374,120.95307182135276,138.00027694195236
2025-10-02,182.0,129.30044084899762,120.39358710821227,138.22708382124904
2025-10-03,191.75,129.83262447993124,121.1112336946946,138.67968813063837
2025-10-07,193.0,129.15718464151215,120.97304250717035,137.8163200616953
2025-10-08,193.0,128.91800180285165,120.18883242300011,138.04745383703613
2025-10-09,190.0,128.9473095473524,120.35640200957464,138.1430532014939
2025-10-10,191.75,129.45871293612598,120.60819210827762,138.08689704578947
2025-10-13,192.0,129.2586852632741,120.33371974711852,137.25971074152312
2025-10-14,193.0,128.89426653911474,120.43735426174669,138.213614547796
2025-10-15,192.75,128.72948784181483,119.0036612459405,137.52135371890847
2025-10-16,191.0,128.84970139674337,119.93083578148196,137.8565352869628
2025-10-17,191.0,129.46676756182924,120.65043382992371,138.03316492172004
2025-10-21,191.0,129.426941759964,120.16988426627027,138.09866769977367
2025-10-22,191.0,129.40543285481613,119.4687492713193,138.33611858809093
2025-10-23,192.75,129.6679520261384,120.42464222581228,138.4017139550721
2025-10-24,192.0,130.4234092153437,122.16760470691611,139.80456937336078
2025-10-27,192.0,130.9705828351108,122.71260393221408,140.38614612432102
2025-10-28,191.0,130.84334774481906,121.49704518645144,139.7297856988109
2025-10-29,191.0,130.901659454566,122.06656557343253,139.72133881964643
2025-10-30,189.0,131.22639973129336,121.29203104398485,140.3636363821987
2025-10-31,190.0,132.02539101811473,123.56368100656661,140.8330791930195
2025-11-03,191.0,132.58694647353045,123.66854342025476,141.4120767948512
2025-11-04,189.75,132.42672414907383,123.70199558199579,141.9591001946532
2025-11-06,188.0,132.6936069423299,123.20615207800651,142.3359963604181
2025-11-07,190.0,133.41301945718573,124.23846674703034,142.91872160989786
2025-11-10,192.0,133.67830413599364,124.62068912952866,142.19563190906314
2025-11-11,192.5,133.40938728836116,124.13777984564989,142.88366311237766
2025-11-12,191.0,133.30869918716323,123.58122822428766,142.42707242004576
2025-11-13,191.0,133.46171124717387,124.46959831969346,142.9610975459873
2025-11-14,186.5,134.08112324930835,125.22482774401776,143.2920111145875
2025-11-17,185.25,134.10732876232254,125.04941665728045,143.86030984323233
2025-11-18,185.0,133.78630214862963,125.45853861867324,142.92239689364897
2025-11-19,185.0,133.65003984783732,124.38573993204578,142.2511580060415
2025-11-20,184.0,133.78503292140712,124.68749999587071,143.35114410068698
2025-11-21,182.5,134.40454268546566,125.46841068266522,143.23444912012107
2025-11-24,181.25,134.5382953540495,125.63241028444187,144.15074349916154
2025-11-25,182.0,134.2860840475811,124.93903723442435,143.74812389496944
2025-11-26,183.75,134.23265788034468,124.27554447948391,143.100426709324
2025-11-27,183.0,134.46246907171428,124.89071438298836,144.55437457085975
2025-11-28,184.0,135.18643797433413,125.02117031366826,144.41777333951873
2025-12-01,180.0,135.66482769100244,127.26216227372946,145.5891327244617
2025-12-02,178.75,135.5284934390645,125.21050843803843,145.4778221840749
2025-12-03,176.0,135.58671452319953,126.17653477999305,145.23411771083684
2025-12-05,172.75,136.74053465526018,127.11141143338607,146.7005121782288
2025-12-08,173.75,137.427731615269,127.76336203892691,146.9178580099466
2025-12-09,174.75,137.33019036750508,128.12094322208927,146.54683223597607
2025-12-10,175.0,137.41027713286806,126.84811129712226,146.6646494206573
2025-12-11,174.5,137.74950475592178,127.45789601745759,147.24026485187684
2025-12-12,173.5,138.55650554679164,128.99349873707718,147.53728974645603
2025-12-15,172.75,139.11360691221614,129.00024836638272,148.2756636596552
2025-12-16,174.0,138.9464504283585,129.25307597607326,148.2350529571516
2025-12-17,174.0,138.9470518259771,128.94311695715544,149.29122637641174
2025-12-18,172.0,139.1992646722563,129.50561183492573,148.65397257912733
2025-12-19,171.0,139.91423063655887,130.07374519452776,149.88841573284478
2025-12-22,170.0,140.19123303507465,129.69624786582781,149.4954683290849
2025-12-23,168.5,139.93792139763244,130.22697538810635,149.51759811146565
2025-12-24,169.0,139.85991324261755,130.43646864203888,150.36806949424914
2025-12-26,167.0,140.70031412577126,130.78579621563603,150.31575633349968
2025-12-29,166.25,140.88362218662812,131.2201260816001,151.47904777042544
2025-12-30,173.0,140.62748421387974,130.9987019659899,150.84681625177444
2025-12-31,174.0,140.56074152120684,130.26469723969413,150.59945965152858
2026-01-02,177.25,141.46277071323985,131.58966179662832,152.14924116609163
2026-01-05,174.5,141.81477423715296,131.6419961069527,151.63259625567937
2026-01-06,176.25,141.62741519150825,131.89658054067442,151.989562943572
2026-01-07,179.25,141.63188695102824,131.91320636470024,151.53987577181837
2026-01-08,178.0,141.91092249762522,132.3019451296334,151.68617034422346
2026-01-09,175.0,142.67384258169412,132.03030347771798,152.90994229247116
2026-01-12,176.0,143.19410904976678,133.07404763198778,153.76450299668392
2026-01-13,176.5,143.04342803793347,133.19474116981104,153.72501572164708
2026-01-14,180.0,143.07215546147623,132.39520623754765,153.65870139852422
2026-01-16,180.0,144.12120994688476,133.39949443203398,154.41731378554772
2026-01-19,180.0,144.543385853112,134.50992561867105,154.9611845880056
2026-01-20,181.0,144.33245133795427,133.6999466478839,154.6732616667733
2026-01-21,180.0,144.28887455307043,133.91025101649424,155.08544530716725
2026-01-22,180.0,144.49580668108436,133.33452125308133,154.2588607399874
2026-01-23,181.0,145.16364956682634,134.75300766310343,154.86987339434265
2026-01-26,185.5,145.28075504175328,135.00290462545226,155.6450439233538
2026-01-27,185.0,144.9656086533641,134.7962604453976,156.27011841643377
2026-01-28,186.0,144.82045502476262,134.64212539304378,155.8317356255906
2026-01-29,184.75,144.9306683079693,134.79454192259948,155.12047088177587
2026-01-30,184.5,145.50870463603536,135.50271910644912,155.56729319545897
2026-02-02,181.5,145.41466359578297,134.58756945503498,156.14677717833604
2026-02-03,180.75,145.05257726807923,134.03954286025925,155.22723080811335
2026-02-05,179.5,144.96226605533755,134.05746407991876,155.7650068594296
2026-02-06,179.5,145.53159377939213,135.12967709204614,156.4397123560749
2026-02-09,182.0,145.47747142058168,135.1190568330882,156.65150871602145
2026-02-10,181.5,145.1459209088351,134.06370141140735,156.7037456420485
2026-02-11,181.5,145.00268538194916,134.18037203223702,155.5696026854506
2026-02-12,181.0,145.1310207318816,134.63655659225833,156.74594246785384
2026-02-13,182.0,145.74073736807654,136.32782245728373,156.58127958289128
