date,iip_index,iip_mom_pct_DO_NOT_USE,iip_yoy_pct,iip_yoy_3mavg,d_iip_yoy_3m
2016-01-31,103.4,,,,
2016-02-29,101.9,-1.45,,,
2016-03-31,108.7,6.67,,,
2016-04-30,95.3,-12.33,,,
2016-05-31,102.6,7.66,,,
2016-06-30,106.1,3.41,,,
2016-07-31,103.8,-2.17,,,
2016-08-31,103.5,-0.29,,,
2016-09-30,101.6,-1.84,,,
2016-10-31,104.3,2.66,,,
2016-11-30,104.5,0.19,,,
2016-12-31,103.3,-1.15,,,
2017-01-31,103.8,0.48,0.39,,
2017-02-28,103.1,-0.67,1.18,,
2017-03-31,109.5,6.21,0.74,0.77,
2017-04-30,98.7,-9.86,3.57,1.83,3.18
2017-05-31,104.9,6.28,2.24,2.18,1.06
2017-06-30,105.5,0.57,-0.57,1.75,-1.31
2017-07-31,104.9,-0.57,1.06,0.91,-2.51
2017-08-31,108.6,3.53,4.93,1.81,2.69
2017-09-30,107.7,-0.83,6.0,4.0,6.57
2017-10-31,108.6,0.84,4.12,5.02,3.06
2017-11-30,108.9,0.28,4.21,4.78,-0.72
2017-12-31,107.7,-1.1,4.26,4.2,-1.74
2018-01-31,108.7,0.93,4.72,4.4,0.6
2018-02-28,103.6,-4.69,0.48,3.15,-3.73
2018-03-31,110.3,6.47,0.73,1.98,-3.53
2018-04-30,97.7,-11.42,-1.01,0.07,-5.73
2018-05-31,105.7,8.19,0.76,0.16,0.28
2018-06-30,105.0,-0.66,-0.47,-0.24,-1.2
2018-07-31,106.1,1.05,1.14,0.48,2.15
2018-08-31,109.3,3.02,0.64,0.44,-0.12
2018-09-30,106.7,-2.38,-0.93,0.28,-0.46
2018-10-31,110.8,3.84,2.03,0.58,0.89
2018-11-30,107.4,-3.07,-1.38,-0.09,-2.02
2018-12-31,109.0,1.49,1.21,0.62,2.14
2019-01-31,108.8,-0.18,0.09,-0.03,-1.94
2019-02-28,104.2,-4.23,0.58,0.63,1.96
2019-03-31,116.5,11.8,5.62,2.1,4.41
2019-04-30,96.9,-16.82,-0.82,1.79,-0.91
2019-05-31,106.1,9.49,0.38,1.73,-0.2
2019-06-30,107.3,1.13,2.19,0.58,-3.43
2019-07-31,108.4,1.03,2.17,1.58,2.99
2019-08-31,112.0,3.32,2.47,2.28,2.09
2019-09-30,107.3,-4.2,0.56,1.73,-1.63
2019-10-31,112.1,4.47,1.17,1.4,-1.0
2019-11-30,108.8,-2.94,1.3,1.01,-1.17
2019-12-31,108.6,-0.18,-0.37,0.7,-0.93
2020-01-31,108.1,-0.46,-0.64,0.1,-1.81
2020-02-29,103.9,-3.89,-0.29,-0.43,-1.59
2020-03-31,83.8,-19.35,-28.07,-9.67,-27.7
2020-04-30,49.7,-40.69,-48.71,-25.69,-48.07
2020-05-31,79.0,58.95,-25.54,-34.11,-25.25
2020-06-30,92.8,17.47,-13.51,-29.25,14.56
2020-07-31,111.1,19.72,2.49,-12.19,51.2
2020-08-31,102.1,-8.1,-8.84,-6.62,16.7
2020-09-30,108.4,6.17,1.03,-1.77,14.54
2020-10-31,108.1,-0.28,-3.57,-3.79,-6.06
2020-11-30,106.9,-1.11,-1.75,-1.43,7.09
2020-12-31,110.7,3.55,1.93,-1.13,0.9
2021-01-31,108.3,-2.17,0.19,0.12,3.76
2021-02-28,99.2,-8.4,-4.52,-0.8,-2.77
2021-03-31,119.6,20.56,42.72,12.8,40.79
2021-04-30,93.9,-21.49,88.93,42.38,88.74
2021-05-31,93.2,-0.75,17.97,49.87,22.49
2021-06-30,97.2,4.29,4.74,37.21,-37.98
2021-07-31,109.7,12.86,-1.26,7.15,-90.19
2021-08-31,105.2,-4.1,3.04,2.17,-14.93
2021-09-30,100.3,-4.66,-7.47,-1.9,-12.21
2021-10-31,109.5,9.17,1.3,-1.04,2.56
2021-11-30,106.2,-3.01,-0.65,-2.27,-3.69
2021-12-31,107.4,1.13,-2.98,-0.78,4.49
2022-01-31,100.9,-6.05,-6.83,-3.49,-8.13
2022-02-28,101.2,0.3,2.02,-2.6,2.67
2022-03-31,107.9,6.62,-9.78,-4.86,-6.8
2022-04-30,87.3,-19.09,-7.03,-4.93,-0.2
2022-05-31,90.8,4.01,-2.58,-6.46,-4.6
2022-06-30,96.5,6.28,-0.72,-3.44,9.06
2022-07-31,85.6,-11.3,-21.97,-8.42,-14.94
2022-08-31,90.7,5.96,-13.78,-12.16,-11.2
2022-09-30,90.9,0.22,-9.37,-15.04,-8.65
2022-10-31,86.6,-4.73,-20.91,-14.69,1.06
2022-11-30,81.0,-6.47,-23.73,-18.0,-9.95
2022-12-31,80.2,-0.99,-25.33,-23.32,-15.96
2023-01-31,87.4,8.98,-13.38,-20.81,7.53
2023-02-28,84.1,-3.78,-16.9,-18.54,6.83
2023-03-31,90.9,8.09,-15.76,-15.35,9.57
2023-04-30,80.0,-11.99,-8.36,-13.67,5.02
2023-05-31,88.0,10.0,-3.08,-9.07,13.82
2023-06-30,90.1,2.39,-6.63,-6.02,9.13
2023-07-31,91.5,1.55,6.89,-0.94,15.25
2023-08-31,90.2,-1.42,-0.55,-0.1,2.53
2023-09-30,90.3,0.11,-0.66,1.89,5.97
2023-10-31,89.3,-1.11,3.12,0.64,-3.77
2023-11-30,89.6,0.34,10.62,4.36,11.17
2023-12-31,87.2,-2.68,8.73,7.49,9.39
2024-01-31,89.7,2.87,2.63,7.33,-0.49
2024-02-29,88.0,-1.9,4.64,5.33,-5.98
2024-03-31,98.4,11.82,8.25,5.17,-0.48
2024-04-30,88.1,-10.47,10.12,7.67,7.49
2024-05-31,93.8,6.47,6.59,8.32,1.95
2024-06-30,92.7,-1.17,2.89,6.53,-5.36
2024-07-31,95.3,2.8,4.15,4.54,-5.97
2024-08-31,91.2,-4.3,1.11,2.72,-5.48
2024-09-30,92.2,1.1,2.1,2.45,-0.79
2024-10-31,95.6,3.69,7.05,3.42,2.9
2024-11-30,93.7,-1.99,4.58,4.58,3.47
2024-12-31,94.8,1.17,8.72,6.78,6.62
2025-01-31,95.2,0.42,6.13,6.48,-0.92
2025-02-28,93.5,-1.79,6.25,7.03,1.67
2025-03-31,103.9,11.12,5.59,5.99,-3.13
2025-04-30,89.6,-13.76,1.7,4.51,-4.43
2025-05-31,98.2,9.6,4.69,3.99,-1.56
2025-06-30,98.5,0.31,6.26,4.22,0.67
2025-07-31,101.4,2.94,6.4,5.78,4.7
2025-08-31,98.2,-3.16,7.68,6.78,2.99
2025-09-30,96.5,-1.73,4.66,6.25,-1.6
2025-10-31,100.2,3.83,4.81,5.72,-1.59
2025-11-30,99.0,-1.2,5.66,5.04,-2.02
2025-12-31,99.1,0.1,4.54,5.0,-0.12
2026-01-31,99.3,0.2,4.31,4.84,-0.5
2026-02-28,97.3,-2.01,4.06,4.3,-1.6
2026-03-31,106.9,9.87,2.89,3.75,-1.65
2026-04-30,90.9,-14.97,1.45,2.8,-2.86
2026-05-31,99.9,9.9,1.73,2.02,-2.33
