date,series,base,index,mom_pct_reported,yoy_pct_reported,ma12_pct_reported
2003-01-31,CCPI,2002=100,105.8,,,
2003-02-28,CCPI,2002=100,105.2,-0.5,,
2003-03-31,CCPI,2002=100,104.2,-1.0,,
2003-04-30,CCPI,2002=100,104.4,0.2,,
2003-05-31,CCPI,2002=100,105.4,1.0,,
2003-06-30,CCPI,2002=100,105.7,0.3,,
2003-07-31,CCPI,2002=100,105.1,-0.6,,
2003-08-31,CCPI,2002=100,104.9,-0.1,,
2003-09-30,CCPI,2002=100,106.1,1.1,,
2003-10-31,CCPI,2002=100,106.2,0.1,,
2003-11-30,CCPI,2002=100,107.6,1.4,,
2003-12-31,CCPI,2002=100,108.9,1.2,,
2004-01-31,CCPI,2002=100,110.9,1.8,4.8,
2004-02-29,CCPI,2002=100,111.0,0.1,5.5,
2004-03-31,CCPI,2002=100,110.2,-0.7,5.7,
2004-04-30,CCPI,2002=100,111.6,1.3,6.9,
2004-05-31,CCPI,2002=100,112.8,1.0,7.0,
2004-06-30,CCPI,2002=100,113.8,0.9,7.7,
2004-07-31,CCPI,2002=100,115.4,1.5,9.9,
2004-08-31,CCPI,2002=100,116.4,0.8,10.9,
2004-09-30,CCPI,2002=100,118.3,1.6,11.4,
2004-10-31,CCPI,2002=100,119.0,0.6,12.1,
2004-11-30,CCPI,2002=100,121.5,2.1,12.9,
2004-12-31,CCPI,2002=100,123.0,1.3,13.0,9.0
2005-01-31,CCPI,2002=100,124.4,1.1,12.2,9.6
2005-02-28,CCPI,2002=100,124.4,0.0,12.1,10.2
2005-03-31,CCPI,2002=100,124.9,0.4,13.3,10.8
2005-04-30,CCPI,2002=100,126.5,1.3,13.3,11.3
2005-05-31,CCPI,2002=100,127.2,0.6,12.8,11.8
2005-06-30,CCPI,2002=100,127.9,0.5,12.4,12.2
2005-07-31,CCPI,2002=100,128.5,0.5,11.3,12.3
2005-08-31,CCPI,2002=100,128.9,0.3,10.7,12.3
2005-09-30,CCPI,2002=100,129.2,0.2,9.2,12.1
2005-10-31,CCPI,2002=100,130.3,0.9,9.5,11.9
2005-11-30,CCPI,2002=100,131.5,0.9,8.2,11.5
2005-12-31,CCPI,2002=100,132.2,0.5,7.4,11.0
2006-01-31,CCPI,2002=100,133.5,1.0,7.3,10.6
2006-02-28,CCPI,2002=100,134.7,0.9,8.3,10.3
2006-03-31,CCPI,2002=100,134.7,0.0,7.9,9.8
2006-04-30,CCPI,2002=100,136.7,1.5,8.1,9.4
2006-05-31,CCPI,2002=100,139.0,1.6,9.2,9.1
2006-06-30,CCPI,2002=100,141.4,1.8,10.6,9.0
2006-07-31,CCPI,2002=100,141.3,-0.1,9.9,8.9
2006-08-31,CCPI,2002=100,141.8,0.4,10.0,8.8
2006-09-30,CCPI,2002=100,143.5,1.2,11.1,9.0
2006-10-31,CCPI,2002=100,145.4,1.3,11.5,9.2
2006-11-30,CCPI,2002=100,147.8,1.7,12.4,9.5
2006-12-31,CCPI,2002=100,150.0,1.4,13.5,10.0
2007-01-31,CCPI,2002=100,151.8,1.3,13.7,10.6
2007-02-28,CCPI,2002=100,155.2,2.2,15.2,11.1
2007-03-31,CCPI,2002=100,155.0,-0.1,15.1,11.7
2007-04-30,CCPI,2002=100,156.3,0.8,14.3,12.3
2007-05-31,CCPI,2002=100,157.3,0.6,13.2,12.6
2007-06-30,CCPI,2002=100,160.6,2.1,13.5,12.8
2007-07-31,CCPI,2002=100,163.1,1.6,15.4,13.3
2007-08-31,CCPI,2002=100,165.2,1.3,16.5,13.8
2007-09-30,CCPI,2002=100,166.7,0.9,16.1,14.2
2007-10-31,CCPI,2002=100,171.8,3.0,18.2,14.8
2007-11-30,CCPI,2002=100,176.4,2.7,19.3,15.4
2007-12-31,CCPI,2002=100,178.1,1.0,18.8,15.8
2008-01-31,CCPI,2002=100,183.5,3.0,20.8,16.4
2008-02-29,CCPI,2002=100,188.6,2.8,21.6,17.0
2008-03-31,CCPI,2002=100,191.9,1.7,23.8,17.7
2008-04-30,CCPI,2002=100,195.4,1.8,25.0,18.7
2008-05-31,CCPI,2002=100,198.5,1.6,26.2,19.8
2008-06-30,CCPI,2002=100,205.9,3.7,28.2,21.0
2008-07-31,CCPI,2002=100,206.4,0.2,26.6,21.9
2008-08-31,CCPI,2002=100,206.3,0.0,24.9,22.6
2008-09-30,CCPI,2002=100,207.2,0.4,24.3,23.2
2008-10-31,CCPI,2002=100,206.6,-0.3,20.2,23.4
2008-11-30,CCPI,2002=100,205.2,-0.7,16.3,23.0
2008-12-31,CCPI,2002=100,203.7,-0.7,14.4,22.6
2009-01-31,CCPI,2002=100,203.1,-0.3,10.7,21.6
2009-02-28,CCPI,2002=100,202.9,-0.1,7.6,20.3
2009-03-31,CCPI,2002=100,202.0,-0.4,5.3,18.6
2009-04-30,CCPI,2002=100,201.0,-0.5,2.9,16.7
2009-06-30,CCPI,2002=100,207.8,1.3,0.9,12.5
2009-08-31,CCPI,2002=100,208.1,-0.3,0.9,8.5
2009-09-30,CCPI,2002=100,208.6,0.2,0.7,6.6
2009-10-31,CCPI,2002=100,209.4,0.4,1.4,5.2
2009-11-30,CCPI,2002=100,211.0,0.8,2.8,4.1
2009-12-31,CCPI,2002=100,213.5,1.2,4.8,3.4
2010-01-31,CCPI,2002=100,216.4,1.4,6.5,3.1
2010-02-28,CCPI,2002=100,216.9,0.2,6.9,3.1
2010-03-31,CCPI,2002=100,214.8,-1.0,6.3,3.2
2010-04-30,CCPI,2002=100,212.6,-1.0,5.8,3.4
2010-06-30,CCPI,2002=100,217.7,0.8,4.8,3.9
2010-08-31,CCPI,2002=100,218.6,0.5,5.0,4.5
2010-09-30,CCPI,2002=100,220.7,1.0,5.8,5.0
2010-10-31,CCPI,2002=100,223.3,1.2,6.6,5.4
2010-11-30,CCPI,2002=100,225.8,1.1,7.0,5.8
2010-12-31,CCPI,2002=100,228.3,1.1,6.9,5.9
2011-01-31,CCPI,2002=100,231.2,1.3,6.8,6.0
2011-02-28,CCPI,2002=100,233.9,1.2,7.8,6.1
2011-03-31,CCPI,2002=100,233.2,-0.3,8.6,6.2
2011-04-30,CCPI,2002=100,233.4,0.1,9.8,6.6
2008-01-31,CCPI,2006/07=100,118.7,,,
2008-02-29,CCPI,2006/07=100,122.1,2.9,,
2008-03-31,CCPI,2006/07=100,124.0,1.5,,
2008-04-30,CCPI,2006/07=100,126.3,1.9,,
2008-05-31,CCPI,2006/07=100,128.0,1.4,,
2008-06-30,CCPI,2006/07=100,133.3,4.2,,
2008-07-31,CCPI,2006/07=100,133.6,0.2,,
2008-08-31,CCPI,2006/07=100,133.4,-0.2,,
2008-09-30,CCPI,2006/07=100,133.6,0.2,,
2008-10-31,CCPI,2006/07=100,133.2,-0.3,,
2008-11-30,CCPI,2006/07=100,132.4,-0.6,,
2008-12-31,CCPI,2006/07=100,131.2,-0.9,,
2009-01-31,CCPI,2006/07=100,131.1,-0.1,10.4,
2009-02-28,CCPI,2006/07=100,131.2,0.1,7.5,
2009-03-31,CCPI,2006/07=100,130.5,-0.6,5.3,
2009-04-30,CCPI,2006/07=100,129.6,-0.7,2.6,
2009-05-31,CCPI,2006/07=100,132.6,2.3,3.6,
2009-06-30,CCPI,2006/07=100,134.3,1.3,0.7,
2009-07-31,CCPI,2006/07=100,135.2,0.7,1.2,
2009-08-31,CCPI,2006/07=100,134.7,-0.3,1.0,
2009-09-30,CCPI,2006/07=100,134.9,0.1,1.0,
2009-10-31,CCPI,2006/07=100,135.3,0.3,1.5,
2009-11-30,CCPI,2006/07=100,136.3,0.7,2.9,
2009-12-31,CCPI,2006/07=100,137.8,1.1,5.0,
2010-01-31,CCPI,2006/07=100,140.4,1.9,7.1,3.2
2010-02-28,CCPI,2006/07=100,141.1,0.5,7.5,3.3
2010-03-31,CCPI,2006/07=100,139.8,-0.9,7.2,3.4
2010-04-30,CCPI,2006/07=100,138.4,-1.0,6.8,3.8
2010-05-31,CCPI,2006/07=100,140.1,1.2,5.6,3.9
2010-06-30,CCPI,2006/07=100,141.2,0.8,5.1,4.3
2010-07-31,CCPI,2006/07=100,141.2,0.0,4.4,4.6
2010-08-31,CCPI,2006/07=100,141.4,0.2,5.0,4.9
2010-09-30,CCPI,2006/07=100,142.6,0.8,5.7,5.3
2010-10-31,CCPI,2006/07=100,144.1,1.1,6.5,5.7
2010-11-30,CCPI,2006/07=100,145.7,1.1,6.9,6.1
2010-12-31,CCPI,2006/07=100,147.2,1.1,6.8,6.2
2011-01-31,CCPI,2006/07=100,149.2,1.4,6.2,6.1
2011-02-28,CCPI,2006/07=100,151.3,1.4,7.2,6.1
2011-03-31,CCPI,2006/07=100,150.6,-0.5,7.7,6.2
2011-04-30,CCPI,2006/07=100,150.6,0.1,8.9,6.4
2011-05-31,CCPI,2006/07=100,151.5,0.6,8.2,6.6
2011-06-30,CCPI,2006/07=100,151.2,-0.2,7.1,6.7
2011-07-31,CCPI,2006/07=100,151.7,0.4,7.5,7.0
2011-08-31,CCPI,2006/07=100,151.3,-0.3,7.0,7.1
2011-09-30,CCPI,2006/07=100,151.7,0.3,6.4,7.2
2011-10-31,CCPI,2006/07=100,151.5,-0.1,5.1,7.1
2011-11-30,CCPI,2006/07=100,152.6,0.7,4.7,6.9
2011-12-31,CCPI,2006/07=100,154.4,1.2,4.9,6.7
2012-01-31,CCPI,2006/07=100,154.8,0.3,3.8,6.5
2012-02-29,CCPI,2006/07=100,155.4,0.4,2.7,6.1
2012-03-31,CCPI,2006/07=100,158.8,2.2,5.5,5.9
2012-04-30,CCPI,2006/07=100,159.8,0.6,6.1,5.7
2012-05-31,CCPI,2006/07=100,162.1,1.4,7.0,5.6
2012-06-30,CCPI,2006/07=100,165.2,1.9,9.3,5.8
2012-07-31,CCPI,2006/07=100,166.7,0.9,9.8,6.0
2012-08-31,CCPI,2006/07=100,165.7,-0.6,9.5,6.3
2012-09-30,CCPI,2006/07=100,165.5,-0.1,9.1,6.5
2012-10-31,CCPI,2006/07=100,165.0,-0.3,8.9,6.8
2012-11-30,CCPI,2006/07=100,167.1,1.3,9.5,7.2
2012-12-31,CCPI,2006/07=100,168.6,0.9,9.2,7.6
2013-01-31,CCPI,2006/07=100,170.0,0.8,9.8,8.1
2013-02-28,CCPI,2006/07=100,170.7,0.4,9.8,8.6
2013-03-31,CCPI,2006/07=100,170.8,0.1,7.5,8.8
2013-04-30,CCPI,2006/07=100,170.0,-0.5,6.4,8.8
2013-05-31,CCPI,2006/07=100,173.9,2.3,7.3,8.8
2013-06-30,CCPI,2006/07=100,176.5,1.5,6.8,8.6
2013-07-31,CCPI,2006/07=100,176.8,0.2,6.1,8.3
2013-08-31,CCPI,2006/07=100,176.2,-0.3,6.3,8.0
2013-09-30,CCPI,2006/07=100,175.8,-0.2,6.2,7.8
2013-10-31,CCPI,2006/07=100,176.1,0.2,6.7,7.6
2013-11-30,CCPI,2006/07=100,176.5,0.2,5.6,7.3
2013-12-31,CCPI,2006/07=100,176.5,0.0,4.7,6.9
2014-01-31,CCPI,2006/07=100,177.5,0.6,4.4,6.5
2014-02-28,CCPI,2006/07=100,177.8,0.2,4.2,6.0
2014-03-31,CCPI,2006/07=100,177.9,0.1,4.2,5.7
2014-04-30,CCPI,2006/07=100,178.4,0.3,4.9,5.6
2014-05-31,CCPI,2006/07=100,179.5,0.6,3.2,5.3
2014-06-30,CCPI,2006/07=100,181.4,1.1,2.8,4.9
2014-07-31,CCPI,2006/07=100,183.2,1.0,3.6,4.7
2014-08-31,CCPI,2006/07=100,182.3,-0.5,3.5,4.5
2014-09-30,CCPI,2006/07=100,181.9,-0.2,3.5,4.2
2014-10-31,CCPI,2006/07=100,179.0,-1.6,1.6,3.8
2014-11-30,CCPI,2006/07=100,179.2,0.1,1.5,3.5
2014-12-31,CCPI,2006/07=100,180.2,0.6,2.1,3.3
2015-01-31,CCPI,2006/07=100,183.2,1.7,3.2,3.2
2015-02-28,CCPI,2006/07=100,178.9,-2.3,0.6,2.9
2015-03-31,CCPI,2006/07=100,178.1,-0.4,0.1,2.5
2015-04-30,CCPI,2006/07=100,178.5,0.2,0.1,2.1
2015-05-31,CCPI,2006/07=100,179.8,0.7,0.2,1.9
2015-06-30,CCPI,2006/07=100,181.6,1.0,0.1,1.7
2015-07-31,CCPI,2006/07=100,182.8,0.7,-0.2,1.3
2015-08-31,CCPI,2006/07=100,181.9,-0.5,-0.2,1.0
2015-09-30,CCPI,2006/07=100,181.4,-0.3,-0.3,0.7
2015-10-31,CCPI,2006/07=100,182.1,0.4,1.7,0.7
2015-11-30,CCPI,2006/07=100,184.7,1.4,3.1,0.9
2015-12-31,CCPI,2006/07=100,185.2,0.3,2.8,0.9
2016-01-31,CCPI,2006/07=100,184.9,-0.2,0.9,0.7
2016-02-29,CCPI,2006/07=100,183.8,-0.6,2.7,0.9
2016-03-31,CCPI,2006/07=100,181.7,-1.1,2.0,1.1
2016-04-30,CCPI,2006/07=100,184.1,1.3,3.1,1.3
2016-05-31,CCPI,2006/07=100,188.5,2.4,4.8,1.7
2016-06-30,CCPI,2006/07=100,192.5,2.1,6.0,2.2
2016-07-31,CCPI,2006/07=100,192.9,0.2,5.5,2.7
2016-08-31,CCPI,2006/07=100,189.1,-2.0,4.0,3.0
2016-09-30,CCPI,2006/07=100,188.5,-0.3,3.9,3.4
2016-10-31,CCPI,2006/07=100,189.7,0.6,4.2,3.6
2016-11-30,CCPI,2006/07=100,190.9,0.6,3.4,3.6
2016-12-31,CCPI,2006/07=100,192.8,1.0,4.1,3.7
2014-01-31,CCPI,2013=100,104.2,,,
2014-02-28,CCPI,2013=100,104.2,0.0,,
2014-03-31,CCPI,2013=100,104.2,0.0,,
2014-04-30,CCPI,2013=100,104.4,0.2,,
2014-05-31,CCPI,2013=100,104.8,0.4,,
2014-06-30,CCPI,2013=100,105.7,0.9,,
2014-07-31,CCPI,2013=100,106.5,0.8,,
2014-08-31,CCPI,2013=100,106.3,-0.2,,
2014-09-30,CCPI,2013=100,106.1,-0.2,,
2014-10-31,CCPI,2013=100,104.7,-1.3,,
2014-11-30,CCPI,2013=100,104.6,-0.1,,
2014-12-31,CCPI,2013=100,105.0,0.4,,
2015-01-31,CCPI,2013=100,108.2,3.0,3.8,
2015-02-28,CCPI,2013=100,106.2,-1.8,1.9,
2015-03-31,CCPI,2013=100,105.8,-0.4,1.5,
2015-04-30,CCPI,2013=100,105.9,0.1,1.4,
2015-05-31,CCPI,2013=100,106.4,0.5,1.5,
2015-06-30,CCPI,2013=100,107.3,0.8,1.5,
2015-07-31,CCPI,2013=100,107.7,0.4,1.1,
2015-08-31,CCPI,2013=100,107.4,-0.3,1.0,
2015-09-30,CCPI,2013=100,107.3,-0.1,1.1,
2015-10-31,CCPI,2013=100,107.7,0.4,2.9,
2015-11-30,CCPI,2013=100,109.2,1.4,4.4,
2015-12-31,CCPI,2013=100,109.8,0.5,4.6,2.2
2016-01-31,CCPI,2013=100,110.0,0.2,1.7,2.1
2016-02-29,CCPI,2013=100,109.3,-0.6,2.9,2.1
2016-03-31,CCPI,2013=100,108.6,-0.6,2.6,2.2
2016-04-30,CCPI,2013=100,109.5,0.8,3.4,2.4
2016-05-31,CCPI,2013=100,111.5,1.8,4.8,2.7
2016-06-30,CCPI,2013=100,113.2,1.5,5.5,3.0
2016-07-31,CCPI,2013=100,113.9,0.6,5.8,3.4
2016-08-31,CCPI,2013=100,112.1,-1.6,4.4,3.7
2016-09-30,CCPI,2013=100,111.8,-0.3,4.2,3.9
2016-10-31,CCPI,2013=100,112.1,0.3,4.1,4.0
2016-11-30,CCPI,2013=100,113.6,1.3,4.0,4.0
2016-12-31,CCPI,2013=100,114.7,1.0,4.5,4.0
2017-01-31,CCPI,2013=100,116.1,1.2,5.5,4.3
2017-02-28,CCPI,2013=100,116.7,0.5,6.8,4.6
2017-03-31,CCPI,2013=100,116.5,-0.2,7.3,5.0
2017-04-30,CCPI,2013=100,117.1,0.5,6.9,5.3
2017-05-31,CCPI,2013=100,118.2,0.9,6.0,5.4
2017-06-30,CCPI,2013=100,120.1,1.6,6.1,5.5
2017-07-31,CCPI,2013=100,119.4,-0.6,4.8,5.4
2017-08-31,CCPI,2013=100,118.8,-0.5,6.0,5.5
2017-09-30,CCPI,2013=100,119.7,0.8,7.1,5.8
2017-10-31,CCPI,2013=100,120.8,0.9,7.8,6.1
2017-11-30,CCPI,2013=100,122.2,1.2,7.6,6.4
2017-12-31,CCPI,2013=100,122.9,0.6,7.1,6.6
2018-01-31,CCPI,2013=100,122.8,-0.1,5.8,6.6
2018-02-28,CCPI,2013=100,121.9,-0.7,4.5,6.4
2018-03-31,CCPI,2013=100,121.4,-0.4,4.2,6.1
2018-04-30,CCPI,2013=100,121.5,0.1,3.8,5.9
2018-05-31,CCPI,2013=100,122.9,1.2,4.0,5.7
2018-06-30,CCPI,2013=100,125.4,2.0,4.4,5.6
2018-07-31,CCPI,2013=100,125.8,0.3,5.4,5.6
2018-08-31,CCPI,2013=100,125.8,0.0,5.9,5.6
2018-09-30,CCPI,2013=100,124.9,-0.7,4.3,5.4
2018-10-31,CCPI,2013=100,124.6,-0.2,3.1,5.0
2018-11-30,CCPI,2013=100,126.2,1.3,3.3,4.6
2018-12-31,CCPI,2013=100,126.3,0.1,2.8,4.3
2019-01-31,CCPI,2013=100,127.4,0.9,3.7,4.1
2019-02-28,CCPI,2013=100,126.8,-0.5,4.0,4.1
2019-03-31,CCPI,2013=100,126.6,-0.2,4.3,4.1
2019-04-30,CCPI,2013=100,127.0,0.3,4.5,4.1
2019-05-31,CCPI,2013=100,129.0,1.6,5.0,4.2
2019-06-30,CCPI,2013=100,130.2,0.9,3.8,4.2
2019-07-31,CCPI,2013=100,130.0,-0.2,3.3,4.0
2019-08-31,CCPI,2013=100,130.1,0.1,3.4,3.8
2019-09-30,CCPI,2013=100,131.1,0.8,5.0,3.9
2019-10-31,CCPI,2013=100,131.3,0.2,5.4,4.0
2019-11-30,CCPI,2013=100,131.7,0.3,4.4,4.1
2019-12-31,CCPI,2013=100,132.4,0.5,4.8,4.3
2020-01-31,CCPI,2013=100,134.6,1.7,5.7,4.5
2020-02-29,CCPI,2013=100,134.6,0.0,6.2,4.6
2020-03-31,CCPI,2013=100,133.4,-0.9,5.4,4.7
2020-04-30,CCPI,2013=100,133.6,0.1,5.2,4.8
2020-05-31,CCPI,2013=100,134.2,0.4,4.0,4.7
2020-06-30,CCPI,2013=100,135.3,0.8,3.9,4.7
2020-07-31,CCPI,2013=100,135.4,0.1,4.2,4.8
2020-08-31,CCPI,2013=100,135.4,0.0,4.1,4.8
2020-09-30,CCPI,2013=100,136.3,0.7,4.0,4.7
2020-10-31,CCPI,2013=100,136.5,0.1,4.0,4.6
2020-11-30,CCPI,2013=100,137.1,0.4,4.1,4.6
2020-12-31,CCPI,2013=100,138.0,0.7,4.2,4.6
2021-01-31,CCPI,2013=100,138.7,0.5,3.0,4.3
2021-02-28,CCPI,2013=100,139.1,0.3,3.3,4.1
2021-03-31,CCPI,2013=100,138.9,-0.1,4.1,4.0
2021-04-30,CCPI,2013=100,138.8,-0.1,3.9,3.9
2021-05-31,CCPI,2013=100,140.3,1.1,4.5,3.9
2021-06-30,CCPI,2013=100,142.4,1.5,5.2,4.1
2021-07-31,CCPI,2013=100,143.1,0.5,5.7,4.2
2021-08-31,CCPI,2013=100,143.5,0.3,6.0,4.3
2021-09-30,CCPI,2013=100,144.1,0.4,5.7,4.5
2021-10-31,CCPI,2013=100,146.9,1.9,7.6,4.8
2021-11-30,CCPI,2013=100,150.7,2.6,9.9,5.3
2021-12-31,CCPI,2013=100,154.7,2.7,12.1,6.0
2022-01-31,CCPI,2013=100,158.4,2.4,14.2,6.9
2022-02-28,CCPI,2013=100,160.1,1.1,15.1,7.9
2022-03-31,CCPI,2013=100,164.9,3.0,18.7,9.1
2022-04-30,CCPI,2013=100,180.2,9.3,29.8,11.3
2022-05-31,CCPI,2013=100,195.2,8.3,39.1,14.2
2022-06-30,CCPI,2013=100,220.2,12.8,54.6,18.4
2022-07-31,CCPI,2013=100,230.1,4.5,60.8,23.1
2022-08-31,CCPI,2013=100,235.8,2.5,64.3,28.0
2022-09-30,CCPI,2013=100,244.7,3.8,69.8,33.4
2022-10-31,CCPI,2013=100,243.8,-0.4,66.0,38.3
2022-11-30,CCPI,2013=100,242.6,-0.5,61.0,42.6
2022-12-31,CCPI,2013=100,243.2,0.2,57.2,46.4
2023-01-31,CCPI,2013=100,244.3,0.5,54.2,49.6
2022-01-31,CCPI,2021=100,124.3,,,
2022-02-28,CCPI,2021=100,125.8,1.2,,
2022-03-31,CCPI,2021=100,129.7,3.1,,
2022-04-30,CCPI,2021=100,142.1,9.6,,
2022-05-31,CCPI,2021=100,153.6,8.1,,
2022-06-30,CCPI,2021=100,171.7,11.8,,
2022-07-31,CCPI,2021=100,178.9,4.2,,
2022-08-31,CCPI,2021=100,182.8,2.2,,
2022-09-30,CCPI,2021=100,189.3,3.6,,
2022-10-31,CCPI,2021=100,188.5,-0.4,,
2022-11-30,CCPI,2021=100,187.1,-0.7,,
2022-12-31,CCPI,2021=100,187.6,0.3,,
2023-01-31,CCPI,2021=100,188.6,0.5,,
2023-02-28,CCPI,2021=100,189.5,0.5,50.6,
2023-03-31,CCPI,2021=100,195.0,2.9,50.3,
2023-04-30,CCPI,2021=100,192.3,-1.4,35.3,
2023-05-31,CCPI,2021=100,192.3,0.0,25.2,
2023-06-30,CCPI,2021=100,192.3,0.0,12.0,
2023-07-31,CCPI,2021=100,190.2,-1.1,6.3,
2023-08-31,CCPI,2021=100,190.1,-0.1,4.0,
2023-09-30,CCPI,2021=100,191.8,0.9,1.3,
2023-10-31,CCPI,2021=100,191.4,-0.2,1.5,
2023-11-30,CCPI,2021=100,193.4,1.0,3.4,
2023-12-31,CCPI,2021=100,195.1,0.9,4.0,17.4
2024-01-31,CCPI,2021=100,200.7,2.9,6.4,14.2
2024-02-29,CCPI,2021=100,200.6,0.0,5.9,11.3
2024-03-31,CCPI,2021=100,196.7,-1.9,0.9,8.0
2024-04-30,CCPI,2021=100,195.2,-0.8,1.5,5.7
2024-05-31,CCPI,2021=100,194.1,-0.6,0.9,3.9
2024-06-30,CCPI,2021=100,195.6,0.8,1.7,3.1
2024-07-31,CCPI,2021=100,194.7,-0.5,2.4,2.8
2024-08-31,CCPI,2021=100,191.1,-1.8,0.5,2.5
2024-09-30,CCPI,2021=100,190.9,-0.1,-0.5,2.4
2024-10-31,CCPI,2021=100,189.9,-0.5,-0.8,2.2
2024-11-30,CCPI,2021=100,189.4,-0.3,-2.1,1.7
2024-12-31,CCPI,2021=100,191.7,1.2,-1.7,1.2
2025-01-31,CCPI,2021=100,192.6,0.5,-4.0,0.4
2025-02-28,CCPI,2021=100,192.2,-0.2,-4.2,-0.5
2025-03-31,CCPI,2021=100,191.6,-0.3,-2.6,-0.8
2025-04-30,CCPI,2021=100,191.2,-0.2,-2.0,-1.1
2025-05-31,CCPI,2021=100,192.8,0.8,-0.7,-1.2
2025-06-30,CCPI,2021=100,194.5,0.9,-0.6,-1.4
2025-07-31,CCPI,2021=100,194.1,-0.2,-0.3,-1.6
2025-08-31,CCPI,2021=100,193.3,-0.4,1.2,-1.5
2025-09-30,CCPI,2021=100,193.7,0.2,1.5,-1.4
2025-10-31,CCPI,2021=100,193.8,0.1,2.1,-1.2
2025-11-30,CCPI,2021=100,193.4,-0.2,2.1,-0.8
2025-12-31,CCPI,2021=100,195.8,1.2,2.1,-0.5
2026-01-31,CCPI,2021=100,197.0,0.6,2.3,0.0
2026-02-28,CCPI,2021=100,195.3,-0.9,1.6,0.5
2026-03-31,CCPI,2021=100,195.8,0.3,2.2,0.9
2026-04-30,CCPI,2021=100,201.6,3.0,5.4,1.6
2026-05-31,CCPI,2021=100,203.4,0.9,5.5,2.1
2026-06-30,CCPI,2021=100,207.7,2.1,6.8,2.7
2026-07-31,CCPI,2021=100,208.2,0.2,7.3,3.3
2014-01-31,NCPI,2013=100,103.1,,,
2014-02-28,NCPI,2013=100,103.0,-0.1,,
2014-03-31,NCPI,2013=100,103.2,0.2,,
2014-04-30,NCPI,2013=100,104.1,0.9,,
2014-05-31,NCPI,2013=100,104.9,0.8,,
2014-06-30,NCPI,2013=100,106.2,1.2,,
2014-07-31,NCPI,2013=100,107.0,0.8,,
2014-08-31,NCPI,2013=100,106.4,-0.6,,
2014-09-30,NCPI,2013=100,106.4,0.0,,
2014-10-31,NCPI,2013=100,106.0,-0.4,,
2014-11-30,NCPI,2013=100,106.9,0.8,,
2014-12-31,NCPI,2013=100,108.6,1.6,,
2015-01-31,NCPI,2013=100,112.8,3.9,9.4,
2015-02-28,NCPI,2013=100,108.9,-3.5,5.7,
2015-03-31,NCPI,2013=100,107.6,-1.2,4.3,
2015-04-30,NCPI,2013=100,107.0,-0.6,2.8,
2015-05-31,NCPI,2013=100,108.0,0.9,3.0,
2015-06-30,NCPI,2013=100,109.1,1.0,2.7,
2015-07-31,NCPI,2013=100,108.9,-0.2,1.8,
2015-08-31,NCPI,2013=100,108.4,-0.5,1.9,
2015-09-30,NCPI,2013=100,108.4,0.0,1.9,
2015-10-31,NCPI,2013=100,109.2,0.7,3.0,
2015-11-30,NCPI,2013=100,112.0,2.6,4.8,
2015-12-31,NCPI,2013=100,113.2,1.1,4.2,3.8
2016-01-31,NCPI,2013=100,112.0,-1.1,-0.7,2.9
2016-02-29,NCPI,2013=100,110.8,-1.1,1.7,2.6
2016-03-31,NCPI,2013=100,110.0,-0.7,2.2,2.4
2016-04-30,NCPI,2013=100,111.6,1.5,4.3,2.6
2016-05-31,NCPI,2013=100,113.7,1.9,5.3,2.7
2016-06-30,NCPI,2013=100,116.1,2.1,6.4,3.1
2016-07-31,NCPI,2013=100,115.2,-0.8,5.8,3.4
2016-08-31,NCPI,2013=100,113.3,-1.6,4.5,3.6
2016-09-30,NCPI,2013=100,113.5,0.2,4.7,3.8
2016-10-31,NCPI,2013=100,114.7,1.1,5.0,4.0
2016-11-30,NCPI,2013=100,116.6,1.7,4.1,4.0
2016-12-31,NCPI,2013=100,118.0,1.2,4.2,4.0
2017-01-31,NCPI,2013=100,119.3,1.1,6.5,4.6
2017-02-28,NCPI,2013=100,119.9,0.5,8.2,5.1
2017-03-31,NCPI,2013=100,119.5,-0.3,8.6,5.6
2017-04-30,NCPI,2013=100,121.0,1.3,8.4,6.0
2017-05-31,NCPI,2013=100,121.8,0.7,7.1,6.1
2017-06-30,NCPI,2013=100,123.4,1.3,6.3,6.1
2017-07-31,NCPI,2013=100,122.4,-0.8,6.3,6.2
2017-08-31,NCPI,2013=100,122.3,-0.1,7.9,6.5
2017-09-30,NCPI,2013=100,123.3,0.8,8.6,6.8
2017-10-31,NCPI,2013=100,124.8,1.2,8.8,7.1
2017-11-30,NCPI,2013=100,126.4,1.3,8.4,7.5
2017-12-31,NCPI,2013=100,126.6,0.2,7.3,7.7
2018-01-31,NCPI,2013=100,125.8,-0.6,5.4,7.6
2018-02-28,NCPI,2013=100,123.7,-1.7,3.2,7.2
2018-03-31,NCPI,2013=100,122.8,-0.7,2.8,6.7
2018-04-30,NCPI,2013=100,122.9,0.1,1.6,6.1
2018-05-31,NCPI,2013=100,124.3,1.1,2.1,5.7
2018-06-30,NCPI,2013=100,126.5,1.8,2.5,5.3
2018-07-31,NCPI,2013=100,126.6,0.1,3.4,5.1
2018-08-31,NCPI,2013=100,125.4,-0.9,2.5,4.7
2018-09-30,NCPI,2013=100,124.4,-0.8,0.9,4.0
2018-10-31,NCPI,2013=100,124.9,0.4,0.1,3.3
2018-11-30,NCPI,2013=100,127.7,2.2,1.0,2.7
2018-12-31,NCPI,2013=100,127.1,-0.5,0.4,2.1
2019-01-31,NCPI,2013=100,127.3,0.2,1.2,1.8
2019-02-28,NCPI,2013=100,126.7,-0.5,2.4,1.7
2019-03-31,NCPI,2013=100,126.4,-0.2,2.9,1.7
2019-04-30,NCPI,2013=100,127.3,0.7,3.6,1.9
2019-05-31,NCPI,2013=100,128.7,1.1,3.5,2.0
2019-06-30,NCPI,2013=100,129.2,0.4,2.1,2.0
2019-07-31,NCPI,2013=100,129.4,0.2,2.2,1.9
2019-08-31,NCPI,2013=100,129.7,0.2,3.4,2.0
2019-09-30,NCPI,2013=100,130.6,0.7,5.0,2.3
2019-10-31,NCPI,2013=100,131.9,1.0,5.6,2.8
2019-11-30,NCPI,2013=100,132.9,0.8,4.1,3.0
2019-12-31,NCPI,2013=100,135.0,1.6,6.2,3.5
2020-01-31,NCPI,2013=100,137.0,1.5,7.6,4.1
2020-02-29,NCPI,2013=100,137.0,0.0,8.1,4.5
2020-03-31,NCPI,2013=100,135.2,-1.3,7.0,4.9
2020-04-30,NCPI,2013=100,134.8,-0.3,5.9,5.1
2020-05-31,NCPI,2013=100,135.4,0.4,5.2,5.2
2020-06-30,NCPI,2013=100,137.3,1.4,6.3,5.6
2020-07-31,NCPI,2013=100,137.3,0.0,6.1,5.9
2020-08-31,NCPI,2013=100,137.8,0.4,6.2,6.1
2020-09-30,NCPI,2013=100,138.9,0.8,6.4,6.2
2020-10-31,NCPI,2013=100,139.1,0.1,5.5,6.2
2020-11-30,NCPI,2013=100,139.8,0.5,5.2,6.3
2020-12-31,NCPI,2013=100,141.2,1.0,4.6,6.2
2021-01-31,NCPI,2013=100,142.1,0.6,3.7,5.8
2021-02-28,NCPI,2013=100,142.8,0.5,4.2,5.5
2021-03-31,NCPI,2013=100,142.1,-0.5,5.1,5.3
2021-04-30,NCPI,2013=100,142.2,0.1,5.5,5.3
2021-05-31,NCPI,2013=100,143.6,1.0,6.1,5.4
2021-06-30,NCPI,2013=100,145.7,1.5,6.1,5.4
2021-07-31,NCPI,2013=100,146.6,0.6,6.8,5.4
2021-08-31,NCPI,2013=100,147.1,0.3,6.7,5.5
2021-09-30,NCPI,2013=100,147.5,0.3,6.2,5.5
2021-10-31,NCPI,2013=100,150.6,2.1,8.3,5.7
2021-11-30,NCPI,2013=100,155.3,3.1,11.1,6.2
2021-12-31,NCPI,2013=100,161.0,3.7,14.0,7.0
2022-01-31,NCPI,2013=100,166.0,3.1,16.8,8.1
2022-02-28,NCPI,2013=100,167.8,1.1,17.5,9.3
2022-03-31,NCPI,2013=100,172.7,2.9,21.5,10.6
2022-04-30,NCPI,2013=100,190.3,10.2,33.8,13.0
2022-05-31,NCPI,2013=100,208.7,9.7,45.3,16.3
2022-06-30,NCPI,2013=100,231.5,10.9,58.9,20.8
2022-07-31,NCPI,2013=100,244.4,5.6,66.7,25.9
2022-08-31,NCPI,2013=100,250.4,2.5,70.2,31.3
2022-09-30,NCPI,2013=100,256.2,2.3,73.7,36.9
2022-10-31,NCPI,2013=100,256.9,0.3,70.6,42.2
2022-11-30,NCPI,2013=100,256.3,-0.2,65.0,46.7
2022-12-31,NCPI,2013=100,256.3,0.0,59.2,50.4
