date,ccpi_index_2021base,ccpi_mom_pct,ccpi_yoy_pct,ccpi_ma12_yoy_pct,ncpi_index_2013base,ncpi_mom_pct,ncpi_yoy_pct
2003-01-31,31.419,,,,,,
2003-02-28,31.241,-0.57,,,,,
2003-03-31,30.944,-0.95,,,,,
2003-04-30,31.003,0.19,,,,,
2003-05-31,31.3,0.96,,,,,
2003-06-30,31.389,0.28,,,,,
2003-07-31,31.211,-0.57,,,,,
2003-08-31,31.152,-0.19,,,,,
2003-09-30,31.508,1.14,,,,,
2003-10-31,31.538,0.09,,,,,
2003-11-30,31.954,1.32,,,,,
2003-12-31,32.34,1.21,,,,,
2004-01-31,32.934,1.84,4.82,,,,
2004-02-29,32.963,0.09,5.51,,,,
2004-03-31,32.726,-0.72,5.76,,,,
2004-04-30,33.141,1.27,6.9,,,,
2004-05-31,33.498,1.08,7.02,,,,
2004-06-30,33.795,0.89,7.66,,,,
2004-07-31,34.27,1.41,9.8,,,,
2004-08-31,34.567,0.87,10.96,,,,
2004-09-30,35.131,1.63,11.5,,,,
2004-10-31,35.339,0.59,12.05,,,,
2004-11-30,36.081,2.1,12.92,,,,
2004-12-31,36.527,1.23,12.95,8.99,,,
2005-01-31,36.943,1.14,12.17,9.6,,,
2005-02-28,36.943,0.0,12.07,10.15,,,
2005-03-31,37.091,0.4,13.34,10.78,,,
2005-04-30,37.566,1.28,13.35,11.32,,,
2005-05-31,37.774,0.55,12.77,11.8,,,
2005-06-30,37.982,0.55,12.39,12.19,,,
2005-07-31,38.16,0.47,11.35,12.32,,,
2005-08-31,38.279,0.31,10.74,12.3,,,
2005-09-30,38.368,0.23,9.21,12.11,,,
2005-10-31,38.695,0.85,9.5,11.9,,,
2005-11-30,39.051,0.92,8.23,11.51,,,
2005-12-31,39.259,0.53,7.48,11.05,,,
2006-01-31,39.645,0.98,7.32,10.65,,,
2006-02-28,40.001,0.9,8.28,10.33,,,
2006-03-31,40.001,0.0,7.85,9.87,,,
2006-04-30,40.595,1.48,8.06,9.43,,,
2006-05-31,41.278,1.68,9.28,9.14,,,
2006-06-30,41.991,1.73,10.56,8.99,,,
2006-07-31,41.961,-0.07,9.96,8.87,,,
2006-08-31,42.11,0.35,10.01,8.81,,,
2006-09-30,42.615,1.2,11.07,8.97,,,
2006-10-31,43.179,1.32,11.59,9.14,,,
2006-11-30,43.892,1.65,12.4,9.49,,,
2006-12-31,44.545,1.49,13.46,9.99,,,
2007-01-31,45.08,1.2,13.71,10.52,,,
2007-02-28,46.089,2.24,15.22,11.1,,,
2007-03-31,46.03,-0.13,15.07,11.7,,,
2007-04-30,46.416,0.84,14.34,12.22,,,
2007-05-31,46.713,0.64,13.17,12.55,,,
2007-06-30,47.693,2.1,13.58,12.8,,,
2007-07-31,48.435,1.56,15.43,13.25,,,
2007-08-31,49.059,1.29,16.5,13.8,,,
2007-09-30,49.504,0.91,16.17,14.22,,,
2007-10-31,51.019,3.06,18.16,14.77,,,
2007-11-30,52.385,2.68,19.35,15.35,,,
2007-12-31,52.89,0.96,18.73,15.79,,,
2008-01-31,54.525,3.09,20.95,16.39,,,
2008-02-29,56.086,2.86,21.69,16.93,,,
2008-03-31,56.959,1.56,23.74,17.65,,,
2008-04-30,58.016,1.85,24.99,18.54,,,
2008-05-31,58.797,1.35,25.87,19.6,,,
2008-06-30,61.231,4.14,28.39,20.83,,,
2008-07-31,61.369,0.23,26.7,21.77,,,
2008-08-31,61.277,-0.15,24.91,22.47,,,
2008-09-30,61.369,0.15,23.97,23.12,,,
2008-10-31,61.185,-0.3,19.93,23.27,,,
2008-11-30,60.818,-0.6,16.1,23.0,,,
2008-12-31,60.267,-0.91,13.95,22.6,,,
2009-01-31,60.221,-0.08,10.45,21.72,,,
2009-02-28,60.267,0.08,7.45,20.54,,,
2009-03-31,59.945,-0.53,5.24,19.0,,,
2009-04-30,59.532,-0.69,2.61,17.13,,,
2009-05-31,60.91,2.31,3.59,15.27,,,
2009-06-30,61.691,1.28,0.75,12.97,,,
2009-07-31,62.104,0.67,1.2,10.85,,,
2009-08-31,61.874,-0.37,0.97,8.85,,,
2009-09-30,61.966,0.15,0.97,6.93,,,
2009-10-31,62.15,0.3,1.58,5.4,,,
2009-11-30,62.609,0.74,2.95,4.31,,,
2009-12-31,63.298,1.1,5.03,3.57,,,
2010-01-31,64.493,1.89,7.09,3.29,,,
2010-02-28,64.814,0.5,7.55,3.29,,,
2010-03-31,64.217,-0.92,7.13,3.45,,,
2010-04-30,63.574,-1.0,6.79,3.8,,,
2010-05-31,64.355,1.23,5.66,3.97,,,
2010-06-30,64.86,0.79,5.14,4.34,,,
2010-07-31,64.86,0.0,4.44,4.61,,,
2010-08-31,64.952,0.14,4.97,4.94,,,
2010-09-30,65.503,0.85,5.71,5.34,,,
2010-10-31,66.192,1.05,6.5,5.75,,,
2010-11-30,66.927,1.11,6.9,6.08,,,
2010-12-31,67.616,1.03,6.82,6.22,,,
2011-01-31,68.535,1.36,6.27,6.16,,,
2011-02-28,69.499,1.41,7.23,6.13,,,
2011-03-31,69.178,-0.46,7.73,6.18,,,
2011-04-30,69.178,0.0,8.82,6.35,,,
2011-05-31,69.591,0.6,8.14,6.56,,,
2011-06-30,69.454,-0.2,7.08,6.72,,,
2011-07-31,69.683,0.33,7.44,6.97,,,
2011-08-31,69.499,-0.26,7.0,7.14,,,
2011-09-30,69.683,0.26,6.38,7.19,,,
2011-10-31,69.591,-0.13,5.14,7.08,,,
2011-11-30,70.097,0.73,4.74,6.9,,,
2011-12-31,70.923,1.18,4.89,6.74,,,
2012-01-31,71.107,0.26,3.75,6.53,,,
2012-02-29,71.383,0.39,2.71,6.15,,,
2012-03-31,72.945,2.19,5.44,5.96,,,
2012-04-30,73.404,0.63,6.11,5.74,,,
2012-05-31,74.46,1.44,7.0,5.64,,,
2012-06-30,75.884,1.91,9.26,5.82,,,
2012-07-31,76.573,0.91,9.89,6.03,,,
2012-08-31,76.114,-0.6,9.52,6.24,,,
2012-09-30,76.022,-0.12,9.1,6.46,,,
2012-10-31,75.793,-0.3,8.91,6.78,,,
2012-11-30,76.757,1.27,9.5,7.17,,,
2012-12-31,77.446,0.9,9.2,7.53,,,
2013-01-31,78.089,0.83,9.82,8.04,,,
2013-02-28,78.411,0.41,9.85,8.63,,,
2013-03-31,78.457,0.06,7.56,8.81,,,
2013-04-30,78.089,-0.47,6.38,8.83,,,
2013-05-31,79.881,2.29,7.28,8.86,,,
2013-06-30,81.075,1.5,6.84,8.65,,,
2013-07-31,81.213,0.17,6.06,8.33,,,
2013-08-31,80.937,-0.34,6.34,8.07,,,
2013-09-30,80.754,-0.23,6.22,7.83,,,
2013-10-31,80.891,0.17,6.73,7.65,,,
2013-11-30,81.075,0.23,5.63,7.33,,,
2013-12-31,81.075,0.0,4.69,6.95,,,
2014-01-31,81.166,0.11,3.94,6.46,103.1,,
2014-02-28,81.166,0.0,3.51,5.93,103.0,-0.1,
2014-03-31,81.166,0.0,3.45,5.59,103.2,0.19,
2014-04-30,81.322,0.19,4.14,5.4,104.1,0.87,
2014-05-31,81.634,0.38,2.19,4.98,104.9,0.77,
2014-06-30,82.335,0.86,1.55,4.54,106.2,1.24,
2014-07-31,82.958,0.76,2.15,4.21,107.0,0.75,
2014-08-31,82.802,-0.19,2.3,3.88,106.4,-0.56,
2014-09-30,82.646,-0.19,2.34,3.55,106.4,0.0,
2014-10-31,81.556,-1.32,0.82,3.06,106.0,-0.38,
2014-11-30,81.478,-0.1,0.5,2.63,106.9,0.85,
2014-12-31,81.79,0.38,0.88,2.31,108.6,1.59,
2015-01-31,84.282,3.05,3.84,2.31,112.8,3.87,9.41
2015-02-28,82.724,-1.85,1.92,2.17,108.9,-3.46,5.73
2015-03-31,82.413,-0.38,1.54,2.01,107.6,-1.19,4.26
2015-04-30,82.491,0.09,1.44,1.79,107.0,-0.56,2.79
2015-05-31,82.88,0.47,1.53,1.73,108.0,0.93,2.96
2015-06-30,83.581,0.85,1.51,1.73,109.1,1.02,2.73
2015-07-31,83.893,0.37,1.13,1.65,108.9,-0.18,1.78
2015-08-31,83.659,-0.28,1.03,1.54,108.4,-0.46,1.88
2015-09-30,83.581,-0.09,1.13,1.44,108.4,0.0,1.88
2015-10-31,83.893,0.37,2.87,1.61,109.2,0.74,3.02
2015-11-30,85.061,1.39,4.4,1.94,112.0,2.56,4.77
2015-12-31,85.529,0.55,4.57,2.24,113.2,1.07,4.24
2016-01-31,85.684,0.18,1.66,2.06,112.0,-1.06,-0.71
2016-02-29,85.139,-0.64,2.92,2.14,110.8,-1.07,1.74
2016-03-31,84.594,-0.64,2.65,2.24,110.0,-0.72,2.23
2016-04-30,85.295,0.83,3.4,2.4,111.6,1.45,4.3
2016-05-31,86.853,1.83,4.79,2.67,113.7,1.88,5.28
2016-06-30,88.177,1.52,5.5,3.0,116.1,2.11,6.42
2016-07-31,88.722,0.62,5.76,3.39,115.2,-0.78,5.79
2016-08-31,87.32,-1.58,4.38,3.67,113.3,-1.65,4.52
2016-09-30,87.086,-0.27,4.19,3.92,113.5,0.18,4.7
2016-10-31,87.32,0.27,4.09,4.03,114.7,1.06,5.04
2016-11-30,88.489,1.34,4.03,3.99,116.6,1.66,4.11
2016-12-31,89.345,0.97,4.46,3.99,118.0,1.2,4.24
2017-01-31,90.436,1.22,5.55,4.31,119.3,1.1,6.52
2017-02-28,90.903,0.52,6.77,4.63,119.9,0.5,8.21
2017-03-31,90.747,-0.17,7.27,5.02,119.5,-0.33,8.64
2017-04-30,91.215,0.52,6.94,5.31,121.0,1.26,8.42
2017-05-31,92.072,0.94,6.01,5.41,121.8,0.66,7.12
2017-06-30,93.552,1.61,6.1,5.46,123.4,1.31,6.29
2017-07-31,93.006,-0.58,4.83,5.39,122.4,-0.81,6.25
2017-08-31,92.539,-0.5,5.98,5.52,122.3,-0.08,7.94
2017-09-30,93.24,0.76,7.07,5.76,123.3,0.82,8.63
2017-10-31,94.097,0.92,7.76,6.06,124.8,1.22,8.81
2017-11-30,95.187,1.16,7.57,6.36,126.4,1.28,8.4
2017-12-31,95.733,0.57,7.15,6.58,126.6,0.16,7.29
2018-01-31,95.655,-0.08,5.77,6.6,125.8,-0.63,5.45
2018-02-28,94.954,-0.73,4.46,6.41,123.7,-1.67,3.17
2018-03-31,94.564,-0.41,4.21,6.15,122.8,-0.73,2.76
2018-04-30,94.642,0.08,3.76,5.89,122.9,0.08,1.57
2018-05-31,95.733,1.15,3.98,5.72,124.3,1.14,2.05
2018-06-30,97.68,2.03,4.41,5.58,126.5,1.77,2.51
2018-07-31,97.992,0.32,5.36,5.62,126.6,0.08,3.43
2018-08-31,97.992,0.0,5.89,5.62,125.4,-0.95,2.53
2018-09-30,97.291,-0.72,4.34,5.39,124.4,-0.8,0.89
2018-10-31,97.057,-0.24,3.15,5.0,124.9,0.4,0.08
2018-11-30,98.303,1.28,3.27,4.65,127.7,2.24,1.03
2018-12-31,98.381,0.08,2.77,4.28,127.1,-0.47,0.39
2019-01-31,99.238,0.87,3.75,4.11,127.3,0.16,1.19
2019-02-28,98.771,-0.47,4.02,4.08,126.7,-0.47,2.43
2019-03-31,98.615,-0.16,4.28,4.08,126.4,-0.24,2.93
2019-04-30,98.926,0.32,4.53,4.15,127.3,0.71,3.58
2019-05-31,100.484,1.57,4.96,4.23,128.7,1.1,3.54
2019-06-30,101.419,0.93,3.83,4.18,129.2,0.39,2.13
2019-07-31,101.263,-0.15,3.34,4.01,129.4,0.15,2.21
2019-08-31,101.341,0.08,3.42,3.8,129.7,0.23,3.43
2019-09-30,102.12,0.77,4.96,3.86,130.6,0.69,4.98
2019-10-31,102.276,0.15,5.38,4.04,131.9,1.0,5.6
2019-11-30,102.587,0.3,4.36,4.13,132.9,0.76,4.07
2019-12-31,103.133,0.53,4.83,4.31,135.0,1.58,6.22
2020-01-31,104.846,1.66,5.65,4.46,137.0,1.48,7.62
2020-02-29,104.846,0.0,6.15,4.64,137.0,0.0,8.13
2020-03-31,103.912,-0.89,5.37,4.73,135.2,-1.31,6.96
2020-04-30,104.067,0.15,5.2,4.79,134.8,-0.3,5.89
2020-05-31,104.535,0.45,4.03,4.71,135.4,0.45,5.21
2020-06-30,105.392,0.82,3.92,4.72,137.3,1.4,6.27
2020-07-31,105.47,0.07,4.15,4.78,137.3,0.0,6.11
2020-08-31,105.47,0.0,4.07,4.84,137.8,0.36,6.25
2020-09-30,106.171,0.66,3.97,4.76,138.9,0.8,6.36
2020-10-31,106.326,0.15,3.96,4.64,139.1,0.14,5.46
2020-11-30,106.794,0.44,4.1,4.62,139.8,0.5,5.19
2020-12-31,107.495,0.66,4.23,4.57,141.2,1.0,4.59
2021-01-31,108.04,0.51,3.05,4.35,142.1,0.64,3.72
2021-02-28,108.352,0.29,3.34,4.12,142.8,0.49,4.23
2021-03-31,108.196,-0.14,4.12,4.01,142.1,-0.49,5.1
2021-04-30,108.118,-0.07,3.89,3.9,142.2,0.07,5.49
2021-05-31,109.286,1.08,4.55,3.95,143.6,0.98,6.06
2021-06-30,110.922,1.5,5.25,4.06,145.7,1.46,6.12
2021-07-31,111.467,0.49,5.69,4.18,146.6,0.62,6.77
2021-08-31,111.779,0.28,5.98,4.34,147.1,0.34,6.75
2021-09-30,112.246,0.42,5.72,4.49,147.5,0.27,6.19
2021-10-31,114.427,1.94,7.62,4.8,150.6,2.1,8.27
2021-11-30,117.387,2.59,9.92,5.28,155.3,3.12,11.09
2021-12-31,120.503,2.65,12.1,5.94,161.0,3.67,14.02
2022-01-31,124.3,3.15,15.05,6.94,166.0,3.11,16.82
2022-02-28,125.8,1.21,16.1,8.0,167.8,1.08,17.51
2022-03-31,129.7,3.1,19.88,9.31,172.7,2.92,21.53
2022-04-30,142.1,9.56,31.43,11.61,190.3,10.19,33.83
2022-05-31,153.6,8.09,40.55,14.61,208.7,9.67,45.33
2022-06-30,171.7,11.78,54.79,18.74,231.5,10.92,58.89
2022-07-31,178.9,4.19,60.5,23.3,244.4,5.57,66.71
2022-08-31,182.8,2.18,63.54,28.1,250.4,2.45,70.22
2022-09-30,189.3,3.56,68.65,33.34,256.2,2.32,73.69
2022-10-31,188.5,-0.42,64.73,38.1,256.9,0.27,70.58
2022-11-30,187.1,-0.74,59.39,42.23,256.3,-0.23,65.04
2022-12-31,187.6,0.27,55.68,45.86,256.3,0.0,59.19
2023-01-31,188.6,0.53,51.73,48.91,,,
2023-02-28,189.5,0.48,50.64,51.79,,,
2023-03-31,195.0,2.9,50.35,54.33,,,
2023-04-30,192.3,-1.38,35.33,54.66,,,
2023-05-31,192.3,0.0,25.2,53.38,,,
2023-06-30,192.3,0.0,12.0,49.81,,,
2023-07-31,190.2,-1.09,6.32,45.3,,,
2023-08-31,190.1,-0.05,3.99,40.33,,,
2023-09-30,191.8,0.89,1.32,34.72,,,
2023-10-31,191.4,-0.21,1.54,29.46,,,
2023-11-30,193.4,1.04,3.37,24.79,,,
2023-12-31,195.1,0.88,4.0,20.48,,,
2024-01-31,200.7,2.87,6.42,16.71,,,
2024-02-29,200.6,-0.05,5.86,12.98,,,
2024-03-31,196.7,-1.94,0.87,8.85,,,
2024-04-30,195.2,-0.76,1.51,6.03,,,
2024-05-31,194.1,-0.56,0.94,4.01,,,
2024-06-30,195.6,0.77,1.72,3.16,,,
2024-07-31,194.7,-0.46,2.37,2.83,,,
2024-08-31,191.1,-1.85,0.53,2.54,,,
2024-09-30,190.9,-0.1,-0.47,2.39,,,
2024-10-31,189.9,-0.52,-0.78,2.19,,,
2024-11-30,189.4,-0.26,-2.07,1.74,,,
2024-12-31,191.7,1.21,-1.74,1.26,,,
2025-01-31,192.6,0.47,-4.04,0.39,,,
2025-02-28,192.2,-0.21,-4.19,-0.45,,,
2025-03-31,191.6,-0.31,-2.59,-0.73,,,
2025-04-30,191.2,-0.21,-2.05,-1.03,,,
2025-05-31,192.8,0.84,-0.67,-1.16,,,
2025-06-30,194.5,0.88,-0.56,-1.36,,,
2025-07-31,194.1,-0.21,-0.31,-1.58,,,
2025-08-31,193.3,-0.41,1.15,-1.53,,,
2025-09-30,193.7,0.21,1.47,-1.36,,,
2025-10-31,193.8,0.05,2.05,-1.13,,,
2025-11-30,193.4,-0.21,2.11,-0.78,,,
2025-12-31,195.8,1.24,2.14,-0.46,,,
2026-01-31,197.0,0.61,2.28,0.07,,,
2026-02-28,195.3,-0.86,1.61,0.55,,,
2026-03-31,195.8,0.26,2.19,0.95,,,
2026-04-30,201.6,2.96,5.44,1.58,,,
2026-05-31,203.4,0.89,5.5,2.09,,,
2026-06-30,207.7,2.11,6.79,2.7,,,
2026-07-31,208.2,0.24,7.26,3.33,,,
