date,actual,arima_pred,lstm_resid,hybrid_pred
2024-01-22,2955.63,2953.3785207640967,1.2905021,2954.6690228354773
2024-01-23,2922.48,2953.052485245943,1.3713592,2954.423844475031
2024-01-24,2904.36,2914.13673833922,1.2833817,2915.4201200397356
2024-01-25,2903.32,2900.601338170424,1.2914674,2901.892805598631
2024-01-29,2927.49,2904.392813736391,1.3770313,2905.769845062685
2024-01-30,2911.85,2930.037559593349,1.5673476,2931.604907239109
2024-01-31,2901.81,2907.690760741568,1.5240226,2909.214783320761
2024-02-01,2905.31,2900.620316779392,1.5098625,2902.1301793215443
2024-02-02,2943.53,2908.4714461451904,1.5533686,2910.024814713611
2024-02-05,2954.18,2949.7543907050026,1.7573824,2951.511773097886
2024-02-07,2994.71,2955.9436999629556,1.7920988,2957.7357987235605
2024-02-08,2999.59,3005.174080603071,1.9668672,3007.140947811552
2024-02-09,3015.99,3001.5617213501137,1.8971328,3003.4588541044395
2024-02-12,3025.54,3019.135370853876,1.9021814,3021.0375522408235
2024-02-13,3031.93,3031.229846089003,1.8738009,3033.1036469627593
2024-02-14,3024.9,3030.059951437766,1.8187494,3031.8787008655613
2024-02-15,3029.37,3025.946592904741,1.7400042,3027.686597086603
2024-02-16,3038.93,3029.9115344609727,1.7180802,3031.6296146239747
2024-02-19,3055.2,3041.3755383894368,1.7409294,3043.116467754595
2024-02-20,3066.59,3058.1912369565,1.7940297,3059.985266669177
2024-02-21,3070.3,3069.412076647517,1.8139625,3071.2260391070813
2024-02-22,3074.13,3071.320421294058,1.7842544,3073.1046757257827
2024-02-23,3070.15,3075.998889851643,1.759957,3077.758846807553
2024-02-27,3058.61,3069.0470171222805,1.695955,3070.742972160351
2024-02-28,3053.94,3055.908782734725,1.6146954,3057.5234781645268
2024-02-29,3063.78,3053.6529072538606,1.5910618,3055.243969084381
2024-03-01,3045.4,3065.5585650122225,1.6465154,3067.205080381638
2024-03-04,3054.79,3039.557445575648,1.5495269,3041.1069725055036
2024-03-05,3088.85,3058.830572696236,1.628755,3060.4593276696473
2024-03-06,3096.95,3097.2276547605757,1.7973685,3099.0250232870344
2024-03-07,3107.07,3094.789693689317,1.7944521,3096.584145760507
2024-03-08,3162.73,3112.9107247006086,1.8248037,3114.7355284105925
2024-03-12,3177.03,3177.3034235910263,2.0435207,3179.346944280037
2024-03-13,3186.74,3176.3924874571385,1.9945235,3178.3870109823765
2024-03-14,3224.2,3191.3936778849015,1.9634277,3193.357105547751
2024-03-15,3232.24,3236.713546137204,2.0516868,3238.7652329009675
2024-03-18,3250.1,3229.5497905550415,1.9532703,3231.5030608711654
2024-03-19,3236.14,3257.3559205633587,1.9728209,3259.3287414413876
2024-03-20,3214.42,3233.1922672017513,1.790188,3234.982455156654
2024-03-21,3208.8,3208.386914250496,1.623807,3210.010721203926
2024-03-22,3189.95,3211.2007479683084,1.5920272,3212.792775155656
2024-03-25,3224.25,3181.273441179809,1.4823469,3182.755788072166
2024-03-26,3227.68,3234.5947406078503,1.7172153,3236.3119559074566
2024-03-27,3277.4,3226.0516235549885,1.7075003,3227.759123893543
2024-03-28,3302.01,3288.7389869676645,1.9600084,3290.6989953504617
2024-03-29,3326.28,3310.4166894677846,2.0047011,3312.4213906053274
2024-04-02,3334.43,3328.162907859057,2.0185797,3330.181487580508
2024-04-03,3351.6,3342.227499068198,1.9681143,3344.195613325057
2024-04-04,3404.94,3352.959020419821,1.9322515,3354.891271873221
2024-04-05,3433.68,3420.247608773666,2.1261883,3422.373797051864
2024-04-08,3490.34,3437.0766564042738,2.1255646,3439.202220979469
2024-04-09,3542.49,3505.435918322418,2.2975976,3507.733515969131
2024-04-10,3550.44,3556.7350738420378,2.3770268,3559.1121006383787
2024-04-11,3580.64,3548.8851999385747,2.201997,3551.087196980277
2024-04-16,3565.91,3594.4286732790893,2.2093384,3596.638011705679
2024-04-17,3472.53,3560.0240378532276,1.9332772,3561.957315102564
2024-04-18,3488.71,3449.4055281204205,1.3576014,3450.7631295246106
2024-04-19,3482.51,3501.735118909735,1.5033054,3503.2384243449155
2024-04-22,3456.94,3472.619782601027,1.4504063,3474.0701889139696
2024-04-23,3493.85,3446.650579821915,1.4071014,3448.057681214661
2024-04-25,3492.99,3512.1139374379068,1.6922944,3513.806231797114
2024-04-26,3599.66,3483.558135919176,1.6350707,3485.193206600748
2024-04-29,3643.48,3629.961056873348,2.2235389,3632.1845957489277
2024-04-30,3686.89,3651.3440799572854,2.2741048,3653.6181847908883
2024-05-01,3691.66,3693.5321701835455,2.338147,3695.870317108518
2024-05-03,3681.41,3704.0158540165894,2.1830297,3706.1988836682312
2024-05-06,3668.99,3672.1556951787384,1.9134651,3674.0691603209884
2024-05-07,3648.93,3673.1140289832592,1.7782203,3674.8922492791653
2024-05-08,3647.47,3640.314481134709,1.5895131,3641.9039941981396
2024-05-09,3645.57,3647.950760610681,1.5994895,3649.5502500611356
2024-05-10,3683.85,3644.938564529198,1.5955069,3646.5340714357076
2024-05-13,3735.66,3691.4036730475023,1.8072243,3693.210897321184
2024-05-14,3726.33,3748.635528213321,2.0401416,3750.67566979581
2024-05-15,3681.28,3720.24744246182,1.8860703,3722.1335127132847
2024-05-16,3637.03,3675.89529402094,1.6008974,3677.4961914523137
2024-05-17,3639.29,3629.3977742420593,1.342657,3630.7404312120834
2024-05-20,3646.08,3638.1284634650497,1.3995588,3639.528022247627
2024-05-21,3615.02,3645.288366238962,1.4987196,3646.787085811983
2024-05-22,3622.01,3604.718507197463,1.3934039,3606.111911085212
2024-05-23,3667.64,3628.4900434609217,1.5167817,3630.006825148658
2024-05-28,3652.44,3677.224782568767,1.7645631,3678.9893456524155
2024-05-29,3623.48,3643.538628839403,1.657055,3645.1956838597353
2024-05-30,3550.12,3621.570378768719,1.5294534,3623.099832165516
2024-05-31,3595.21,3534.2532359775714,1.1468898,3535.400125783365
2024-06-03,3575.46,3606.902519917489,1.4872547,3608.3897746562966
2024-06-04,3561.9,3566.341014230507,1.4122907,3567.7533049228364
2024-06-05,3569.92,3554.702425428844,1.4309362,3556.133361646152
2024-06-06,3605.94,3582.0135385382514,1.5531473,3583.5666858542304
2024-06-07,3648.34,3605.482004406274,1.7164711,3607.1984754822856
2024-06-10,3662.18,3661.689433363341,1.9519628,3663.641396191977
2024-06-11,3690.83,3663.181243814078,1.931829,3665.1130727897553
2024-06-12,3683.44,3700.3770948511537,2.0076377,3702.3847325903353
2024-06-13,3692.43,3682.4572520660618,1.8487391,3684.305991213248
2024-06-14,3675.87,3693.928074731548,1.8219476,3695.7500223061634
2024-06-17,3651.51,3674.3038171042617,1.6768872,3675.980704258841
2024-06-19,3620.65,3642.857036076204,1.5202614,3644.3772974831027
2024-06-20,3612.86,3616.9256878766496,1.3960187,3618.3217066201646
2024-06-21,3616.0,3608.927886771904,1.4000415,3610.327928232895
2024-06-25,3632.21,3616.444308028555,1.4871743,3617.9314823010923
2024-06-26,3633.33,3634.516853620439,1.6189998,3636.135853459268
2024-06-27,3632.16,3633.431314123473,1.6434983,3635.074812424979
2024-06-28,3595.81,3632.555240700371,1.6407226,3634.1959633327792
2024-07-01,3602.64,3587.740007252574,1.4450158,3589.185023040652
2024-07-02,3568.75,3605.695721897728,1.5223733,3607.2180952164003
2024-07-03,3575.12,3559.1502496982,1.3630321,3560.5132818007846
2024-07-04,3540.05,3575.67599981495,1.4746836,3577.1506834573374
2024-07-05,3512.39,3533.540844767179,1.3406657,3534.8815104652303
2024-07-08,3508.02,3502.378073696188,1.2696843,3503.647758010916
2024-07-09,3471.42,3512.506585708858,1.3593916,3513.8659772789492
2024-07-10,3440.29,3455.933874165649,1.2196614,3457.1535355206674
2024-07-11,3452.34,3436.2419691758246,1.2015791,3437.4435482697577
2024-07-12,3440.71,3456.5285422407865,1.3701122,3457.8986544214963
2024-07-15,3463.39,3432.39417623909,1.3761865,3433.770362729149
2024-07-16,3477.65,3471.609958877928,1.5954667,3473.205425610907
2024-07-17,3475.33,3480.5429248188407,1.6744534,3482.2173781965644
2024-07-18,3459.36,3472.2275580150726,1.6554661,3473.8830240947846
2024-07-19,3438.0,3459.979153851748,1.5776258,3461.5567796032433
2024-07-22,3430.19,3431.33884377017,1.4560784,3432.7949221803187
2024-07-23,3367.57,3429.6253781778582,1.460785,3431.086163209177
2024-07-24,3377.46,3350.3732796718496,1.171147,3351.5444266607183
2024-07-25,3414.06,3382.5835856339936,1.3547856,3383.938371195555
2024-07-26,3394.37,3422.0221150092,1.6066902,3423.628805177581
2024-07-29,3388.66,3381.517727581082,1.5222727,3383.040000287114
2024-07-30,3369.28,3395.871697911859,1.5702441,3397.4419419857268
2024-07-31,3340.37,3363.164273216936,1.4490788,3364.6133520152302
2024-08-01,3267.43,3331.5702474570844,1.3451309,3332.9153783774946
2024-08-02,3283.05,3252.7299048722425,1.0470251,3253.776929956738
2024-08-05,3293.73,3287.0440048114524,1.2695837,3288.31358851354
2024-08-06,3216.49,3294.0084870382616,1.4195518,3295.428038887627
2024-08-07,3235.1,3191.308118141951,1.095097,3192.4032150877138
2024-08-08,3221.14,3251.4230636485327,1.3752613,3252.7983249552954
2024-08-09,3215.11,3211.2018321964892,1.3170723,3212.51890446879
2024-08-12,3229.89,3209.6919386124255,1.3991565,3211.0910950636508
2024-08-13,3234.69,3241.7017769872637,1.5656179,3243.267394906232
2024-08-14,3249.4,3227.2251272522376,1.575192,3228.8003192268775
2024-08-15,3278.74,3257.969371576263,1.704785,3259.67415656562
2024-08-16,3309.98,3284.805326366173,1.8183472,3286.6236735818256
2024-08-19,3307.36,3315.6471301572365,1.9303205,3317.577450658564
2024-08-21,3307.38,3308.0612707489354,1.8441129,3309.905383622013
2024-08-22,3306.21,3308.402146900068,1.7774358,3310.1795826796397
2024-08-23,3286.61,3307.5882988648696,1.7173561,3309.305654950647
2024-08-26,3256.59,3279.643507257212,1.5760368,3281.219544068087
2024-08-27,3196.03,3251.264657036588,1.4396656,3252.7043225925418
2024-08-28,3154.73,3181.269959933808,1.1638055,3182.4337654185797
2024-08-29,3107.97,3145.804811421755,1.0712621,3146.8760735429555
2024-08-30,3083.92,3096.2615874777953,0.9730064,3097.2345939050833
2024-09-02,3063.75,3075.7324994800424,1.0328649,3076.765364408288
2024-09-03,3005.01,3059.665447391163,1.1113689,3060.77681628574
2024-09-04,2996.61,2987.594398698185,0.9554873,2988.5498860090715
2024-09-05,3058.22,2998.860182583096,1.1183283,2999.978510915997
2024-09-06,3041.65,3071.5239309362405,1.5613538,3073.0852847389215
2024-09-09,3021.57,3029.5439514278205,1.508696,3031.0526473878654
2024-09-10,2964.35,3022.9037930174595,1.4890248,3024.3928177757984
2024-09-11,2937.53,2953.681328295234,1.2022831,2954.883611439231
2024-09-12,2928.36,2928.4943504707335,1.150088,2929.6444384233473
2024-09-13,2928.74,2928.853935467218,1.2348272,2930.0887626280532
2024-09-16,2987.77,2922.44979890183,1.3357981,2923.7855970461706
2024-09-19,3048.02,3005.3174569366456,1.7577646,3007.075221514511
2024-09-20,3061.9,3058.6065771829553,2.0326793,3060.639256502337
2024-09-23,3103.55,3063.6619994072876,2.022361,3065.684360447403
2024-09-24,3168.09,3120.3358310794624,2.1417563,3122.4775873756203
2024-09-25,3236.79,3181.8963053314283,2.294661,3184.1909663765027
2024-09-26,3383.76,3250.935881494538,2.462792,3253.3986734142463
2024-09-27,3399.44,3422.0819913401956,2.9934933,3425.0754846587533
2024-09-30,3434.44,3397.4951346350445,2.6854913,3400.1806259585155
2024-10-01,3459.41,3449.2142305696343,2.597011,3451.8112416589593
2024-10-02,3505.83,3472.913462409855,2.4128294,3475.326291808964
2024-10-03,3512.64,3507.893050831155,2.3773286,3510.270379465417
2024-10-04,3490.84,3520.313305909156,2.233133,3522.5464389867775
2024-10-07,3540.22,3482.1013566967595,1.9256742,3484.0270308968175
2024-10-08,3594.94,3558.787899823194,2.1028361,3560.8907359552436
2024-10-09,3605.35,3602.835387119122,2.2193954,3605.0547825182157
2024-10-10,3603.53,3604.300440785902,2.136929,3606.437369821089
2024-10-11,3601.2,3610.2584726167806,2.0121431,3612.2706157518514
2024-10-14,3635.36,3599.7055361105436,1.8572271,3601.5627631975644
2024-10-15,3623.34,3644.3134650907577,1.9611951,3646.2746602020325
2024-10-16,3607.01,3617.9501719037335,1.7999632,3619.7501351395886
2024-10-17,3618.1,3603.7056399800954,1.6800048,3605.385644815224
2024-10-21,3627.25,3625.2824875244305,1.7182611,3627.000748647134
2024-10-22,3624.86,3624.112282637745,1.7162699,3625.828552488476
2024-10-23,3631.21,3625.612689085247,1.7041212,3627.3168103172798
2024-10-24,3675.77,3633.8666273581593,1.7156866,3635.5823139178365
2024-10-25,3732.11,3686.129912614173,1.9159191,3688.0458316796485
2024-10-28,3764.35,3744.139714820333,2.130392,3746.270106894918
2024-10-29,3790.17,3770.4751731639294,2.1722486,3772.647421765843
2024-10-30,3859.73,3799.52637615144,2.1677432,3801.6941193574644
2024-10-31,3868.16,3878.118394963101,2.3587837,3880.4771786850247
2024-11-04,3880.09,3866.736020806721,2.1850812,3868.921102050236
2024-11-05,3876.88,3885.6601672941847,2.1041636,3887.7643309408827
2024-11-06,3855.26,3879.699613127872,1.9358317,3881.6354447938647
2024-11-07,3831.91,3846.113871206579,1.7096726,3847.8235437768076
2024-11-08,3827.25,3830.6899616639025,1.5734221,3832.2633837382205
2024-11-11,3826.35,3824.2112467386023,1.5399125,3825.751159200837
2024-11-12,3866.21,3825.166476747763,1.565296,3826.7317728016496
2024-11-13,3892.27,3875.891784251106,1.7991184,3877.690902650726
2024-11-14,3941.72,3896.5055010516176,1.895222,3898.400723000241
2024-11-15,3986.85,3953.89207976331,2.095173,3955.98725264539
2024-11-19,3983.88,3999.335472069239,2.2035859,4001.5390579323525
2024-11-20,3930.27,3980.487344244512,2.0226426,3982.509986856969
2024-11-21,3918.13,3922.155316837386,1.6401997,3923.795516498641
2024-11-22,3874.74,3918.2209519495063,1.5364529,3919.757404838949
2024-11-25,3866.88,3861.111094487849,1.3024294,3862.4135239254865
2024-11-26,3798.38,3864.238423412536,1.3593714,3865.5977948362574
2024-11-27,3852.19,3782.4461451922903,1.0831292,3783.529274359847
2024-11-28,3883.52,3865.1572138263023,1.5116727,3866.6688865615165
2024-11-29,3918.58,3890.118029702201,1.7099944,3891.8280241375114
2024-12-02,3907.97,3919.253707159582,1.8885845,3921.142291654173
2024-12-03,3916.21,3915.041494886698,1.8097587,3916.8512535498753
2024-12-04,3949.39,3914.5682303133176,1.7609626,3916.329192918794
2024-12-05,4020.81,3961.758388630142,1.8974546,3963.6558432495494
2024-12-06,4056.66,4033.3308305609544,2.1674416,4035.498272167476
2024-12-09,4069.57,4064.2425363824514,2.2264755,4066.46901185967
2024-12-10,4094.24,4074.447948739366,2.1410522,4076.5890009854597
2024-12-11,4129.31,4104.011508726834,2.115025,4106.126533770322
2024-12-12,4154.9,4136.232620804526,2.1326447,4138.365265457846
2024-12-13,4186.09,4160.251768331244,2.124036,4162.375804404929
2024-12-16,4257.91,4194.713457978667,2.1508276,4196.864285624923
2024-12-17,4356.42,4275.924481941816,2.3697457,4278.29422767317
2024-12-18,4381.12,4378.368766608617,2.6669464,4381.03571301975
2024-12-19,4414.12,4384.677712705475,2.520257,4387.1979697016295
2024-12-20,4400.85,4427.671560708017,2.4570594,4430.128620091409
2024-12-23,4420.44,4399.697993830062,2.1218436,4401.819837406493
2024-12-24,4494.44,4423.940075625903,2.0573187,4425.997394313342
2024-12-25,4533.06,4515.770437637842,2.3105912,4518.081028858698
2024-12-27,4605.21,4533.751910474259,2.3053415,4536.057251956421
2024-12-30,4682.35,4627.795774429258,2.5350003,4630.330774753507
2024-12-31,4830.04,4701.803366452312,2.6650357,4704.468402176952
2025-01-01,4861.59,4862.9894183847055,3.1259222,4866.115340587769
2025-01-03,4974.09,4869.127550275842,2.886448,4872.013998182336
2025-01-06,4925.82,5004.433938632293,3.1142764,5007.548215041442
2025-01-07,4806.63,4917.382493229771,2.4199095,4919.802402707005
2025-01-08,4802.21,4774.632653680709,1.5372173,4776.169870940116
2025-01-09,4824.13,4820.18389900002,1.5129199,4821.696818902821
2025-01-10,4749.69,4811.574923596351,1.5422859,4813.117209515541
2025-01-13,4815.28,4728.753348257881,1.2552829,4730.008631136757
2025-01-16,4905.92,4842.0788706608,1.7337688,4843.812639481563
2025-01-17,4923.69,4920.051077451658,2.128984,4922.180061426115
2025-01-20,4927.86,4920.388817197523,2.1294467,4922.518263942442
2025-01-21,4969.01,4940.882094647829,2.0659072,4942.948001887743
2025-01-22,5056.74,4978.046200043967,2.099437,4980.145637042334
2025-01-23,5138.66,5076.472021509496,2.4044018,5078.876423288671
2025-01-24,5189.1,5155.804513324755,2.6154351,5158.419948448199
2025-01-27,5125.58,5200.847403267516,2.6211877,5203.468590954436
2025-01-28,5150.61,5113.756570813246,2.0180163,5115.7745871515945
2025-01-29,5171.71,5163.423608109522,2.004339,5165.427947089243
2025-01-30,5146.02,5174.963853568451,1.9504342,5176.914287776367
2025-01-31,5131.32,5131.0921595152795,1.7253814,5132.817540889639
2025-02-03,5127.97,5138.2041779935535,1.6653217,5139.869499701279
2025-02-04,5067.23,5123.074125443427,1.5914037,5124.66552916619
2025-02-06,4889.6,5051.062790267753,1.2964154,5052.359205715942
2025-02-07,4937.79,4849.167658862545,0.4585368,4849.626195666267
2025-02-10,4996.07,4958.068580066927,0.9998784,4959.068458473452
2025-02-11,4970.21,4999.42036015293,1.4210402,5000.841400330275
2025-02-12,4898.0,4950.288368656547,1.4130551,4951.701423718841
2025-02-14,4946.6,4899.075813764437,1.1918641,4900.267677897318
2025-02-17,5037.52,4956.152696619317,1.4823067,4957.635003338143
2025-02-18,5109.63,5055.818095570945,1.9792371,5057.797332650565
2025-02-19,5139.63,5119.754085224949,2.2807424,5122.0348276317945
2025-02-20,5094.34,5151.926948923756,2.3076546,5154.234603542973
2025-02-21,5052.39,5085.530950562987,1.8659163,5087.396866815123
2025-02-24,5070.73,5047.069947364716,1.5498487,5048.619796040444
2025-02-25,5002.43,5076.740603916372,1.6157011,5078.35630499574
2025-02-26,4912.17,4977.4573709780525,1.2387494,4978.696120362933
2025-02-28,4904.63,4894.8668700302815,0.91334903,4895.7802190626835
2025-03-03,4940.49,4908.794625498183,1.0498611,4909.844486571677
2025-03-04,4828.67,4939.69834101669,1.3630522,4941.061393265645
2025-03-05,4759.7,4797.722692411739,0.90592706,4798.628619473774
2025-03-06,4826.92,4752.257932678821,0.7800351,4753.037967757346
2025-03-07,4817.59,4846.822448208838,1.3112594,4848.133707597762
2025-03-10,4817.74,4798.3936298959015,1.3281549,4799.721784817433
2025-03-11,4778.72,4824.454903428611,1.507469,4825.962372486648
2025-03-12,4684.2,4773.546169168554,1.325158,4774.8713271685465
2025-03-13,4747.02,4656.04643312466,0.8857328,4656.932165954231
2025-03-17,4737.61,4773.603641138567,1.4206983,4775.0243394236695
2025-03-18,4668.02,4721.647823174804,1.3702128,4723.018035968154
2025-03-19,4588.03,4649.1917580398185,1.148338,4650.340096000062
2025-03-20,4612.38,4583.207239260606,0.8835203,4584.090759565763
2025-03-21,4703.54,4611.060419898845,1.1366922,4612.197112065173
2025-03-24,4772.71,4724.623711469517,1.761566,4726.385277512417
2025-03-25,4768.26,4780.322757509264,2.1072412,4782.429998662981
2025-03-26,4761.65,4771.149692781782,2.0189416,4773.1686344226355
2025-03-27,4747.76,4766.5705164551655,1.8678874,4768.438403832904
2025-03-28,4767.27,4744.630849375107,1.6798439,4746.310693277695
2025-03-31,4740.43,4770.9915520445475,1.7432625,4772.734814573921
2025-04-02,4763.86,4732.380968895761,1.5682125,4733.949181404916
2025-04-03,4768.41,4770.283065339105,1.713474,4771.996539374368
2025-04-04,4638.67,4770.56846861384,1.7110404,4772.279508991457
2025-04-07,4541.71,4601.36323082681,1.0038408,4602.36707163091
2025-04-08,4268.78,4530.954948521159,0.68640554,4531.641354060672
2025-04-09,4455.13,4198.5469525383205,-0.5882031,4197.958749465773
2025-04-10,4360.83,4507.379460168782,0.93901414,4508.318474305574
2025-04-11,4638.38,4320.5103644882975,0.5793199,4321.089684382611
2025-04-14,4619.65,4696.758379287389,2.3573356,4699.115714854864
2025-04-17,4653.11,4633.944342251146,2.1083071,4636.05264937433
2025-04-18,4643.14,4632.8405293716305,2.073973,4634.9145023120755
2025-04-22,4623.07,4687.05740179237,1.9934174,4689.05081917461
2025-04-23,4597.78,4582.396525146091,1.5504119,4583.946937085712
2025-04-24,4608.41,4613.597056008106,1.5527048,4615.149760819202
2025-04-25,4608.44,4602.551560744671,1.5317664,4604.083327159314
2025-04-28,4643.6,4605.554250119336,1.5828352,4607.137085316785
2025-04-29,4659.72,4656.558826922055,1.8017131,4658.360540031072
2025-04-30,4673.54,4658.80206721034,1.8261714,4660.628238608503
2025-05-01,4647.05,4679.016596275062,1.8699591,4680.886555391044
2025-05-05,4649.29,4642.092626993792,1.6592675,4643.751894538538
2025-05-06,4665.04,4650.236251963813,1.6489693,4651.885221256453
2025-05-07,4679.65,4670.293742038374,1.7145,4672.008241988783
2025-05-08,4640.04,4678.32831738286,1.7586294,4680.086946824122
2025-05-09,4659.41,4632.734099769117,1.5424066,4634.276506328108
2025-05-12,4666.02,4666.701866400752,1.6580205,4668.35988689712
2025-05-15,4748.51,4666.1974057158295,1.6658648,4667.863270541078
2025-05-16,4807.18,4765.750213749847,2.0863428,4767.836556561431
2025-05-19,4832.94,4822.053034850742,2.28207,4824.335104772235
2025-05-20,4837.69,4834.874111737951,2.2434514,4837.117563094839
2025-05-21,4820.18,4847.478387771927,2.1182835,4849.5966712821355
2025-05-22,4818.13,4813.800025196023,1.8420413,4815.6420664500665
2025-05-23,4850.15,4820.065883195321,1.7611235,4821.827006733338
2025-05-26,4842.95,4857.435456008071,1.868169,4859.303624958152
2025-05-27,4849.48,4836.795907000147,1.7641004,4838.560007432543
2025-05-28,4916.11,4854.459589510584,1.7858635,4856.245453029299
2025-05-29,4923.3,4933.932026388447,2.0728867,4936.004913093846
2025-05-30,4970.55,4918.5380828616435,1.9792774,4920.517360234004
2025-06-02,4990.8,4986.555298176717,2.160241,4988.715539065312
2025-06-03,5047.91,4996.898024956298,2.0986726,4998.996697584701
2025-06-04,5143.45,5058.34732013461,2.2517786,5060.59909873721
2025-06-05,5162.06,5171.475225607854,2.5810406,5174.0562662286575
2025-06-06,5193.79,5158.22518030739,2.3937414,5160.618921676637
2025-06-09,5175.15,5209.466945592386,2.3820353,5211.848980847818
2025-06-10,5211.72,5172.1966351521405,2.0325387,5174.229173804561
2025-06-12,5287.08,5218.785665307872,2.0822396,5220.86790493571
2025-06-13,5272.53,5308.9129459066235,2.3398366,5311.252782504066
2025-06-16,5193.92,5258.603640826009,2.0526927,5260.6563334777575
2025-06-17,5160.99,5184.052069154585,1.5753932,5185.627462354506
2025-06-18,5154.19,5158.725794023074,1.367417,5160.093211000956
2025-06-19,5086.43,5147.141468059937,1.3528748,5148.494342815797
2025-06-20,5039.12,5066.673072973983,1.0942119,5067.76728490998
2025-06-23,5095.37,5031.404118035954,1.0206157,5032.424733732861
2025-06-24,4996.07,5110.720140900816,1.4655318,5112.185672726835
2025-06-25,5125.0,4961.051983036683,0.9866033,4962.038586356328
2025-06-26,5219.48,5166.795567670801,1.8777833,5168.673350969293
2025-06-27,5276.34,5238.270775977898,2.249224,5240.519999925423
2025-06-30,5289.51,5274.283541451217,2.3995743,5276.6831157310025
2025-07-01,5345.8,5315.277556924028,2.3400779,5317.617634801073
2025-07-02,5355.63,5350.315703888127,2.3270442,5352.642748136708
2025-07-03,5362.12,5362.356875658407,2.194595,5364.551470756903
2025-07-04,5353.58,5361.735937940096,2.043762,5363.779699908709
2025-07-07,5363.26,5354.7554199046235,1.8802775,5356.635697419081
2025-07-08,5348.43,5364.601766096489,1.8376765,5366.439442621605
2025-07-09,5332.68,5344.558533003112,1.7005812,5346.259114196082
2025-07-10,5358.73,5328.808991871591,1.5999721,5330.4089640004595
2025-07-14,5502.34,5367.326804689099,1.7418948,5369.068699530293
2025-07-15,5653.65,5534.553028030441,2.4352963,5536.988324327514
2025-07-16,5712.39,5684.209319434889,3.0059638,5687.215283237227
2025-07-17,5666.09,5724.202635422773,2.9776437,5727.180279151029
2025-07-18,5630.59,5664.336448527682,2.3847303,5666.721178866732
2025-07-21,5650.39,5628.797558504006,1.9213296,5630.718888121506
2025-07-22,5648.01,5655.19015148794,1.8644077,5657.054559146517
2025-07-23,5672.28,5640.313766012714,1.7604398,5642.074205766246
2025-07-24,5692.58,5679.6604613207455,1.8840991,5681.544560446608
2025-07-25,5735.44,5698.316065233387,1.9236829,5700.239748161473
2025-07-28,5760.35,5743.5378318956145,2.06637,5745.6042019059905
2025-07-29,5778.34,5768.594904696857,2.0891387,5770.684043443119
2025-07-30,5762.81,5780.936007401298,2.048328,5782.9843353241195
2025-07-31,5762.46,5762.081850940091,1.8557386,5763.937589579922
2025-08-01,5765.73,5762.721050071635,1.7703155,5764.491365599551
2025-08-04,5897.09,5767.198836996876,1.7355993,5768.9344362762795
2025-08-05,5862.88,5928.005615869907,2.3704095,5930.376025358585
2025-08-06,5845.27,5847.53479242262,1.9943627,5849.529155134526
2025-08-07,5841.59,5845.83026634569,1.8434894,5847.673755754183
2025-08-08,5825.21,5852.310969506055,1.7329241,5854.043893609792
2025-08-12,5826.15,5806.9315121508325,1.5449811,5808.476493272849
2025-08-13,5834.4,5835.371897642197,1.6261201,5836.998017732682
2025-08-14,5822.29,5831.68484752828,1.6360965,5833.320944005789
2025-08-15,5794.14,5818.416057630964,1.5924094,5820.008467003294
2025-08-18,5904.26,5790.473497128342,1.4668192,5791.9403162954795
2025-08-19,5998.44,5931.895087005934,2.0600944,5933.955181362471
2025-08-20,6065.02,6014.901897289298,2.4198892,6017.321786500953
2025-08-21,6112.38,6076.935087732414,2.5890257,6079.524113468269
2025-08-22,6116.09,6133.973088065635,2.5999877,6136.57307581092
2025-08-25,6095.63,6113.688892311981,2.2977183,6115.986610598496
2025-08-26,6048.33,6095.541991352883,1.9971384,6097.539129733887
2025-08-27,6066.01,6037.795535685027,1.6055638,6039.401099444831
2025-08-28,6068.74,6070.485923487343,1.67737,6072.163293439545
2025-08-29,6061.54,6067.119538899755,1.6691233,6068.788662191724
2025-09-01,6086.91,6056.192691840709,1.6382487,6057.830940522731
2025-09-02,6071.82,6099.120055512403,1.7926619,6100.912717417692
2025-09-03,6042.25,6062.904191512698,1.6466361,6064.550827641124
2025-09-04,6008.3,6037.542646802354,1.5112302,6039.053877032686
2025-09-05,6005.29,6003.370207393164,1.3543832,6004.724590623373
2025-09-09,5966.7,6001.724159027291,1.3910306,6003.115189577294
2025-09-10,5900.32,5957.067532503221,1.2654202,5958.332952701661
2025-09-11,5949.05,5883.219113319885,1.0255636,5884.244676917564
2025-09-12,5889.4,5966.5545414484895,1.4468261,5968.001367548839
2025-09-15,5873.43,5865.4676508372195,1.1597425,5866.627393311775
2025-09-16,5799.46,5872.125225562314,1.2556851,5873.380910653333
2025-09-17,5880.59,5788.095065458036,0.96528274,5789.060348196244
2025-09-18,5906.44,5893.395709960345,1.5288901,5894.924600093249
2025-09-19,5973.88,5914.313795843953,1.7184623,5916.032258191937
2025-09-22,6003.5,5980.94503599378,2.053839,5982.998874962057
2025-09-23,6059.91,6022.074484196863,2.1420782,6024.216562358102
2025-09-24,6086.16,6066.286036888174,2.2450604,6068.531097332052
2025-09-25,6087.22,6098.836434674213,2.23082,6101.06725461478
2025-09-26,6109.8,6083.868961511874,2.0364003,6085.9053618300195
2025-09-29,6113.53,6120.54095052431,2.0423138,6122.583264338473
2025-09-30,6125.24,6111.95996868391,1.9135858,6113.873554465961
2025-10-01,6127.65,6127.642913175495,1.8982993,6129.541212511928
2025-10-02,6142.68,6130.595285338126,1.8367312,6132.432016533576
2025-10-03,6157.57,6143.9923327674005,1.8449979,6145.8373306502435
2025-10-06,6189.57,6163.096578984699,1.8712866,6164.967865615329
2025-10-08,6181.92,6195.612242917068,1.9632266,6197.575469473846
2025-10-09,6164.59,6180.140596869384,1.8397884,6181.980385306274
2025-10-10,6171.18,6161.570463310571,1.6920931,6163.262556444497
2025-10-13,6234.33,6175.7027477656175,1.6969004,6177.399648133354
2025-10-14,6215.11,6246.849523437233,1.9835213,6248.833044779511
2025-10-15,6229.44,6206.695273969222,1.7995207,6208.494794700195
2025-10-16,6210.11,6236.919730665802,1.8514545,6238.771185162185
2025-10-17,6233.73,6208.1595454843255,1.6684394,6209.827984872601
2025-10-20,6268.95,6235.257013433682,1.7581065,6237.01511990379
2025-10-22,6292.27,6281.578656957027,1.9181316,6283.496788546917
2025-10-23,6271.74,6290.9957498538415,1.9454863,6292.941236160986
2025-10-24,6269.54,6271.445853664964,1.786125,6273.2319786096505
2025-10-27,6275.65,6270.623337565334,1.7107185,6272.334056077869
2025-10-28,6259.98,6277.1336831902145,1.7005007,6278.834183916914
2025-10-29,6220.21,6253.597606044111,1.5936766,6255.191282611188
2025-10-30,6213.34,6212.384501265376,1.4079663,6213.792467521517
2025-10-31,6200.04,6213.551551947197,1.4234338,6214.9749857278675
2025-11-03,6217.55,6194.52698501891,1.3983318,6195.92531678027
2025-11-04,6253.48,6220.892715707481,1.5651351,6222.457850828827
2025-11-05,6256.17,6262.781210319039,1.7801511,6264.561361447808
2025-11-07,6316.38,6253.047940579803,1.7586294,6254.8065700210645
2025-11-10,6404.77,6335.724138639688,2.0553677,6337.779506347894
2025-11-11,6510.98,6424.3057336775055,2.3718376,6426.677571293472
2025-11-12,6533.94,6532.389521717201,2.7208312,6535.110352872978
2025-11-13,6552.87,6541.890164300263,2.5639038,6544.4540681088565
2025-11-14,6462.04,6560.456834885021,2.3914485,6562.848283382793
2025-11-17,6425.74,6443.781791718992,1.6702094,6445.452001126799
2025-11-18,6411.77,6418.458062688071,1.4218447,6419.879907408911
2025-11-19,6374.83,6411.126157588638,1.371138,6412.497295565285
2025-11-20,6361.36,6355.102607733865,1.2309653,6356.333572990556
2025-11-21,6386.6,6365.297599826515,1.3286376,6366.62623742646
2025-11-24,6374.61,6389.985012766605,1.5245858,6391.509598609691
2025-11-25,6287.81,6368.01633745666,1.5105062,6369.526843609767
2025-11-26,6305.25,6269.363451504402,1.117926,6270.481377505951
2025-11-27,6318.28,6315.36538555474,1.334893,6316.700278542945
2025-11-28,6279.13,6316.243706812471,1.4456594,6317.6893662115035
2025-12-01,6278.57,6263.218357618417,1.3194256,6264.537783201303
2025-12-02,6104.38,6288.674938084088,1.4423004,6290.117238522969
2025-12-03,6150.15,6054.9084511057445,0.5265615,6055.435012604386
2025-12-04,6039.95,6171.502030552073,1.075486,6172.577516496821
2025-12-08,5942.97,6007.346479209628,0.58573616,6007.932215365138
2025-12-09,5932.46,5908.617328740914,0.39057243,5909.007901169617
2025-12-10,6026.87,5953.809184736465,0.7303742,5954.539558953498
2025-12-11,6087.23,6025.3214772244055,1.3629919,6026.68446915346
2025-12-12,6096.73,6105.187368528135,1.8684305,6107.055799023397
2025-12-15,6101.3,6097.0114854368585,1.8794528,6098.890938261451
2025-12-16,6060.15,6109.388823411202,1.850851,6111.239674470162
2025-12-17,6068.85,6050.879599069265,1.53062,6052.41021904817
2025-12-18,6077.42,6071.184949915966,1.5757954,6072.76074532803
2025-12-19,6076.44,6079.830932564925,1.6190802,6081.450012750815
2025-12-22,6062.58,6070.525961465993,1.6144139,6072.140375323453
2025-12-23,6025.59,6064.494300407908,1.5770626,6066.071363014719
2025-12-24,6020.15,6014.660056457522,1.3781979,6016.038254365923
2025-12-25,6026.64,6021.461352347554,1.4214425,6022.882794856251
2025-12-29,6046.63,6026.767283248122,1.4978346,6028.265117811377
2025-12-30,6051.72,6048.342915524294,1.6465154,6049.989430893709
2025-12-31,6124.04,6054.595395825992,1.6912081,6056.286603950152
2026-01-01,6152.85,6141.61036105395,2.0461354,6143.656496479518
2026-01-05,6195.95,6157.911568221659,2.0816362,6159.993204412073
2026-01-06,6237.35,6205.858201045593,2.1925235,6208.050724525055
2026-01-07,6379.11,6252.413580824657,2.2517986,6254.665379454418
2026-01-08,6363.85,6410.033227251933,2.7754803,6412.808707522318
2026-01-09,6463.86,6357.067700237692,2.3882504,6359.455950588645
2026-01-12,6509.79,6493.452808452684,2.704881,6496.157689405519
2026-01-13,6504.78,6525.324464605512,2.6048553,6527.929319904508
2026-01-14,6507.77,6491.509202073394,2.2758346,6493.785036633788
2026-01-15,6558.41,6526.034887235406,2.1539452,6528.188832443002
2026-01-19,6567.25,6562.281619562424,2.1790874,6564.46070696286
2026-01-20,6546.35,6568.493481331318,2.0935235,6570.587004833668
2026-01-21,6553.37,6542.734607877961,1.8671633,6544.601771178475
2026-01-22,6615.35,6558.498423628597,1.8285851,6560.327008776455
2026-01-23,6622.36,6629.0728209015515,2.0696685,6631.142489432969
2026-01-26,6651.64,6618.97462425964,1.9896963,6620.964320523907
2026-01-27,6662.2,6662.321888532963,2.072947,6664.3948355582625
2026-01-28,6685.31,6666.8780769910145,1.9908227,6668.868899663858
2026-01-29,6672.86,6687.759911821601,1.9945235,6689.754435346839
2026-01-30,6664.92,6673.297410588255,1.8374954,6675.13490603446
2026-02-02,6646.83,6661.2238532079855,1.7196289,6662.943482138077
2026-02-03,6606.93,6645.474079026294,1.6002135,6647.0742925539735
2026-02-04,6606.95,6594.574626998819,1.3820598,6595.956686811365
2026-02-06,6609.92,6610.061740326236,1.4572248,6611.518965172122
2026-02-09,6626.38,6608.047596494345,1.5062823,6609.553878823905
2026-02-10,6617.33,6628.072065185057,1.641849,6629.713914226042
2026-02-11,6611.16,6617.092551580563,1.6115577,6618.704109302655
2026-02-12,6609.87,6608.80066318291,1.5809647,6610.381627867397
2026-02-13,6607.05,6612.192454319531,1.5887487,6613.781203012997
2026-02-16,6623.69,6603.762326817807,1.5706664,6605.332993250187
2026-02-17,6715.91,6628.973392491066,1.6827805,6630.656172995293
2026-02-18,6715.7,6738.0038945201495,2.1385782,6740.142472696648
2026-02-19,6755.83,6709.925689803622,2.0026495,6711.9283393492915
2026-02-20,6731.31,6770.468219399392,2.1399662,6772.608185648858
2026-02-23,6728.09,6728.689342874374,1.8448974,6730.534240263786
2026-02-24,6743.19,6723.134912495204,1.738737,6724.873649482318
2026-02-25,6689.49,6754.407811822813,1.7907914,6756.198603215139
2026-02-26,6697.76,6666.598735431831,1.4267726,6668.025508026283
2026-02-27,6712.98,6708.3290849655605,1.5641696,6709.89325461087
2026-03-02,6652.48,6714.416357959288,1.6224593,6716.0388172517
2026-03-04,6313.24,6630.4985514260725,1.3179573,6631.816508708139
2026-03-05,6363.34,6238.217288902956,-0.37423298,6237.8430559253275
2026-03-06,6421.46,6391.935656983515,0.3574853,6392.293142277857
2026-03-09,6370.13,6420.757689264975,0.8866983,6421.644387570582
2026-03-10,6144.73,6330.340523441881,0.9086424,6331.249165853113
2026-03-11,6289.28,6121.352475238256,0.09337156,6121.445846800916
2026-03-12,6278.4,6324.192672234862,1.1145067,6325.307178956358
2026-03-13,6187.66,6263.136491030455,1.1558204,6264.292311400175
2026-03-16,6097.26,6153.182633457122,0.8890516,6154.071685073314
2026-03-17,5891.67,6105.455312451323,0.6936465,6106.148958941897
2026-03-18,5770.59,5822.601516822408,-0.29335558,5822.308161238263
2026-03-19,5803.72,5754.775459977557,-0.35468242,5754.420777561833
2026-03-20,5648.29,5809.100488367605,0.2952332,5809.395721557665
2026-03-23,5756.71,5588.430790817352,-0.13540228,5588.29538854024
2026-03-24,5702.24,5802.265102392357,1.0354395,5803.300541883629
2026-03-25,5927.87,5679.117920768872,0.8463702,5679.964290989056
2026-03-26,6137.44,5975.73044959917,2.2493448,5977.979794424915
2026-03-27,6043.03,6201.073090598271,3.176609,6204.249699637578
2026-03-30,6009.11,5986.763960376883,2.209419,5988.973379388953
2026-03-31,5916.25,6047.785313546407,2.0050027,6049.790316283453
2026-04-01,5905.39,5883.749492139964,1.1494644,5884.898956508784
2026-04-03,5888.48,5894.661109662567,1.1886863,5895.849795914207
2026-04-07,5902.34,5894.360228610882,1.2429531,5895.603181672939
2026-04-08,5842.55,5888.375743824504,1.38741,5889.763153869174
2026-04-09,6099.92,5839.574335126723,1.234968,5840.809303073729
2026-04-10,6101.07,6161.899926029404,2.6064243,6164.506350361069
2026-04-13,6161.16,6088.158006491964,2.3332393,6090.491245808905
2026-04-16,6187.75,6176.889962821715,2.5262105,6179.416173368209
