target,split,model,RMSE,MAE,MAPE_%,R2,Theil_U2,dir_acc_%,DM_vs_naive,DM_p_vs_naive,DM_vs_ARIMA,DM_p_vs_ARIMA
SPSL20,fixed 80/20,Naive (random walk),56.1624,37.058,0.788,0.9979,1.0,64.0,,,-0.24,0.8103
SPSL20,fixed 80/20,"ARIMA(2, 1, 0)",56.435,36.4231,0.7693,0.9979,1.0049,61.2,0.24,0.8103,,
SPSL20,fixed 80/20,LSTM (univariate),56.2062,36.1589,0.7618,0.9979,1.0008,63.0,0.031,0.9753,-0.348,0.7275
SPSL20,fixed 80/20,Hybrid ARIMA+LSTM,56.8149,36.4246,0.7676,0.9978,1.0116,61.5,0.446,0.6554,0.49,0.6243
SPSL20,fixed 80/20,Hybrid+MacroNews,57.9297,38.2485,0.8085,0.9977,1.0315,61.7,1.319,0.1873,1.612,0.1069
SPSL20,WF 2019,Naive (random walk),24.0135,16.101,0.5712,0.985,1.0,56.8,,,1.028,0.3037
SPSL20,WF 2019,"ARIMA(2, 1, 0)",23.5232,15.8564,0.5618,0.9856,0.9796,57.3,-1.028,0.3037,,
SPSL20,WF 2019,LSTM (univariate),23.3551,15.9258,0.5637,0.9858,0.9726,56.4,-1.549,0.1214,-0.702,0.483
SPSL20,WF 2019,Hybrid ARIMA+LSTM,23.5547,16.1859,0.5729,0.9856,0.9809,56.8,-0.891,0.373,0.146,0.884
SPSL20,WF 2019,Hybrid+MacroNews,24.0406,16.332,0.5775,0.985,1.0011,56.8,0.064,0.9493,1.928,0.0538
SPSL20,WF 2020,Naive (random walk),40.3966,25.4252,1.1242,0.9784,1.0,61.7,,,2.005,0.045
SPSL20,WF 2020,"ARIMA(2, 1, 0)",37.6214,24.2981,1.0713,0.9813,0.9313,62.2,-2.005,0.045,,
SPSL20,WF 2020,LSTM (univariate),39.4822,24.5679,1.0889,0.9794,0.9774,62.2,-2.42,0.0155,1.397,0.1623
SPSL20,WF 2020,Hybrid ARIMA+LSTM,38.4045,24.361,1.0746,0.9805,0.9507,61.7,-2.042,0.0412,1.212,0.2253
SPSL20,WF 2020,Hybrid+MacroNews,40.0139,25.8707,1.1375,0.9788,0.9905,60.3,-0.413,0.6799,2.394,0.0167
SPSL20,WF 2021,Naive (random walk),48.4586,33.7166,1.0523,0.9851,1.0,58.6,,,0.428,0.6685
SPSL20,WF 2021,"ARIMA(2, 1, 0)",47.7608,34.1453,1.0644,0.9855,0.9856,58.6,-0.428,0.6685,,
SPSL20,WF 2021,LSTM (univariate),48.9419,34.4054,1.075,0.9848,1.01,59.8,0.397,0.6915,1.402,0.161
SPSL20,WF 2021,Hybrid ARIMA+LSTM,47.8353,33.5993,1.049,0.9855,0.9871,59.4,-0.434,0.6645,0.077,0.9387
SPSL20,WF 2021,Hybrid+MacroNews,47.7946,34.2819,1.0727,0.9855,0.9863,59.8,-0.594,0.5525,0.026,0.9794
SPSL20,WF 2022,Naive (random walk),80.0183,56.0471,1.8823,0.9855,1.0,61.0,,,0.458,0.6473
SPSL20,WF 2022,"ARIMA(2, 1, 0)",78.8444,55.1139,1.8392,0.9859,0.9853,59.3,-0.458,0.6473,,
SPSL20,WF 2022,LSTM (univariate),79.6186,55.5814,1.8662,0.9856,0.995,59.3,-0.211,0.8331,0.554,0.5793
SPSL20,WF 2022,Hybrid ARIMA+LSTM,79.3325,56.0013,1.8687,0.9857,0.9914,60.6,-0.355,0.7226,0.235,0.8141
SPSL20,WF 2022,Hybrid+MacroNews,79.4604,56.1733,1.8657,0.9857,0.993,59.7,-0.206,0.8366,0.409,0.6827
SPSL20,WF 2023,Naive (random walk),37.2113,26.2299,0.9039,0.9792,1.0,59.9,,,0.19,0.8493
SPSL20,WF 2023,"ARIMA(2, 1, 0)",37.0993,26.0786,0.8983,0.9794,0.997,57.4,-0.19,0.8493,,
SPSL20,WF 2023,LSTM (univariate),37.2388,26.0005,0.8971,0.9792,1.0007,57.9,0.04,0.9683,0.386,0.6994
SPSL20,WF 2023,Hybrid ARIMA+LSTM,37.2891,26.0876,0.9003,0.9792,1.0021,57.4,0.114,0.909,0.588,0.5564
SPSL20,WF 2023,Hybrid+MacroNews,55.342,39.772,1.3911,0.9541,1.4872,56.2,6.0,0.0,5.729,0.0
SPSL20,WF 2024,Naive (random walk),35.0591,25.9047,0.7361,0.9916,1.0,69.6,,,3.985,0.0001
SPSL20,WF 2024,"ARIMA(2, 1, 0)",32.5261,23.9879,0.6831,0.9928,0.9278,65.4,-3.985,0.0001,,
SPSL20,WF 2024,LSTM (univariate),30.9827,23.1727,0.6608,0.9934,0.8837,67.9,-3.973,0.0001,-3.064,0.0022
SPSL20,WF 2024,Hybrid ARIMA+LSTM,31.6009,23.5371,0.6702,0.9932,0.9014,66.7,-3.471,0.0005,-1.811,0.0701
SPSL20,WF 2024,Hybrid+MacroNews,32.923,24.6859,0.7046,0.9926,0.9391,67.5,-2.5,0.0124,0.634,0.5264
SPSL20,WF 2025,Naive (random walk),58.9449,41.1445,0.7813,0.9909,1.0,60.9,,,-0.912,0.3619
SPSL20,WF 2025,"ARIMA(2, 1, 0)",61.3512,41.2151,0.7885,0.9902,1.0408,58.8,0.912,0.3619,,
SPSL20,WF 2025,LSTM (univariate),61.5712,41.8149,0.7994,0.9901,1.0446,59.2,1.006,0.3146,0.227,0.8202
SPSL20,WF 2025,Hybrid ARIMA+LSTM,62.9327,41.9929,0.803,0.9897,1.0677,60.1,1.265,0.206,0.947,0.3436
SPSL20,WF 2025,Hybrid+MacroNews,62.3663,42.9029,0.8177,0.9898,1.058,61.3,1.367,0.1717,1.052,0.2927
HNB,fixed 80/20,Naive (random walk),4.4506,2.8901,1.0174,0.9979,1.0,49.4,,,1.562,0.1183
HNB,fixed 80/20,"ARIMA(2, 1, 0)",4.4186,2.8798,1.0106,0.998,0.9928,51.2,-1.562,0.1183,,
HNB,fixed 80/20,LSTM (univariate),4.475,2.9254,1.0266,0.9979,1.0055,50.3,0.465,0.6419,1.079,0.2806
HNB,fixed 80/20,Hybrid ARIMA+LSTM,4.471,2.9372,1.0314,0.9979,1.0046,50.6,0.395,0.693,1.028,0.3041
HNB,fixed 80/20,Hybrid+MacroNews,4.4994,2.9731,1.0411,0.9979,1.011,50.0,1.839,0.0659,2.474,0.0134
HNB,WF 2019,Naive (random walk),2.3739,1.4563,0.9884,0.9822,1.0,38.9,,,-1.364,0.1726
HNB,WF 2019,"ARIMA(2, 1, 0)",2.3983,1.4713,0.9987,0.9819,1.0103,45.0,1.364,0.1726,,
HNB,WF 2019,LSTM (univariate),2.3944,1.607,1.0981,0.9819,1.0087,45.0,0.31,0.7563,-0.049,0.9607
HNB,WF 2019,Hybrid ARIMA+LSTM,2.3926,1.5982,1.0928,0.982,1.0079,47.2,0.272,0.7855,-0.071,0.9437
HNB,WF 2019,Hybrid+MacroNews,2.5932,1.8543,1.259,0.9788,1.0924,43.7,4.097,0.0,3.039,0.0024
HNB,WF 2020,Naive (random walk),2.5111,1.4854,1.3961,0.976,1.0,49.3,,,1.06,0.2893
HNB,WF 2020,"ARIMA(2, 1, 0)",2.4946,1.4864,1.3963,0.9763,0.9934,52.7,-1.06,0.2893,,
HNB,WF 2020,LSTM (univariate),2.554,1.5289,1.439,0.9752,1.0171,51.7,1.691,0.0909,1.757,0.0789
HNB,WF 2020,Hybrid ARIMA+LSTM,2.5682,1.5446,1.4536,0.9749,1.0227,52.2,2.141,0.0322,2.209,0.0272
HNB,WF 2020,Hybrid+MacroNews,2.7,1.6641,1.5643,0.9722,1.0752,49.3,3.443,0.0006,3.227,0.0012
HNB,WF 2021,Naive (random walk),2.1045,1.4161,1.1141,0.946,1.0,39.5,,,-1.81,0.0702
HNB,WF 2021,"ARIMA(2, 1, 0)",2.148,1.4424,1.1356,0.9437,1.0207,42.0,1.81,0.0702,,
HNB,WF 2021,LSTM (univariate),2.1309,1.4329,1.1282,0.9446,1.0125,42.4,0.884,0.377,-0.809,0.4188
HNB,WF 2021,Hybrid ARIMA+LSTM,2.1565,1.4611,1.1503,0.9433,1.0247,42.0,1.224,0.2209,0.271,0.7861
HNB,WF 2021,Hybrid+MacroNews,2.1522,1.5066,1.1873,0.9435,1.0227,42.4,1.217,0.2237,0.087,0.9306
HNB,WF 2022,Naive (random walk),2.335,1.467,1.6676,0.9891,1.0,39.4,,,-0.039,0.969
HNB,WF 2022,"ARIMA(2, 1, 0)",2.3358,1.4935,1.696,0.9891,1.0003,40.9,0.039,0.969,,
HNB,WF 2022,LSTM (univariate),2.3553,1.5008,1.7057,0.9889,1.0087,37.8,0.779,0.436,0.579,0.5624
HNB,WF 2022,Hybrid ARIMA+LSTM,2.3358,1.4895,1.6958,0.9891,1.0003,38.9,0.029,0.9766,-0.0,0.9998
HNB,WF 2022,Hybrid+MacroNews,2.4419,1.6091,1.8226,0.988,1.0458,42.0,2.005,0.045,2.066,0.0388
HNB,WF 2023,Naive (random walk),3.1527,2.0743,1.5507,0.9909,1.0,43.8,,,-0.775,0.4386
HNB,WF 2023,"ARIMA(2, 1, 0)",3.1674,2.1151,1.5863,0.9908,1.0047,44.6,0.775,0.4386,,
HNB,WF 2023,LSTM (univariate),3.1492,2.1059,1.5813,0.9909,0.9989,43.8,-0.196,0.8443,-0.949,0.3428
HNB,WF 2023,Hybrid ARIMA+LSTM,3.1537,2.1207,1.5903,0.9909,1.0003,45.0,0.045,0.9643,-0.717,0.4731
HNB,WF 2023,Hybrid+MacroNews,3.2941,2.2541,1.6759,0.9901,1.0449,43.8,2.137,0.0326,1.883,0.0597
HNB,WF 2024,Naive (random walk),3.4786,2.3763,1.1962,0.9884,1.0,49.6,,,2.283,0.0224
HNB,WF 2024,"ARIMA(2, 1, 0)",3.4034,2.352,1.1878,0.9889,0.9784,52.5,-2.283,0.0224,,
HNB,WF 2024,LSTM (univariate),3.3505,2.3494,1.1923,0.9892,0.9632,53.3,-2.174,0.0297,-1.47,0.1416
HNB,WF 2024,Hybrid ARIMA+LSTM,3.3243,2.3574,1.1991,0.9894,0.9557,52.9,-1.952,0.0509,-1.395,0.1629
HNB,WF 2024,Hybrid+MacroNews,3.4821,2.4122,1.2177,0.9884,1.001,51.2,0.097,0.923,1.968,0.049
HNB,WF 2025,Naive (random walk),5.2263,3.6051,1.0573,0.9824,1.0,48.7,,,-0.885,0.3762
HNB,WF 2025,"ARIMA(2, 1, 0)",5.3774,3.6723,1.0779,0.9813,1.0289,50.0,0.885,0.3762,,
HNB,WF 2025,LSTM (univariate),5.4771,3.7337,1.0956,0.9806,1.048,47.9,1.541,0.1233,0.978,0.3282
HNB,WF 2025,Hybrid ARIMA+LSTM,5.4712,3.7303,1.0955,0.9807,1.0469,47.9,1.615,0.1062,0.933,0.3511
HNB,WF 2025,Hybrid+MacroNews,5.3582,3.6912,1.0841,0.9815,1.0252,50.8,0.777,0.4373,-0.273,0.7846
