date,actual_ret_%,actual_class,pred_class_logit,pred_class_xgb,pred_class_persistence,pred_ret_ridge_%,pred_ret_xgb_%
2023-10-30,6.060606193069162,2,2,2,1,0.3236302169855101,1.7727727
2023-10-31,3.8167935809135134,2,0,0,1,0.07139866376463117,-1.4147111
2023-11-01,1.4925371940756715,1,2,2,2,0.7678285855103109,-0.020312121
2023-11-02,1.818181795473861,2,2,2,2,0.44593101930028883,1.7040894
2023-11-03,3.5493829359126927,2,0,1,0,-0.29387311075095246,-1.5464393
2023-11-06,0.5988025947153863,1,2,2,1,0.4400003973339023,-0.228971
2023-11-07,0.29940129735768206,1,2,2,1,0.5944802164828631,1.1347141
2023-11-08,-2.052786001731055,0,2,2,2,1.1139908268619245,3.3182898
2023-11-09,-1.033973450779746,1,2,2,2,0.9858329974454704,2.3329127
2023-11-10,-0.44910163754143806,1,2,2,1,0.4299741462837858,0.82416886
2023-11-13,-5.714285832042709,0,2,2,2,1.5245334497997438,-1.2501557
2023-11-14,-3.676470298554113,0,2,2,2,0.8919307731330043,2.443707
2023-11-15,-2.9411762388432905,0,2,2,1,0.5803679639588017,1.5911477
2023-11-16,-0.5952382923759103,1,0,0,2,0.35997754597341014,0.57514423
2023-11-17,1.3412811885668452,1,0,2,2,0.40640486915217955,1.1977937
2023-11-20,1.1904759714341795,1,0,2,1,0.3076698517109581,0.4029754
2023-11-21,1.4925371940756715,1,0,2,1,0.28198535467618724,1.0507307
2023-11-22,1.796407167155989,2,0,2,0,0.0808823179703893,0.41659707
2023-11-23,0.5970151236896593,1,0,2,1,0.17841420105431044,-0.34710407
2023-11-24,1.5037592773374797,1,0,0,1,0.08313271907669131,-1.3104804
2023-11-27,2.1212121987976618,2,0,0,0,-0.30146797894718114,-3.1618865
2023-11-28,2.9007633731886084,2,0,0,0,-0.2773807690471214,-3.607448
2023-11-29,2.1212121987976618,2,0,0,0,-0.11378154359864642,-2.8210483
2023-11-30,0.5988025947153863,1,0,0,1,0.28420685118032324,-1.0006633
2023-12-01,-1.7647058645264058,0,2,2,1,0.7135615810697095,4.0762258
2023-12-04,-3.088234808344581,0,1,2,1,0.6809550542713856,1.7274238
2023-12-05,-3.9705880436588625,0,1,2,1,0.6212888295334302,2.2781181
2023-12-06,-2.9411762388432905,0,2,2,2,0.5710686580880107,0.5299185
2023-12-07,-0.8902080090879338,1,0,2,1,0.27739918841064887,0.466277
2023-12-08,-2.2222220458290254,0,0,0,1,0.32655380755815366,0.77287513
2023-12-11,-2.077151409707445,0,1,2,2,0.3268613369643967,0.5965903
2023-12-12,-1.1869440121172414,1,1,1,2,0.386561978795014,0.714772
2023-12-13,0.8902073975902036,1,1,0,2,0.38732198823776093,0.52664274
2023-12-14,1.1904759714341795,1,1,2,1,0.2539102508560777,1.9967949
2023-12-15,2.3952097618713752,2,1,1,0,0.0319896519501108,-0.35660663
2023-12-18,2.5796660697420704,2,1,0,0,-0.3210990035856407,-0.8457908
2023-12-19,2.2970901666411914,2,1,1,0,-0.5539248834331534,-0.9189435
2023-12-20,0.7575756960750413,1,1,0,0,-0.28882776022129175,-0.28242463
2023-12-21,0.29940129735768206,1,1,0,1,0.137547271199496,-0.20714277
2023-12-22,0.9090905855024811,1,1,1,0,-0.1318847738268352,0.014216037
2023-12-27,0.0,1,1,1,0,-0.177612941551444,-0.047650944
2023-12-28,-1.5015013844230762,1,1,1,1,-0.002624116285576711,0.1234265
2023-12-29,-3.676470298554113,0,1,2,1,0.4824955159756253,3.3228462
2024-01-02,-5.294117593579228,0,1,0,1,0.5130970024789274,1.0249188
2024-01-03,-6.432748259637078,0,1,1,2,0.6502164923181187,1.7313809
2024-01-04,-5.9171598823652305,0,1,1,2,0.4221466193576816,0.8345575
2024-01-05,-4.790418906752536,0,1,1,2,0.13249692218362089,-2.1826656
2024-01-08,-4.360902152188162,0,1,1,1,-0.04587561950772015,-0.17931446
2024-01-09,-5.6716418296063225,0,1,1,1,0.11178942987616525,0.051645067
2024-01-10,-5.405405355228932,0,1,2,1,0.13756003871441197,-0.38993242
2024-01-11,-6.060606193069162,0,1,1,1,-0.044690995408789486,-0.28553793
2024-01-12,-5.487804820584463,0,1,1,1,-0.22318254247846345,-0.41066238
2024-01-16,-5.038168030194501,0,1,0,0,-0.3264490104099308,-0.5835813
2024-01-17,-1.863354017391805,0,1,0,0,-0.707888596035718,-1.4296453
2024-01-18,-0.6250002052697545,1,1,0,0,-0.873866915654504,-2.7087731
2024-01-19,1.257861402906113,1,1,0,0,-0.9192756680932348,-2.3413854
2024-01-22,0.6289310254699476,1,1,0,0,-0.8147980279199223,-1.0969447
2024-01-23,1.572326915641109,1,1,1,0,-0.7319086334449705,-0.48747256
2024-01-24,1.5822783551258102,2,1,0,0,-0.8623830533612451,-2.3696296
2024-01-26,3.4920640029668437,2,1,0,0,-0.8992249305298601,-1.9771454
2024-01-29,4.516129203808328,2,1,0,0,-1.2047192832419167,-1.6048168
2024-01-30,5.1612907085687,2,1,0,0,-1.1648167962301148,-1.3066162
2024-01-31,4.340835794474196,2,1,1,0,-1.0224662488483551,-1.2327946
2024-02-01,3.164557362386833,2,1,1,0,-0.41557654107035147,-0.31791446
2024-02-02,2.0440248607266787,2,1,1,1,-0.0939753422327542,-0.17823462
2024-02-06,-0.6211175791414947,1,1,2,1,0.3075973379685811,0.9168677
2024-02-07,-0.156250373309208,1,1,1,1,0.15812818121901806,0.674191
2024-02-08,-1.8575851175912539,0,1,2,1,0.34716759418786236,2.5944254
2024-02-09,-1.557632276758203,1,1,2,2,0.25497523552175727,0.96449107
2024-02-12,-3.0674850387528596,0,2,2,2,0.6719933645307842,2.7854018
2024-02-13,-2.160493905683103,0,1,1,2,0.7156434252655123,-0.16169128
2024-02-14,-4.907975809152132,0,1,0,2,0.8828851849585921,-0.20552588
2024-02-15,-2.7734973433378163,0,1,1,2,0.7760413105330083,1.165787
2024-02-16,-2.4539879045760604,0,1,1,2,0.76889929031717,0.098779835
2024-02-19,-3.852079819928389,0,1,1,2,0.60730151842445,-0.25632843
2024-02-20,-1.8749999718257193,0,1,0,1,0.15414263203620582,-0.21542834
2024-02-21,0.15649489717024512,1,1,0,1,0.12962032474446716,-0.7718845
2024-02-22,0.7886434695507427,1,1,1,0,-0.09328130484917255,-0.78927195
2024-02-26,2.373417532688693,2,1,1,1,-0.12104458129567333,-0.8590414
2024-02-27,5.696202469734013,2,1,1,0,-0.15884611978609534,-1.0591432
2024-02-28,5.047318335140272,2,1,1,0,-0.0587530457351155,-0.38749963
2024-02-29,7.096774558092656,2,1,1,0,-0.6511780568927744,-0.2987261
2024-03-01,5.546750732096006,2,1,0,0,-0.28550285065901326,-0.00042779278
2024-03-04,4.874213827307683,2,1,2,0,-0.08410614668254215,0.26584107
2024-03-05,6.410256545742743,2,1,2,0,-0.5230112650019019,0.50818735
2024-03-06,3.184713108264381,2,1,1,0,-0.31917633664264056,-0.049689908
2024-03-07,3.7499999436514386,2,1,0,1,0.17771296398641134,0.81027305
2024-03-11,2.402308996807667,2,1,0,1,0.2258319294036015,0.66187197
2024-03-12,7.88253518251576,2,2,2,2,0.5446899156827487,2.787801
2024-03-13,5.988024096183353,2,2,2,2,1.3731049006362568,4.043317
2024-03-14,7.957958451359848,2,2,2,2,1.2608007703277726,5.951967
2024-03-15,11.925528264674012,2,2,2,2,1.2791892962422837,4.147168
2024-03-18,13.428802127958694,2,2,2,2,1.1713618116688014,2.4094892
2024-03-19,16.625895382374935,2,2,2,2,1.106661246271738,3.5932446
2024-03-20,19.92020885500785,2,2,0,2,1.1418391243448007,0.20754741
2024-03-21,26.03200193109838,2,0,2,2,0.4490724578662463,1.0411664
2024-03-22,22.995086005136265,2,2,1,2,0.910671921344787,1.5705832
2024-03-25,25.43285155875086,2,2,2,2,0.6227760186935484,0.5525614
2024-03-26,19.34399998611209,2,2,2,2,2.1447884220923785,-0.9493069
2024-03-27,14.774567306067077,2,2,2,2,2.4036886378696,0.23804018
2024-03-28,11.598795909037584,2,2,2,2,2.6519086180793137,1.1697547
2024-04-01,6.593406593406592,2,2,2,2,3.300315419265171,-0.23450065
2024-04-02,3.7837837837837895,2,2,2,2,3.5024017004538295,2.0736425
2024-04-03,-0.2624671916010568,1,2,0,2,4.019375918407818,-2.0780294
2024-04-04,-2.3076923076922995,0,2,0,2,4.469273069762598,-4.4339395
2024-04-05,-5.500000000000005,0,2,0,2,5.1944803259024805,-3.7675633
2024-04-08,-1.5000000000000013,1,2,0,2,4.712458101884736,1.1767774
2024-04-09,-0.4975124378109541,1,2,0,2,4.704015820501453,1.4568764
2024-04-10,-0.2450980392156854,1,2,0,2,4.463650819320503,-0.7657876
2024-04-15,2.7638190954774045,2,2,2,2,3.3895896571270363,5.103105
2024-04-16,2.41730305580663,2,2,0,2,2.671123361833621,-0.6895275
2024-04-17,3.73711366219589,2,2,0,2,1.9578817737888772,-1.519589
2024-04-18,4.166666666666674,2,0,2,2,1.4532822273502377,1.1409812
2024-04-19,4.210526315789487,2,0,0,1,0.9436369566910829,1.1861187
2024-04-22,3.805774543128626,2,0,1,0,0.8013288687247937,0.4813145
2024-04-24,7.407407407407396,2,0,0,0,0.3555364702641258,-1.1671892
2024-04-25,3.5532994923857864,2,2,0,1,1.150976805388505,-0.59583974
2024-04-26,1.4999999999999902,1,2,0,1,1.3719043548999241,-1.2465054
2024-04-29,-1.7199017199017175,0,2,0,1,1.412907436540682,-1.0190306
2024-04-30,-4.645476772616142,0,2,2,2,1.483079441296522,0.042419508
2024-05-02,-2.111801487703169,0,2,2,2,0.8922257905475957,1.168644
2024-05-03,-2.8571431007409664,0,2,2,2,0.7284560930381127,2.2605605
2024-05-06,-2.500000000000002,0,0,2,2,0.5616458598196854,-0.5065885
2024-05-07,-1.1363638912424534,1,0,2,2,0.34742597733162245,-2.1007829
2024-05-08,0.1264219947924028,1,0,2,2,0.3256235700345596,-1.5862104
2024-05-09,-1.600985470275873,0,2,2,2,1.1344469229369314,0.9560298
2024-05-10,-3.9215686274509887,0,2,2,2,1.149982900592915,1.6429472
2024-05-13,-4.433497536945808,0,2,1,1,0.9183581368585275,1.8777477
2024-05-14,-2.500000000000002,0,0,2,0,0.3834230932176363,0.2734431
2024-05-15,1.0256410256410442,1,0,1,0,-0.3961324705131696,-1.1490986
2024-05-16,-0.5076142131979711,1,0,1,0,-0.11528698947734187,-0.33512044
2024-05-17,-0.2557544757033292,1,0,0,0,-0.2298142002172087,-2.1012087
2024-05-20,4.358974358974366,2,0,0,0,-0.23523226953873463,-2.6581755
2024-05-21,3.7037039710606123,2,0,1,1,-0.05704474939549589,-1.2512228
2024-05-22,4.040404040404022,2,2,0,1,0.22923544816973968,-0.93651766
2024-05-27,3.0037547009555743,2,1,2,0,0.27225117391556625,0.52597684
2024-05-28,4.591836734693877,2,1,1,0,-0.31723648511243496,1.2898581
2024-05-29,5.670103092783507,2,1,2,0,-0.6349717071464762,1.1285144
2024-05-30,4.871794871794877,2,0,1,0,-0.4329227147338496,0.65156394
2024-05-31,3.045685279187804,2,0,0,1,0.0984348233017821,0.24389997
2024-06-03,2.0408163265306145,2,1,1,1,-0.010463194979605323,-0.117826544
2024-06-04,2.564102564102577,2,1,0,1,-0.05236588181167398,-0.15104939
2024-06-05,-1.1056508576609114,1,2,2,2,1.0098981276749288,3.9319086
2024-06-06,0.9852216748768461,1,2,2,2,0.9864404429193391,5.9957895
2024-06-07,0.0,1,2,2,2,1.1930441463493275,2.1311164
2024-06-10,0.4860267326623591,1,2,2,2,1.0481135426341202,2.04929
2024-06-11,-0.9756097560975729,1,2,2,2,1.0159489548711533,3.9299483
2024-06-12,0.0,1,2,2,2,1.0450135214551415,1.6200541
2024-06-13,-1.3447430295060903,1,2,2,2,0.9353821117125537,0.19062085
2024-06-14,-0.49261083743841194,1,2,2,2,0.623753807845372,0.69415206
2024-06-18,-0.9999999999999898,1,0,2,2,0.27785251843915143,2.1070623
2024-06-19,0.0,1,0,2,2,0.30784959533985556,0.2524039
2024-06-20,-1.6149070790112963,0,1,1,1,0.32587684629820063,1.9415507
2024-06-24,-4.512195368126848,0,2,0,1,0.8104287679139266,2.4627037
2024-06-25,-5.339805825242716,0,1,0,1,0.8714475803928008,0.17088427
2024-06-26,-5.683192030965312,0,1,1,1,0.907214064851135,-0.0027467052
2024-06-27,-3.4482758620689613,0,1,2,1,0.33482728698919156,1.3663412
2024-06-28,-4.512195368126848,0,2,2,1,0.4142151516015021,1.3080224
2024-07-01,-2.850062200880754,0,0,0,1,-0.0055321207258116345,-0.49212188
2024-07-02,-2.351484898683154,0,0,0,1,0.017997452472175768,0.70379746
2024-07-03,-1.0101010101010166,1,0,1,1,-0.34669852314391536,0.01894259
2024-07-04,-2.9999999999999916,0,0,0,1,-0.13101183946371012,-1.1928504
2024-07-05,-3.0303030303030387,0,1,1,0,-0.3939269123220597,-0.23632136
2024-07-08,-3.959131297736973,0,1,1,0,-0.7340271596439243,-0.5127226
2024-07-09,-3.076923076923077,0,1,1,0,-0.8293021803791805,-0.9152115
2024-07-10,-3.076923076923077,0,1,2,0,-0.7989148080385111,-0.2850887
2024-07-11,-3.316326530612246,0,1,1,0,-0.49756351745699035,-0.08548692
2024-07-12,-2.426564243977447,0,1,2,0,-0.5104217555179585,1.4001964
2024-07-15,-3.826530612244894,0,1,1,0,-0.3446420105635817,0.22592151
2024-07-16,-4.562738142607737,0,1,1,0,-0.19294499103349652,0.5673353
2024-07-17,-3.316326530612246,0,1,1,1,-0.1941875210942514,-0.04615676
2024-07-18,-2.4484538683814616,0,1,0,0,-0.5188788440368264,-0.15324616
2024-07-19,-3.125,0,1,0,0,-0.7061241101523548,-0.80272156
2024-07-22,-3.4574468085106336,0,1,1,0,-1.1188017418581349,0.84047085
2024-07-23,-3.1746031746031744,0,1,0,0,-0.8993184672837491,0.09522675
2024-07-24,-2.645502645502651,0,1,1,0,-0.7273071821049958,-0.36151975
2024-07-25,-5.013192612137196,0,1,1,0,-0.5870284353734687,0.122206666
2024-07-26,-5.497382198952893,0,1,1,0,-0.2945475060535566,-0.025720265
2024-07-29,-4.641909546599443,0,1,1,0,-0.5749596526894866,0.13234787
2024-07-30,-4.515271720301028,0,1,0,0,-0.6562236591592234,0.34546694
2024-07-31,-5.013192612137196,0,1,1,0,-0.45826593412548244,0.33368355
2024-08-01,-3.830911236286949,0,1,1,0,-0.3753721156196289,0.88228756
2024-08-02,-0.8064516129032362,1,1,1,0,-0.6936945312151871,-0.40593165
2024-08-05,1.9283746556473913,2,1,1,0,-1.118738469345952,-2.3946636
2024-08-06,0.6830598335191063,1,1,2,0,-0.928373816285478,0.9756394
2024-08-07,-1.0869565217391242,1,1,1,0,-0.6604917328858044,-0.50054574
2024-08-08,0.0,1,1,1,0,-1.0810182217390167,0.8336892
2024-08-09,-3.0470914127423754,0,1,2,0,-1.0104806648780025,0.10525652
2024-08-12,-2.781641160479653,0,1,2,0,-0.9293958475631257,-0.08272594
2024-08-13,-3.8942976246715055,0,1,1,0,-0.8577743503271162,-0.46096832
2024-08-14,-3.8888888888889084,0,1,1,0,-0.767186861400079,0.57792836
2024-08-15,-7.692307692307687,0,1,1,0,-0.4333672965221026,0.4080249
2024-08-16,-10.569105691056901,0,1,0,1,0.07074941709872956,-1.7446446
2024-08-20,-11.351351351351347,0,1,0,2,0.3499692795446817,-0.92922205
2024-08-21,-8.819538420542006,0,1,0,1,0.175875067416829,1.2577553
2024-08-22,-9.890109890109889,0,1,2,1,-0.20440621434940695,-0.38378397
2024-08-23,-8.888888888888891,0,1,0,1,-0.31683380276091744,-0.5525747
2024-08-26,-9.142857142857153,0,0,2,0,-0.9885423635435928,2.540914
2024-08-27,-10.157367927553562,0,0,2,0,-0.9393523794511554,2.7319653
2024-08-28,-8.827786083999845,0,0,2,0,-1.0475283670175715,-2.0376077
2024-08-29,-10.404624277456643,0,1,1,0,-0.8809509047739958,-0.77693963
2024-08-30,-4.910714586107168,0,1,2,0,-1.4736869015441751,-6.0060687
2024-09-02,-0.60606060606061,1,1,2,0,-1.90439548031483,0.08905482
2024-09-03,0.3048780487804992,1,1,2,0,-2.0062756714426695,-3.7231612
2024-09-04,1.0416663662737857,1,1,1,0,-1.3597915955939812,-6.426359
2024-09-05,6.249999692280461,2,1,1,0,-1.6700865287058735,-6.4132257
2024-09-06,7.7743899361828905,2,1,2,0,-1.6145628294373888,-1.437118
2024-09-09,21.383647798742157,2,0,0,0,-2.077771227195677,-11.289295
2024-09-10,28.503185034815303,2,0,0,0,-2.359325406980038,-6.7174554
2024-09-11,30.15873015873016,2,0,0,0,-2.110156193207722,-7.15051
2024-09-12,32.41935516429682,2,0,0,0,-2.2982213333283554,-10.791227
2024-09-13,33.959311847285825,2,0,1,0,-1.295069961568015,1.0386314
2024-09-18,30.945121643499984,2,2,1,1,-0.2953828522260469,-0.19457304
2024-09-19,29.483282674772028,2,2,0,1,-0.03329222302860693,-1.6808138
2024-09-20,26.067747061097823,2,2,1,1,0.6316659091371242,1.6619946
2024-09-23,25.68149247303544,2,2,0,2,1.5349806248069275,0.84562683
2024-09-24,21.357850417224643,2,2,2,2,1.869680213599567,1.3816792
2024-09-25,10.880829015544036,2,2,0,2,4.458502692194274,0.80105776
2024-09-26,5.080544966394296,2,2,0,2,5.946040425647621,-0.53543174
2024-09-27,5.853658536585349,2,2,0,2,6.160524453234007,-3.0938194
2024-09-30,5.2375149665814025,2,2,0,2,6.050554434635761,-3.2016912
2024-10-01,-0.4672897196261738,1,2,2,2,6.673590195115682,-1.579045
2024-10-02,-0.5820719433189625,1,2,0,2,6.230911271343219,-5.531337
2024-10-03,1.1737089201877993,1,2,0,2,5.639172376637428,-4.0472407
2024-10-04,0.4672897196261738,1,2,0,2,5.268557227058746,-3.139691
2024-10-07,-1.4840180344018128,1,2,0,2,5.483777020462991,-4.4604917
2024-10-08,0.9324009324009452,1,2,0,2,4.543436434825469,-0.19193
2024-10-09,2.8037383177570208,2,2,2,2,3.621410867865529,5.414329
2024-10-10,3.4198115588019107,2,2,0,2,2.7938228955290403,-0.036961474
2024-10-11,0.8064518454654612,1,2,0,2,2.985765658225699,0.8432191
2024-10-14,6.944444444444442,2,2,0,2,2.6009731588050484,-0.55753005
2024-10-15,7.511737089201875,2,2,0,1,1.719831699589612,-2.107506
2024-10-16,8.665105386416872,2,0,1,1,1.4396498076053672,0.1346211
2024-10-18,7.1925754060324865,2,0,1,1,1.4693358919830697,-0.9540883
2024-10-21,6.511627906976747,2,0,1,1,1.1634595478405154,0.6019117
2024-10-22,5.214368235932865,2,0,1,1,0.9154582805290074,0.17903666
2024-10-23,4.618937644341803,2,0,1,1,0.9666353393363987,0.6596046
2024-10-24,2.954545454545454,2,2,2,2,1.0821083571120669,2.472544
2024-10-25,4.903078435847696,2,2,2,2,0.9593277690173514,3.253502
2024-10-28,6.057142612467192,2,1,2,1,0.6690208483413954,1.8739611
2024-10-29,1.7316017316017174,2,2,2,2,1.9265274689342708,0.25484848
2024-10-30,2.183406113537112,2,2,2,2,1.812758016749523,2.5888395
2024-11-01,1.5086206896551824,1,2,2,2,1.9867904495823772,0.7638599
2024-11-04,-0.43290043290044045,1,2,2,2,1.6999500116695074,1.5066648
2024-11-05,-0.21834061135371785,1,2,2,2,1.3321292695921372,1.0542717
2024-11-06,1.3215859030836885,1,2,2,2,0.9848625486260284,0.082913876
2024-11-07,0.44150110375276164,1,2,2,2,0.8625956864097201,0.86713785
2024-11-08,-1.9867549668874163,0,2,2,2,0.7556383495942753,1.2814064
2024-11-11,-1.6304345631912964,0,2,2,2,1.1710640534972852,1.7091266
2024-11-12,-0.9698273686810199,1,2,2,2,1.4396395195788814,0.5461948
2024-11-13,-0.8510638297872242,1,2,2,2,1.4787233787649938,6.2084475
2024-11-14,-0.8547008547008628,1,2,1,2,1.3051440947051793,0.8798599
2024-11-18,-1.0615711252653925,1,2,2,1,1.2139755887252686,1.7938554
2024-11-19,2.1739130434782483,2,0,0,1,0.49879800298248755,-0.065253645
2024-11-20,4.37636761487965,2,0,0,1,0.2442191013901048,0.70622545
2024-11-21,4.7826086956521685,2,0,2,1,0.4318515690289528,1.5063426
2024-11-22,5.494505494505497,2,0,1,1,0.1902672331545628,-1.3856196
2024-11-25,9.23423423423424,2,0,0,0,-0.43134021863280647,-2.5067332
2024-11-26,7.8453036268498755,2,0,0,0,-0.0931709512675871,-1.9386376
2024-11-27,5.549510105477173,2,0,0,1,0.2761507833300266,-2.3852968
2024-11-28,6.5450645942746855,2,2,2,1,0.49281429484957917,1.1746017
2024-11-29,11.53017263131899,2,1,2,1,0.4007361647524096,0.76931155
2024-12-02,17.59656652360515,2,1,2,1,0.3678782596846987,1.530191
2024-12-03,15.319148936170235,2,2,2,2,0.6880580423266109,4.434235
2024-12-04,15.094339622641506,2,2,2,2,1.06671951958367,3.7599967
2024-12-05,12.863070539419086,2,2,2,2,1.252892990289171,6.4643807
2024-12-06,13.22916645639165,2,2,2,2,1.1715694765618272,3.5901058
2024-12-09,16.08247422680411,2,2,1,2,1.5925581086751848,1.5855075
2024-12-10,16.49590143251638,2,2,1,2,1.5927579765574247,2.7093112
2024-12-11,21.03092783505156,2,2,0,2,1.2755131246646498,1.1948085
2024-12-12,21.953675685481812,2,2,2,2,1.7306074270734197,3.6351712
2024-12-13,22.31884034114231,2,2,2,2,2.8630111731116137,2.598155
2024-12-16,17.15328467153285,2,2,0,2,4.397975503676004,-0.46629164
2024-12-17,19.926199261992615,2,2,0,2,3.8539064065670563,5.144756
2024-12-18,16.93989071038253,2,2,0,2,3.726485285889336,2.8715084
2024-12-19,17.64705882352939,2,2,2,2,3.089229553241051,2.57032
2024-12-20,15.823367094702556,2,2,2,2,2.789374030354249,-0.6611191
2024-12-23,11.45648294683481,2,2,0,2,3.46194702047035,3.7032073
2024-12-24,9.058927194503719,2,2,0,2,3.623434029013208,1.0266496
2024-12-26,10.051107325383303,2,2,0,2,4.423694233769859,-1.4904866
2024-12-27,7.679603453867578,2,2,0,2,4.977651586443811,-4.0203757
2024-12-30,3.633491311216419,2,2,0,2,5.664587129425027,-1.7091094
2024-12-31,2.180685358255441,2,2,0,2,5.3039535644298885,-2.3312309
2025-01-02,1.5384615384615552,1,2,0,2,5.303794135300456,-6.095161
2025-01-03,4.5950154191090276,2,2,2,2,4.376697101155979,8.949588
2025-01-06,9.375,2,2,2,2,3.954600248977435,5.3628407
2025-01-07,15.011914402039439,2,2,0,2,3.195189172758815,0.56436825
2025-01-08,10.916334839761088,2,2,0,2,2.6365436756976157,-1.8003904
2025-01-09,12.903225806451623,2,2,0,2,2.0988815719574756,-0.18824251
2025-01-10,11.300309597523217,2,2,2,2,2.8002913860228777,3.5880094
2025-01-15,9.125767025969346,2,2,2,2,2.7675030281862156,2.0019512
2025-01-16,7.469512195121952,2,2,2,2,2.4297655152729845,2.2276175
2025-01-17,6.631097407115827,2,2,1,2,2.0339557203866785,2.0070024
2025-01-20,3.6363636363636376,2,2,2,1,1.7965395878718746,3.6811724
2025-01-21,-0.6701413250102428,1,2,2,2,2.075678705993289,1.9117012
2025-01-22,-4.571428571428571,0,2,2,2,2.9733162047250286,1.316199
2025-01-23,-6.906077348066287,0,2,2,2,3.849938223340191,7.505246
2025-01-24,-3.735632183908044,0,2,2,2,2.5001231551846117,6.0413475
2025-01-27,-5.999999999999995,0,2,2,2,2.3577532295533326,1.4404022
2025-01-28,-8.6230876216968,0,2,0,2,2.5924746462332986,-3.3384266
2025-01-29,-7.23822922505456,0,2,0,2,2.1143754514775823,1.9529146
2025-01-30,-5.390070921985823,0,2,0,2,1.6876445151747603,1.6440029
2025-01-31,-2.2158683363895815,0,2,0,2,1.421429150859433,-0.8609718
2025-02-03,-0.8771929824561431,1,0,2,2,0.7293589481563756,0.75254107
2025-02-05,0.4497751124437732,1,0,0,1,-0.07136824905143077,-0.8910979
2025-02-06,-0.14970059880239361,1,0,0,0,-0.25151497476692775,-2.3259761
2025-02-07,-2.9673590504451064,0,0,0,0,-0.17978458516518994,0.25878403
2025-02-10,-4.850746118011928,0,0,1,0,-0.01323912321388962,-1.4909365
2025-02-11,-2.963525682474155,0,0,0,0,-0.5453571744182383,-4.8590612
2025-02-13,-0.7610350076103556,1,0,0,0,-0.8070437548044047,-3.9790902
2025-02-14,-4.242424242424237,0,0,0,0,-0.6981036825443984,-4.5910416
2025-02-17,-7.271364469163421,0,0,0,0,-0.4182610800812142,-1.5973798
2025-02-18,-8.187134502923977,0,0,0,0,0.20975616410198936,-1.3870956
2025-02-19,-7.964601769911495,0,0,0,1,0.14768397998745753,-7.3615813
2025-02-20,-5.970149253731338,0,0,1,1,-0.06067013412078068,-1.5183432
2025-02-21,-6.596701649175419,0,0,0,1,-0.2660324501763496,-1.7451972
2025-02-24,-7.339449541284404,0,0,0,0,-0.7959470928846313,-0.113275245
2025-02-25,-2.901960938043935,0,0,0,0,-1.3784163558105544,-2.792862
2025-02-27,-3.680501326886776,0,0,0,0,-1.1155317676451542,-1.0745542
2025-02-28,-6.441717791411039,0,0,0,1,-0.41866920224788473,-2.0672908
2025-03-03,-5.063291139240511,0,0,0,0,-0.9874854459102489,-5.4889445
2025-03-04,-1.9401775264256238,0,0,2,0,-1.5033965359052335,-10.875947
2025-03-05,-1.4331210191082966,1,0,0,0,-1.2012348663002823,-5.2216744
2025-03-06,1.2019229151730704,1,0,0,0,-1.1953855485454274,-5.487875
2025-03-07,0.5555557157650881,1,0,0,0,-0.8664714823951762,-2.1199906
2025-03-10,1.1235955056179803,1,0,0,0,-1.0131742000693895,-0.7612475
2025-03-11,2.970297029702973,2,0,2,0,-1.5428559984373487,-3.5755277
2025-03-12,2.1001615508885463,2,0,2,0,-0.8757952880761919,-0.24208513
2025-03-14,-0.6504065040650486,1,0,0,0,-0.9013119591108762,-1.5623462
2025-03-17,1.3114754098360715,1,0,0,0,-1.156761104093012,-4.4007883
2025-03-18,2.833333333333332,2,0,0,0,-1.2599427691944605,-2.3193612
2025-03-19,-1.7312450110216426,0,0,0,0,-0.797992733501812,-2.2361915
2025-03-20,-5.331179321486257,0,0,0,1,-0.2607579849837355,-1.6740797
2025-03-21,-14.568487750917292,0,2,2,1,0.4363412260756999,2.1152685
2025-03-24,-11.602210085590613,0,2,2,1,0.5343622522485106,2.3406644
2025-03-25,-12.619047458838084,0,2,2,1,0.4549013038636798,2.0423906
2025-03-26,-3.8461538461538436,0,0,0,2,0.376754884411624,-0.988712
2025-03-27,-5.063291139240511,0,0,2,2,0.5121379147625664,1.7414265
2025-03-28,-1.1456628477904962,1,0,2,1,-0.2520779635398136,1.8281162
2025-04-01,-2.9126213592232997,0,0,2,1,0.08185413094750654,-1.6212041
2025-04-02,-3.0794165316045397,0,0,0,2,0.2793249854626205,-2.4826777
2025-04-03,0.08389278679867829,1,0,2,0,-0.617007540190881,1.0149052
2025-04-04,1.5358361774743923,1,0,2,0,-1.127965896255163,1.519897
2025-04-07,10.194625045697236,2,0,0,0,-3.053538728112612,-13.867365
2025-04-08,6.428571428571428,2,0,0,0,-2.296321008309801,-10.077851
2025-04-09,7.538601074403495,2,0,0,0,-2.2804951825584743,-11.267902
2025-04-10,-0.666666666666671,1,2,2,0,-0.1224603303624219,-1.1295823
2025-04-11,-1.8333333333333313,0,2,2,0,0.0972309669141149,4.817823
2025-04-16,-2.7317882465761834,0,2,0,1,0.3569050299484691,0.7490113
2025-04-17,-2.3333333333333317,0,0,0,0,-0.08119362924192516,-2.1913233
2025-04-21,-2.006688963210701,0,0,0,0,-0.37118521283273265,1.1794429
2025-04-22,-1.7602683975780908,0,0,0,1,-0.30156459885859954,-0.58946717
2025-04-23,-1.4285715982050529,1,0,0,1,-0.2002660110757121,-3.2732387
2025-04-24,-0.4205216156561331,1,0,0,2,0.6290626893456853,-3.23324
2025-04-25,2.0134228187919323,2,0,0,2,0.6074208337511764,-4.36905
2025-04-28,2.3648648648648685,2,0,0,2,0.7096521758618991,-5.829514
2025-04-29,2.348993288590595,2,0,2,1,0.7037665693650017,1.5263278
2025-04-30,4.923599320882843,2,0,0,0,0.4775802121559921,-3.4907157
2025-05-02,4.765957454996395,2,0,0,0,0.3638681189961578,-2.3314202
2025-05-05,4.180887544252565,2,0,0,0,0.39617687327327133,-2.028194
2025-05-06,3.583617747440271,2,0,0,0,0.4750645336068738,-1.731314
2025-05-07,3.754266211604085,2,0,0,0,0.5041401714660922,-0.48612785
2025-05-08,2.9838023937657665,2,0,2,1,0.547778789669796,-0.13561872
2025-05-09,7.939189189189189,2,0,2,1,0.554341995067907,-0.15149939
2025-05-14,4.2763157894736725,2,2,1,2,1.0837813423687752,0.18728568
2025-05-15,3.630363036303641,2,2,2,2,0.9771436841197207,5.7785864
2025-05-16,2.2950819672131084,2,1,1,2,0.7591769156835754,0.6271657
2025-05-19,2.184465856097062,2,1,2,2,1.1375725585715002,1.5254724
2025-05-20,3.8180342888474827,2,1,2,2,1.0108823857594078,3.131834
2025-05-21,5.323505149377339,2,2,1,2,0.7509767417446005,1.2490537
2025-05-22,6.754530477759491,2,1,1,2,0.5706526813777839,0.1897828
2025-05-23,7.5657894736842035,2,2,1,2,0.603869753290768,0.87674296
2025-05-26,10.016556458496684,2,1,1,2,0.46195149178493367,1.7917295
2025-05-27,5.790297339593131,2,2,2,2,1.8652748991841686,4.7753
2025-05-28,5.6782334384858135,2,2,2,2,1.5912765632804164,5.426885
2025-05-29,4.299363057324834,2,2,2,2,1.2053998907444294,3.1610227
2025-05-30,3.5256410256410353,2,2,1,2,0.8563803598809763,2.1357973
2025-06-02,1.6627080009662842,2,2,1,2,0.9332289778641933,0.7983424
2025-06-03,-0.46948356807512415,1,2,2,2,1.2066683421490243,2.6290905
2025-06-04,-2.021772939346811,0,2,2,2,1.4084367256886086,0.87896484
2025-06-05,-1.2345679012345734,1,2,2,2,1.5838509989653784,3.747304
2025-06-06,-2.752293577981657,0,2,2,2,1.7131291227995864,1.1885844
2025-06-09,-2.7840483041715713,0,2,2,2,2.0775680998217543,1.3841978
2025-06-11,-2.9585798816568087,0,2,2,2,2.149647490946202,2.187979
2025-06-12,-1.0447761194029903,1,2,2,2,1.838830543264115,3.658909
2025-06-13,2.2900763358778553,2,2,2,2,1.1253261462688935,1.2360846
2025-06-16,4.334365325077405,2,0,2,2,0.6739495926977137,2.329369
2025-06-17,4.049844236760114,2,0,2,2,0.401087063572378,2.658386
2025-06-18,5.188679245283034,2,0,2,1,0.126330151806862,0.5704775
2025-06-19,5.952381112590488,2,0,0,0,-0.10715228862198542,0.40674785
2025-06-20,4.6875,2,0,0,1,0.23943799282054418,-1.4216055
2025-06-23,4.716981132075482,2,0,0,0,0.06506115449058616,-1.5962205
2025-06-24,2.3993806487120573,2,0,0,0,0.2702749037700979,-0.12606363
2025-06-25,1.8292682926829285,2,1,2,0,0.4406433336175989,4.723028
2025-06-26,4.675716440422328,2,1,1,1,0.6794041968281359,6.5221257
2025-06-27,7.014925373134329,2,2,1,2,1.001914710516904,2.529486
2025-06-30,7.344213799602373,2,2,1,2,1.1458513081189499,0.32485336
2025-07-01,7.634730538922163,2,2,2,2,0.8376093964918839,4.798096
2025-07-02,7.623318385650224,2,2,2,2,0.847498794428007,2.9718823
2025-07-03,6.966291973088801,2,2,2,2,0.8474891494552262,2.5414817
2025-07-04,6.567164179104479,2,2,0,2,0.8384337833959113,0.6566933
2025-07-07,7.507507507507505,2,2,0,2,0.7664877321878181,0.3450018
2025-07-08,7.936508101198014,2,1,0,2,0.5088597240546809,0.009764763
2025-07-09,8.383233532934131,2,1,0,2,0.6870018361284334,0.48638722
2025-07-11,4.394812825550454,2,2,0,2,1.613840458086563,4.061725
2025-07-14,1.115760111576014,1,2,2,2,2.4076916153253647,2.9900584
2025-07-15,0.06910836074394133,1,2,2,2,2.496997262170971,3.0952811
2025-07-16,0.5563282336578546,1,2,2,2,2.168763438818485,5.8741283
2025-07-17,0.5555555555555536,1,2,2,2,1.9135648148826687,9.248067
2025-07-18,4.761904761904767,2,2,2,2,1.4929275919768021,5.800266
2025-07-21,4.341736694677878,2,2,2,2,1.334320824738224,3.530897
2025-07-22,4.469273743016755,2,2,2,2,1.400099687582735,3.2898428
2025-07-23,4.90196078431373,2,2,1,2,1.3589494168877285,2.0054476
2025-07-24,3.5911602209944826,2,2,2,2,1.6223299707470766,1.8753088
2025-07-25,4.209799716796359,2,2,2,2,1.4166706411514267,0.9294066
2025-07-28,4.27586206896553,2,1,0,1,1.1940463896524938,0.13853286
2025-07-29,4.765193230756903,2,1,2,1,1.0045389808969274,0.8287843
2025-07-30,4.564315352697101,2,1,2,1,0.8943695404940039,1.3022784
2025-07-31,4.972375690607733,2,1,1,1,0.8210822709850462,0.71055037
2025-08-01,3.074866310160429,2,2,0,2,1.5940233401995199,3.0858915
2025-08-04,7.38255033557047,2,2,0,2,1.4655562409338014,2.797511
2025-08-05,8.55614973262031,2,2,0,2,1.3816525494539762,0.8394497
2025-08-06,7.877169559412556,2,2,2,2,1.2823508319798633,2.3947532
2025-08-07,7.666666532090671,2,2,1,2,1.0688677798963466,1.7152969
2025-08-11,5.496688875406641,2,2,2,2,1.091773393826699,2.1136234
2025-08-12,5.753968387476216,2,2,0,2,1.0568923369267538,-0.030807192
2025-08-13,5.471325123868587,2,2,0,2,1.1161282923780214,-0.20063084
2025-08-14,5.820105820105814,2,1,1,2,1.001853182869961,0.53530496
2025-08-15,5.13157894736842,2,2,1,2,1.0808610477850353,-0.17643186
2025-08-18,4.280155642023353,2,1,2,2,1.2542877071173875,0.9062233
2025-08-19,-0.5624998738349873,1,2,1,2,2.1651374531590744,1.1485915
2025-08-20,-2.709359605911321,0,2,1,2,2.4883272402455643,-3.1109369
2025-08-21,-2.5990099009901013,0,2,1,2,2.1659515677502537,-2.4548392
2025-08-22,-3.900928672452353,0,2,1,2,1.9168875960686793,-0.3177337
2025-08-25,-3.3270559919321374,0,2,2,2,1.3200954578561683,2.9850848
2025-08-26,-1.188242776401116,1,2,0,2,1.2602435509286227,-0.3315339
2025-08-27,-3.749999999999998,0,2,0,2,1.2200986373880205,1.1305126
2025-08-28,-4.0000000000000036,0,2,0,2,1.212732946087353,1.0302832
2025-08-29,-4.881101376720897,0,2,2,2,1.1022694526064192,1.9508456
2025-09-01,-4.228855721393043,0,2,1,2,1.100699276064138,-0.049816642
2025-09-02,-3.456945439903014,0,1,0,1,0.6117230389835396,0.75665104
2025-09-03,-2.5316455696202556,0,1,0,0,0.26649021368241843,-0.4945498
2025-09-04,-1.1435832274459878,1,1,0,0,0.1303009894823038,-0.073708504
2025-09-08,0.0,1,1,1,0,-0.2634814515586067,0.18817183
2025-09-09,1.298701298701288,1,1,0,0,-0.3916096025873401,-0.18898432
2025-09-10,-1.518987341772149,1,1,0,1,0.17442598687695962,-0.65060866
2025-09-11,2.0779220779220786,2,1,1,0,-0.4068262987052448,-3.4675395
2025-09-12,2.083333333333326,2,0,1,0,-0.5652241650988127,-2.0040371
2025-09-15,3.289473684210531,2,0,1,0,-0.8209516634308913,-1.8344663
2025-09-16,2.0779220779220786,2,0,0,0,-0.5934055435295911,-1.4380021
2025-09-17,1.432291666666674,1,1,1,0,-0.5598705313330664,0.93790776
2025-09-18,1.8181818181818077,2,1,1,0,-0.40798631031816024,-0.10844196
2025-09-19,0.25706940874035134,1,1,1,1,-0.09408917512027873,-0.40685338
2025-09-22,0.5154639175257714,1,1,1,1,-0.01790376119297274,0.46154597
2025-09-23,0.0,1,1,1,1,0.14628962091683737,0.2276563
2025-09-24,0.25706940874035134,1,1,1,1,-0.03169589847650425,0.8389056
2025-09-25,0.8905852417302906,1,1,0,2,0.43679634845479465,-0.28225458
2025-09-26,0.7653061224489832,1,1,2,2,0.433318081034479,1.2370976
2025-09-29,1.146496815286624,1,1,2,2,0.5694872814809518,0.62895286
2025-09-30,0.0,1,1,2,2,0.5579471856907259,0.65190834
2025-10-01,1.283697047496779,1,1,2,1,0.3549432760558408,-0.0759754
2025-10-02,1.0204081632653184,1,1,2,2,0.4934350848334789,0.56232464
2025-10-03,2.3076923076923217,2,1,2,1,0.3465523764928886,0.36627674
2025-10-07,2.4358974358974494,2,1,2,1,0.3463340598240785,1.0572082
2025-10-08,1.7948717948717885,2,1,2,1,0.31609242210343147,0.66507894
2025-10-09,2.4358974358974494,2,1,1,1,0.3211032375697048,1.1065978
2025-10-10,0.6305170239596425,1,1,0,1,0.6070156069003035,-0.04562046
2025-10-13,0.6329113924050445,1,1,2,1,0.5367337494355322,0.999832
2025-10-14,-0.25188916876572875,1,1,2,1,0.5646002197694304,0.99351317
2025-10-15,0.8905852417302906,1,1,1,1,0.2478490816170265,1.1561682
2025-10-16,0.12674271229404788,1,1,2,1,0.3336230498611783,0.982019
2025-10-17,-0.12626262626262985,1,1,1,1,0.3758176294163724,0.82716995
2025-10-21,-0.7518796992481147,1,1,2,2,0.6035054483675314,1.4250709
2025-10-22,0.06257834910139426,1,1,2,2,0.6359794438754137,1.3497815
2025-10-23,2.518891687657443,2,1,2,2,0.4503217024744963,1.0266788
2025-10-24,6.007509386733423,2,1,2,2,0.5582147076821209,1.145751
2025-10-27,7.14285714285714,2,1,2,1,0.43058283990687524,1.7834213
2025-10-28,7.798742138364778,2,1,1,1,0.33640214558274645,3.2783315
2025-10-29,6.060606060606055,2,1,1,1,0.1959249476607614,1.3606435
2025-10-30,4.161412358133654,2,1,1,1,0.30354987866603395,2.1930354
2025-10-31,5.126582150718972,2,1,1,1,0.177836996254232,1.8595961
2025-11-03,4.614412264136547,2,1,1,1,0.18388518922811395,0.90032995
2025-11-04,4.292929292929282,2,1,2,1,0.17561690529469862,1.9235301
2025-11-06,3.502188863621236,2,1,2,1,0.37732518859969083,2.6201122
2025-11-07,0.7371007371007376,1,1,2,2,0.8569484298208855,1.6779299
2025-11-10,-5.548996458087374,0,2,0,2,1.7987884770320448,3.393718
2025-11-11,-5.4970760233918,0,2,0,2,2.028333946169784,2.4278545
2025-11-12,-4.900816802800467,0,2,0,2,1.954735788628724,4.001411
2025-11-13,-3.809523809523796,0,2,1,2,1.2748020772556437,5.26853
2025-11-14,-1.937046004842613,0,2,2,2,0.6331951412571611,6.1522765
2025-11-17,-4.756170865585174,0,2,2,2,0.7277920865682692,3.5275803
2025-11-18,-3.8066466430089263,0,2,2,2,0.6902545037320167,4.932314
2025-11-19,-5.56900726392252,0,2,2,2,0.6929723742014992,4.9870863
2025-11-20,-6.404834072990317,0,2,2,2,0.7254766039668106,4.154229
2025-11-21,-6.219512195121957,0,2,2,1,0.3834341220721286,3.3810933
2025-11-24,-2.749999999999997,0,1,0,0,-0.43554933553026,-3.5497308
2025-11-25,-1.2995048255792008,1,1,0,0,-0.3234119221165854,-2.7414608
2025-11-26,-3.312883435582825,0,1,1,0,-0.11213731206044533,0.058847733
2025-11-27,-2.722772277227725,0,1,1,0,-0.17669487577266071,-1.3745011
2025-11-28,-3.703703703703709,0,1,0,0,-0.030471871758282337,-1.234277
2025-12-01,-1.0113780025284513,1,1,0,0,-0.6760917285177356,-2.3019052
2025-12-02,-2.1356783919597833,0,0,0,0,-0.6048901296373025,-2.406078
2025-12-03,-0.06410243470255095,1,0,0,0,-1.0493896412231387,-1.4182305
2025-12-05,0.7101357025807165,1,0,0,0,-1.2419023346568607,-2.41059
2025-12-08,0.39011703511053764,1,0,0,0,-1.2991868578557544,-2.8963504
2025-12-09,-0.7712082262210873,1,1,0,0,-0.8072372779396688,0.64104754
2025-12-10,-3.4482759842653254,0,1,2,1,-0.12100189819386856,1.6366585
2025-12-11,-1.522842639593902,1,1,1,0,-0.333779091468531,0.7709996
2025-12-12,-0.6997454186615681,1,1,1,0,-0.38269617890737595,0.8877018
2025-12-15,2.3076923076923217,2,1,1,0,-0.6124783803681638,0.6735933
2025-12-16,1.6602809706258048,2,0,1,1,-0.35025721392688336,-0.45742297
2025-12-17,2.9525032092426073,2,0,1,0,-0.4412663200482424,0.47455874
2025-12-18,2.758178186381155,2,0,0,1,-0.19656511019544767,0.848636
2025-12-19,7.564102564102559,2,1,0,1,-0.04046119720739852,0.34777492
2025-12-22,10.362694300518127,2,1,0,1,-0.1754493202445506,0.8047359
2025-12-23,10.362694300518127,2,1,1,1,-0.24114497009196853,-0.17451464
2025-12-24,10.584415453335062,2,1,0,0,-0.3422680279614405,-0.24501805
2025-12-26,8.762886597938135,2,1,0,1,-0.027609094148263152,0.9974358
2025-12-29,8.13581023812473,2,1,2,1,0.19786521341076735,0.10361383
2025-12-30,5.263157894736836,2,1,2,2,0.8340329048816579,5.5022664
2025-12-31,6.030150753768848,2,1,2,2,0.7405140990947535,2.2426627
2026-01-02,5.2369077306733125,2,1,2,2,0.9049018746535157,1.1890137
2026-01-05,5.118601747815221,2,1,2,2,0.7876407704541243,3.9680312
2026-01-06,1.3110846245530494,1,2,1,2,1.8679337883405236,1.6670201
2026-01-07,1.4084507042253724,1,2,0,2,2.376356087332198,0.28240192
2026-01-08,1.6431924882629234,2,2,0,2,2.2682171118663437,0.63113654
2026-01-09,1.4679977714782133,1,2,2,2,2.1255597989444888,3.3873885
2026-01-12,2.369668246445511,2,2,2,2,1.6785040885580902,4.6828327
2026-01-13,1.4218009478673022,1,2,2,2,1.5165090755775277,6.9432178
2026-01-14,1.8452382153952618,2,2,2,2,1.2117219538467363,1.676073
2026-01-16,1.1848341232227444,1,2,2,2,1.3351057550282894,1.1251773
2026-01-19,0.7109004739336511,1,2,2,2,1.2758584452636128,2.6672518
2026-01-20,0.8313539192399189,1,2,2,2,1.1912068291999485,3.0931182
2026-01-21,-0.2941177658023708,1,1,1,1,1.1808701984647159,0.23354836
2026-01-22,-0.6944444444444531,1,1,2,1,1.4058993244384856,2.8707147
2026-01-23,-0.9237875288683695,1,1,0,2,1.3584941179546628,1.5353198
2026-01-26,-0.6944444444444531,1,1,0,1,1.1401122095697966,-0.8271212
2026-01-27,-0.6365739572546159,1,1,2,2,1.0517291740869725,0.9330438
2026-01-28,0.4672897196261738,1,1,1,1,0.6747721944670255,0.3159537
2026-01-29,2.8053767332606228,2,0,0,2,0.5877432931540227,0.2819038
2026-01-30,6.088992974238883,2,1,2,1,0.47138282332125114,0.9206608
2026-02-02,6.352941176470583,2,1,2,1,0.3193153151477249,0.46888238
2026-02-03,7.420494699646629,2,1,0,1,0.27047492963897657,-0.12753615
2026-02-05,7.492625496748628,2,1,1,1,0.07900634511484297,0.23468117
2026-02-06,6.060606060606077,2,1,2,1,0.2960377878689372,2.1905794
2026-02-09,6.759906759906764,2,1,2,1,0.30727940491208156,2.1380985
2026-02-10,6.177156177156173,2,1,2,1,0.29242196697311695,2.9700058
2026-02-11,5.9988350530148615,2,1,1,1,0.25389259709731093,2.4103518
2026-02-12,4.476744303409319,2,1,1,1,0.32804005552064824,2.290321
2026-02-13,1.6486641302968064,2,1,2,2,0.8384758352337284,2.0875049
2026-02-16,-5.518763796909498,0,2,0,2,1.6219142581539603,-1.4248065
2026-02-17,-4.6460176991150455,0,2,2,2,1.5694685084130091,2.6890562
2026-02-18,-5.208333444004387,0,2,2,2,1.6618265898388997,-0.2987622
2026-02-19,-5.7628978035872525,0,2,2,2,1.5332777762937722,0.47509024
2026-02-20,-8.901098901098903,0,2,2,2,1.295281458544782,2.2643895
2026-02-23,-6.713973688938857,0,2,2,2,1.413490548068254,0.3983587
2026-02-24,-6.586169045005475,0,2,0,2,1.2578083061195262,-1.09976
2026-02-25,-7.912087912087928,0,2,0,2,1.1870716684729892,-0.068856455
2026-02-26,-8.06900399865087,0,2,0,2,0.8159949757980118,0.1439282
2026-02-27,-10.738255033557053,0,1,0,2,0.5130248187711874,0.9043787
2026-03-03,-7.59345794392523,0,0,0,0,-0.7254894868053516,2.2180467
2026-03-04,-7.8886310904872525,0,0,0,0,-0.629035095485589,-3.5792925
2026-03-05,-9.196066984788631,0,0,0,0,-0.5188971624509874,-0.8673336
2026-03-06,-8.619685487827578,0,1,0,0,-0.6288279263964256,-2.1171227
2026-03-09,-5.9107358262967535,0,0,2,0,-1.430590642422802,-3.4796789
2026-03-10,-5.909888935011165,0,0,0,0,-0.8414266821756466,-5.575449
2026-03-11,-1.762632197414804,0,0,0,0,-0.8279762279995098,-2.6418514
2026-03-12,-3.051537081958955,0,0,0,0,-1.2142349153972616,-2.7258427
2026-03-13,-1.7030582432076113,0,0,2,0,-1.5066195861488483,-2.6194155
2026-03-16,2.0050125313283207,2,0,2,0,-2.2938482282161226,-12.574333
2026-03-17,3.6662452591656125,2,0,0,0,-2.2019563031455704,-16.474173
2026-03-18,1.440479727333699,1,0,2,0,-1.9641737875356438,-4.3375874
2026-03-19,1.832036772782808,2,0,0,0,-2.0276618055080045,-4.424417
2026-03-20,2.2185835294137535,2,0,0,0,-1.8504883045214717,-4.1212144
2026-03-23,7.531406546512032,2,0,0,0,-1.5753935864472393,-5.5101027
2026-03-24,3.9449018505536726,2,0,0,0,-0.9052978918952879,-6.4445353
2026-03-25,-0.7582427619895804,1,2,0,0,0.20654328532487645,-1.1024219
2026-03-26,2.866578725349367,2,0,0,0,-0.2919397688290305,-0.7944573
2026-03-27,3.1779617761005685,2,0,0,0,-0.30844660508924415,-5.46128
2026-03-30,2.5439423608113243,2,0,0,2,0.04887653328461597,-1.9634268
2026-03-31,1.8551647375277813,2,0,0,2,0.27977842660371244,-2.2912872
2026-04-02,3.5087719298245723,2,0,0,1,-0.09387763592738876,-2.1753256
2026-04-06,3.7878787878787845,2,0,0,2,-0.12245069431191943,-0.9665478
2026-04-07,3.461296412838255,2,0,0,2,0.0574421171482081,-1.5479196
2026-04-08,-1.3838748495788256,1,2,2,2,1.3025370165747825,3.0368135
2026-04-09,-1.0869565217391353,1,2,2,2,1.1806552284001985,5.647961
2026-04-10,-0.48661800486617945,1,2,0,1,0.745282116507565,0.44654503
2026-04-15,-0.9661835748792313,1,2,2,2,1.0694483638443109,1.1128018
2026-04-16,-1.2650602409638556,1,2,2,2,1.0761870886104075,0.9188822
2026-04-17,-0.9068923821039854,1,2,1,2,0.8598350154992196,2.5852683
2026-04-20,-0.7854984894259842,1,2,0,2,0.7763492733475276,0.2638902
2026-04-21,0.2421307506053294,1,2,2,2,0.8376147469405315,1.3470995
2026-04-22,0.6082725060827299,1,0,0,2,0.7230189541560719,-0.4780539
2026-04-23,1.7031630170316392,2,0,2,2,0.6712923254619624,0.18968658
2026-04-24,1.7693715680292765,2,0,2,1,0.4134017561078396,3.3484428
2026-04-27,1.5873015873015817,2,0,2,1,0.36784627365103073,3.6591916
2026-04-28,1.2224938875305513,1,1,2,1,0.366698180885123,2.6872873
2026-04-29,0.7317073170731714,1,1,2,1,0.34962749328714066,1.8007033
2026-04-30,0.5491153142159755,1,1,1,1,0.30799968418856183,1.2067404
2026-05-04,-0.4270896888346587,1,1,1,1,0.30875368015956006,0.98826593
2026-05-05,-1.0962241169305775,1,1,1,1,0.32844830572455097,2.9807606
2026-05-06,-2.958937198067635,0,1,2,1,0.48248278850215076,2.3284369
2026-05-07,-3.2648125755743607,0,1,2,1,0.4525789700248939,2.1773982
2026-05-08,-4.066985645933019,0,1,1,2,0.6467641803337723,-0.30158156
2026-05-11,-3.1175059952038398,0,1,1,2,0.4886769249164187,2.1266098
2026-05-12,-3.8461538461538436,0,1,1,2,0.3911917625569503,1.4893883
2026-05-13,-3.4420289855072506,0,1,1,1,0.2410971260608915,2.1032488
2026-05-14,-3.3898305084745783,0,1,0,1,0.14725095788316359,-1.9491463
2026-05-15,-3.6407766990291246,0,1,0,1,0.10522586146577967,-3.4552195
2026-05-18,-2.8186274509803932,0,1,0,1,-0.1111765367241713,-2.2025845
2026-05-19,-2.7709359605911366,0,1,0,1,-0.2253422507939917,-2.798914
2026-05-20,-2.6757934038581177,0,1,0,0,-0.48816695570915014,-4.8900647
2026-05-21,-2.0000000000000018,0,1,0,0,-0.5646078838414447,-5.4921293
2026-05-22,-2.244389027431426,0,1,0,0,-0.4979215277830644,-3.1117642
2026-05-25,-2.970297029702973,0,1,0,0,-0.26820093553983304,-0.60708827
2026-05-26,-2.2499999999999964,0,1,1,0,-0.45908644034344004,-0.6282807
2026-05-27,-2.6891807379612276,0,1,1,0,-0.46905144624387907,-0.06624497
2026-05-29,-0.5639097744360888,1,1,1,0,-0.49908872440513763,-1.3408178
2026-06-01,1.7632241813602123,2,1,1,0,-0.6047293587733455,-1.0440596
2026-06-02,1.8915510718789497,2,1,1,0,-0.5526139117630006,-0.8599107
2026-06-03,2.2799240025332512,2,1,1,0,-0.588092952815927,-1.6226277
2026-06-04,3.069053708439906,2,1,0,0,-0.7132249703528053,-3.5105882
2026-06-05,2.0408163265306145,2,1,1,0,-0.5781224994705796,-1.4833356
2026-06-08,2.933673469387754,2,1,0,0,-0.5178877757126065,-2.374522
2026-06-09,2.8061224489795977,2,1,0,0,-0.4811574793591188,-1.5573508
2026-06-10,2.5575447570332477,2,1,0,0,-0.40641693307597193,-1.7902193
2026-06-11,3.7275064267352276,2,1,0,0,-0.4851454393385285,-4.192934
2026-06-12,1.5752993068683052,1,1,0,1,0.023690329156546425,0.36913344
2026-06-15,0.0,1,1,2,2,0.5983339172856398,4.5801897
2026-06-16,-0.7425742574257432,1,1,2,2,0.6318551164708437,2.836327
2026-06-17,-0.804953560371513,1,1,2,2,0.6017837398323478,2.8904617
2026-06-18,-0.7444168734491274,1,1,2,2,0.5648429300518666,1.0980186
2026-06-19,-0.24999999999999467,1,1,1,2,0.3044963912189299,-0.37214935
2026-06-22,-1.486988847583648,1,1,1,2,0.5151249549214042,1.4861419
2026-06-23,-1.8610421836228297,0,1,1,2,0.5431734986911779,1.8079038
2026-06-24,-1.2468827930174564,1,1,1,2,0.44515014313241197,0.821726
2026-06-25,-1.6109045848822778,0,1,1,2,0.658104837428713,1.2128055
2026-06-26,-2.2332506203473934,0,1,1,1,0.5433294820386985,0.6251732
2026-06-30,-2.7846534653465316,0,1,1,1,0.4967214520645239,1.4090666
2026-07-01,-2.7431421446383997,0,1,1,1,0.29269424577002484,0.90968204
2026-07-02,-2.621722846441943,0,1,2,1,0.21875499270342813,1.1919084
2026-07-03,-2.749999999999997,0,1,2,1,0.1656362382067659,1.5508866
2026-07-06,-3.508771929824561,0,1,1,1,0.14921938759270964,0.72681797
2026-07-07,-3.396226415094339,0,1,1,1,0.005726339928966123,0.8344539
2026-07-08,-2.6548672566371723,0,1,1,0,-0.12291997788308415,0.24575165
2026-07-09,-2.020202020202022,0,1,1,1,-0.07529782352812561,1.344992
2026-07-10,-3.0226700251889116,0,1,1,0,-0.05006563956284968,0.19262217
2026-07-13,-2.030456852791873,0,1,1,0,-0.24846126541933214,-1.1498414
